GEOID,town_name,median_income,median_income_moe
5000100325,Addison town,106667.0,7181.0
5000108575,Bridport town,83214.0,17776.0
5000109025,Bristol town,74620.0,8110.0
5000116000,Cornwall town,114583.0,32017.0
5000126300,Ferrisburgh town,106989.0,21771.0
5000128600,Goshen town,56250.0,32508.0
5000129575,Granville town,60500.0,20870.0
5000131525,Hancock town,76250.0,33926.0
5000139325,Leicester town,70417.0,30423.0
5000140075,Lincoln town,96667.0,17954.0
5000144350,Middlebury town,86169.0,15744.0
5000145550,Monkton town,119688.0,27982.0
5000148700,New Haven town,92321.0,16922.0
5000153725,Orwell town,70417.0,22458.0
5000153950,Panton town,86667.0,9614.0
5000159650,Ripton town,112917.0,14750.0
5000162575,Salisbury town,99688.0,21381.0
5000165050,Shoreham town,93654.0,22931.0
5000170075,Starksboro town,82188.0,15313.0
5000174650,Vergennes city,76587.0,12755.0
5000176075,Waltham town,97500.0,13819.0
5000183275,Weybridge town,118083.0,18342.0
5000183800,Whiting town,91250.0,37709.0
5000301450,Arlington town,102308.0,10759.0
5000304825,Bennington town,59446.0,7440.0
5000317725,Dorset town,111250.0,40453.0
5000327962,Glastenbury town,,
5000339025,Landgrove town,195938.0,166849.0
5000342850,Manchester town,94886.0,22757.0
5000355000,Peru town,151875.0,82732.0
5000357025,Pownal town,64163.0,21076.0
5000358600,Readsboro town,55268.0,12352.0
5000361000,Rupert town,88229.0,35873.0
5000362875,Sandgate town,69167.0,18993.0
5000363175,Searsburg town,61071.0,49326.0
5000363550,Shaftsbury town,86071.0,24478.0
5000369775,Stamford town,88646.0,9226.0
5000371425,Sunderland town,88523.0,15919.0
5000385075,Winhall town,95500.0,23228.0
5000385675,Woodford town,81250.0,20487.0
5000502875,Barnet town,67386.0,15221.0
5000510450,Burke town,87143.0,17233.0
5000517125,Danville town,70946.0,7023.0
5000530550,Groton town,77250.0,13883.0
5000531825,Hardwick town,92297.0,17316.0
5000537900,Kirby town,54792.0,21199.0
5000541725,Lyndon town,68786.0,5785.0
5000547725,Newark town,72929.0,6654.0
5000554400,Peacham town,90000.0,28387.0
5000561525,Ryegate town,66484.0,14558.0
5000562200,St. Johnsbury town,57738.0,9123.0
5000564075,Sheffield town,58333.0,26066.0
5000569925,Stannard town,66979.0,30024.0
5000571575,Sutton town,71250.0,17627.0
5000575700,Walden town,88000.0,14593.0
5000577125,Waterford town,109375.0,18521.0
5000583500,Wheelock town,64792.0,19502.0
5000706550,Bolton town,111125.0,17013.0
5000710300,Buels gore,71250.0,29215.0
5000710675,Burlington city,71109.0,4193.0
5000713300,Charlotte town,144375.0,27387.0
5000714875,Colchester town,97891.0,8720.0
5000724175,Essex town,110199.0,14119.0
5000724400,Essex Junction city,89257.0,16233.0
5000733475,Hinesburg town,112539.0,17526.0
5000734600,Huntington town,94497.0,2859.0
5000736700,Jericho town,116923.0,16162.0
5000745250,Milton town,118977.0,9633.0
5000759275,Richmond town,108235.0,23710.0
5000762050,St. George town,109464.0,33858.0
5000764300,Shelburne town,115963.0,15767.0
5000766175,South Burlington city,106667.0,12797.0
5000773975,Underhill town,92267.0,54188.0
5000780350,Westford town,112750.0,12264.0
5000784475,Williston town,106967.0,11875.0
5000785150,Winooski city,79522.0,11330.0
5000902125,Averill town,,
5000902162,Avery's gore,,
5000906325,Bloomfield town,54375.0,17429.0
5000908725,Brighton town,47375.0,21292.0
5000910075,Brunswick town,128125.0,32976.0
5000911800,Canaan town,55606.0,3733.0
5000915250,Concord town,73304.0,9320.0
5000921250,East Haven town,38438.0,31249.0
5000925975,Ferdinand town,13849.0,172.0
5000929125,Granby town,57083.0,51231.0
5000930775,Guildhall town,115000.0,45985.0
5000939700,Lemington town,55000.0,42437.0
5000939775,Lewis town,,
5000941425,Lunenburg town,53125.0,8642.0
5000942475,Maidstone town,85833.0,31928.0
5000952750,Norton town,65625.0,23493.0
5000975175,Victory town,,
5000976337,Warner's grant,,
5000976562,Warren's gore,,
5001102500,Bakersfield town,83462.0,18450.0
5001105425,Berkshire town,71406.0,21049.0
5001124050,Enosburgh town,63828.0,17162.0
5001124925,Fairfax town,128963.0,29451.0
5001125225,Fairfield town,87019.0,21892.0
5001126500,Fletcher town,105833.0,9059.0
5001127100,Franklin town,79917.0,20711.0
5001127700,Georgia town,105011.0,8635.0
5001133025,Highgate town,81017.0,14337.0
5001145850,Montgomery town,53289.0,24023.0
5001159125,Richford town,56853.0,12600.0
5001161675,St. Albans city,57980.0,7287.0
5001161750,St. Albans town,90060.0,18679.0
5001164600,Sheldon town,78533.0,24942.0
5001171725,Swanton town,81371.0,13820.0
5001300860,Alburgh town,76429.0,22453.0
5001329275,Grand Isle town,100846.0,22253.0
5001335875,Isle La Motte town,82500.0,17030.0
5001350650,North Hero town,102143.0,23525.0
5001367000,South Hero town,127434.0,15007.0
5001504375,Belvidere town,81563.0,18037.0
5001511500,Cambridge town,72344.0,19222.0
5001523500,Eden town,83578.0,8097.0
5001523725,Elmore town,98750.0,24182.0
5001535050,Hyde Park town,84375.0,9346.0
5001537075,Johnson town,55346.0,13623.0
5001546675,Morristown town,66273.0,4629.0
5001570525,Stowe town,93618.0,32786.0
5001577425,Waterville town,71250.0,26670.0
5001585375,Wolcott town,70259.0,9723.0
5001707375,Bradford town,108162.0,14712.0
5001707600,Braintree town,79803.0,4855.0
5001709325,Brookfield town,98500.0,22893.0
5001713525,Chelsea town,65913.0,13458.0
5001715700,Corinth town,89167.0,28699.0
5001725675,Fairlee town,74760.0,10174.0
5001748175,Newbury town,62316.0,6493.0
5001753425,Orange town,71302.0,12803.0
5001758075,Randolph town,76758.0,5867.0
5001770675,Strafford town,110833.0,18827.0
5001772400,Thetford town,88045.0,16316.0
5001773075,Topsham town,72308.0,60425.0
5001773675,Tunbridge town,89464.0,25951.0
5001774950,Vershire town,71618.0,12134.0
5001776750,Washington town,66103.0,7803.0
5001779975,West Fairlee town,76500.0,16290.0
5001784175,Williamstown town,94418.0,10435.0
5001900475,Albany town,59167.0,13730.0
5001903550,Barton town,66250.0,15713.0
5001909850,Brownington town,75556.0,17399.0
5001913150,Charleston town,49286.0,16836.0
5001916150,Coventry town,59342.0,2936.0
5001916300,Craftsbury town,83672.0,15569.0
5001917350,Derby town,80250.0,7555.0
5001928075,Glover town,73839.0,17597.0
5001930175,Greensboro town,91750.0,18139.0
5001933775,Holland town,60729.0,16361.0
5001935575,Irasburg town,98534.0,12557.0
5001936325,Jay town,74792.0,24785.0
5001940525,Lowell town,57404.0,14569.0
5001946450,Morgan town,91250.0,24867.0
5001948850,Newport city,54646.0,11996.0
5001948925,Newport town,71202.0,10679.0
5001973525,Troy town,87938.0,11397.0
5001980200,Westfield town,72500.0,30413.0
5001981700,Westmore town,87188.0,11376.0
5002105200,Benson town,78625.0,8146.0
5002107750,Brandon town,64180.0,12058.0
5002111950,Castleton town,73854.0,22842.0
5002114350,Chittenden town,106250.0,27864.0
5002114500,Clarendon town,59609.0,11945.0
5002116825,Danby town,77321.0,13471.0
5002125375,Fair Haven town,62404.0,15631.0
5002134450,Hubbardton town,102321.0,17794.0
5002135425,Ira town,71827.0,5034.0
5002137685,Killington town,81250.0,38998.0
5002144125,Mendon town,100524.0,22729.0
5002144800,Middletown Springs town,82000.0,11717.0
5002147200,Mount Holly town,78015.0,19089.0
5002147425,Mount Tabor town,,
5002154250,Pawlet town,62273.0,13726.0
5002155450,Pittsfield town,65852.0,11635.0
5002155600,Pittsford town,69705.0,6506.0
5002156875,Poultney town,72617.0,5782.0
5002157250,Proctor town,74167.0,11786.0
5002161225,Rutland city,57675.0,8240.0
5002161300,Rutland town,72099.0,16534.0
5002165275,Shrewsbury town,91250.0,23153.0
5002171050,Sudbury town,100208.0,32989.0
5002172925,Tinmouth town,79219.0,36627.0
5002175925,Wallingford town,80230.0,15356.0
5002177950,Wells town,75417.0,11001.0
5002180875,West Haven town,85250.0,28991.0
5002182300,West Rutland town,61161.0,27057.0
5002303175,Barre city,65625.0,6517.0
5002303250,Barre town,93210.0,8984.0
5002305650,Berlin town,86691.0,20689.0
5002311125,Cabot town,77031.0,16166.0
5002311350,Calais town,100625.0,27461.0
5002318550,Duxbury town,105208.0,24886.0
5002321925,East Montpelier town,92778.0,20811.0
5002325825,Fayston town,110250.0,27966.0
5002343600,Marshfield town,60313.0,9504.0
5002344500,Middlesex town,109632.0,13486.0
5002346000,Montpelier city,81030.0,6037.0
5002346225,Moretown town,104423.0,6875.0
5002350275,Northfield town,71768.0,13486.0
5002355825,Plainfield town,69250.0,31481.0
5002360625,Roxbury town,73214.0,22349.0
5002375325,Waitsfield town,84375.0,34128.0
5002376525,Warren town,86905.0,16379.0
5002376975,Waterbury town,103917.0,22843.0
5002385525,Woodbury town,84545.0,16348.0
5002386125,Worcester town,73833.0,18237.0
5002501900,Athens town,68438.0,30472.0
5002507900,Brattleboro town,58241.0,8266.0
5002509475,Brookline town,80833.0,15948.0
5002517875,Dover town,52313.0,6562.0
5002518325,Dummerston town,101696.0,21365.0
5002528900,Grafton town,76111.0,7381.0
5002530925,Guilford town,75243.0,6268.0
5002531150,Halifax town,63889.0,7124.0
5002536175,Jamaica town,79219.0,19072.0
5002540225,Londonderry town,85179.0,21356.0
5002543375,Marlboro town,77135.0,10265.0
5002548400,Newfane town,66719.0,20735.0
5002557700,Putney town,79706.0,18362.0
5002560250,Rockingham town,70857.0,16152.0
5002565762,Somerset town,,
5002570750,Stratton town,122708.0,33350.0
5002573300,Townshend town,78750.0,28645.0
5002574800,Vernon town,85682.0,9380.0
5002576225,Wardsboro town,62000.0,6480.0
5002581400,Westminster town,71491.0,3579.0
5002583950,Whitingham town,70625.0,10782.0
5002584700,Wilmington town,70000.0,22642.0
5002584850,Windham town,94500.0,11966.0
5002701300,Andover town,102500.0,37746.0
5002702575,Baltimore town,107500.0,15622.0
5002702725,Barnard town,97581.0,19059.0
5002705800,Bethel town,75822.0,7137.0
5002708275,Bridgewater town,70272.0,3460.0
5002712250,Cavendish town,89063.0,28784.0
5002713675,Chester town,62125.0,7868.0
5002732275,Hartford town,78125.0,6517.0
5002732425,Hartland town,86136.0,22743.0
5002741275,Ludlow town,54885.0,14422.0
5002752900,Norwich town,140313.0,12023.0
5002756050,Plymouth town,87614.0,8132.0
5002756350,Pomfret town,84229.0,7929.0
5002758375,Reading town,85000.0,18958.0
5002760100,Rochester town,72676.0,8052.0
5002760850,Royalton town,103938.0,24252.0
5002763775,Sharon town,84375.0,16539.0
5002769550,Springfield town,66571.0,12881.0
5002770375,Stockbridge town,77109.0,11753.0
5002777500,Weathersfield town,83095.0,11951.0
5002782000,Weston town,115000.0,19696.0
5002783050,West Windsor town,108750.0,18461.0
5002784925,Windsor town,52484.0,10799.0
5002785975,Woodstock town,120938.0,29034.0
