GEOID,town_name,median_income,median_income_moe,percent_elderly,percent_elderly_moe,median_year_house_built,median_year_house_built_moe,pct_no_vehicle,pct_no_vehicle_moe,pct_renter_occupied,pct_renter_occupied_moe,pct_bachelors_or_higher,pct_bachelors_or_higher_moe,pct_below_poverty,pct_below_poverty_moe,percent_with_disability,percent_with_disability_moe,pct_mobile_home,pct_mobile_home_moe
5000100325,Addison town,106667,7181,27.148936170212767,6.32232404285933,1980,6,0.6122448979591837,0.8195369894697867,10.816326530612246,5.260227016158163,40.201567749160134,8.576477396596806,4.51063829787234,3.394276543403608,11.063829787234042,3.756212908335365,8.99390243902439,4.696541317694722
5000108575,Bridport town,83214,17776,24.291497975708502,6.468953523622528,1978,6,1.509433962264151,1.3443232160860015,17.92452830188679,9.354012129854047,34.825327510917035,9.700377240954413,4.4189852700491,3.835924478854466,13.360323886639677,5.285432984596836,9.146341463414634,5.803389499622703
5000109025,Bristol town,74620,8110,21.942826892535734,4.833447209138964,1976,5,6.125738850080602,3.896236093198597,28.694250403009136,8.033231964280235,41.88006482982172,7.705230892214633,10.08515167642363,5.482154168952672,18.706758914316126,6.606141765119386,8.971668415529905,5.914073063000272
5000116000,Cornwall town,114583,32017,25.662251655629138,6.107244199621314,1976,7,1.0162601626016259,1.6380627743853566,5.691056910569105,2.866134013449292,54.73118279569893,13.222747198383736,0.8340283569641368,0.6009825285816363,9.850993377483444,4.211954019701344,7.829181494661921,6.211285113162926
5000126300,Ferrisburgh town,106989,21771,23.299511461856444,3.794391278241664,1968,6,2.9493087557603688,3.3260074366634877,14.654377880184333,6.734519671071275,51.10663983903421,8.32022470397325,2.2172115745960164,1.428104822925042,16.27207816610297,4.470368798328556,4.076086956521739,2.8666662999507366
5000128600,Goshen town,56250,32508,37.32394366197183,19.223884341613743,1978,7,2.857142857142857,4.355314341745064,0.0,14.285714285714285,42.27642276422765,23.474415718568054,16.19718309859155,15.510566549684818,17.6056338028169,19.197136562088684,4.545454545454546,3.780257798070879
5000129575,Granville town,60500,20870,18.357487922705314,7.728004300801975,1974,4,1.4563106796116505,1.9890574473121234,12.62135922330097,8.184688428928862,30.606060606060602,12.67126132894031,6.038647342995169,4.1412158244806365,5.314009661835748,7.191335007964271,14.285714285714285,15.648440120477783
5000131525,Hancock town,76250,33926,19.770114942528735,8.063336212371246,1972,34,0.9523809523809524,1.4761817681244838,40.476190476190474,39.05519006088357,34.285714285714285,18.16014362075726,5.607476635514018,4.015994907722658,13.145539906103288,8.011931080170138,6.557377049180328,4.745251473439736
5000139325,Leicester town,70417,30423,24.463937621832358,8.415285051356705,1981,3,3.7444933920704844,2.716482084878676,14.537444933920703,7.456747227314785,35.851318944844124,10.921492728051154,11.793372319688109,8.84866738998996,12.280701754385964,4.989305736309933,7.571428571428572,3.1817605189580185
5000140075,Lincoln town,96667,17954,22.309899569583933,4.616144177274345,1977,5,3.2871972318339098,2.107789100062733,11.937716262975778,3.8661983524046954,43.48239771646051,8.767949968987844,7.476635514018691,3.6198247320907226,12.365204888569375,4.147501877215628,5.037037037037037,3.0073690434325653
5000144350,Middlebury town,86169,15744,20.74114441416894,2.5566151326614457,1976,4,10.876565295169947,4.342870552386011,34.883720930232556,6.670831445633457,55.387446329993864,6.4914106855731,10.654685494223363,2.9056223110155504,18.115218115218116,2.883177998606851,1.557632398753894,1.5594707051918717
5000145550,Monkton town,119688,27982,20.210105052526263,5.003710199841348,1988,6,0.0,1.1806375442739079,3.4238488783943333,2.8616507477556814,50.0,12.872507589544613,4.202101050525263,3.012926244149005,10.893574297188755,5.247286307835303,2.5442477876106198,1.7912733897324575
5000148700,New Haven town,92321,16922,22.209821428571427,4.2061811866657,1981,5,1.797175866495507,1.301503520072675,21.822849807445444,8.009382033370088,31.775700934579437,5.867724427631249,3.125,1.167748119836657,14.899553571428573,4.234659075342097,12.484848484848484,7.054012273797801
5000153725,Orwell town,70417,22458,24.034003091190108,5.819594302853429,1982,4,3.0828516377649327,2.156501805306953,12.716763005780345,6.940681465156697,22.104144527098832,5.892207039464557,10.825545171339563,5.895433420353952,12.208398133748057,4.660512007156462,5.487804878048781,3.4118436827952277
5000153950,Panton town,86667,9614,16.666666666666664,5.199299909607816,1974,10,4.924242424242424,4.6124696245938575,16.28787878787879,9.453000714469443,35.051546391752574,10.457471077264458,3.2023289665211063,2.685108994779984,15.942028985507244,6.508708034409818,0.6006006006006006,0.9052253134730117
5000159650,Ripton town,112917,14750,30.511811023622048,12.62679114523706,1973,5,0.0,5.347593582887701,9.090909090909092,7.413988215701679,47.98850574712644,25.301954371036985,8.57843137254902,8.232558447364417,20.078740157480315,11.735213427160618,0.684931506849315,1.377073796548781
5000162575,Salisbury town,99688,21381,30.416666666666664,8.946929541765078,1967,10,2.9723991507431,3.011857930502843,11.252653927813164,7.038702703223231,34.56659619450317,12.076071010250278,4.639175257731959,2.9857566750724813,11.082474226804123,4.179957431481317,6.116642958748222,3.64138288172306
5000165050,Shoreham town,93654,22931,26.083530338849485,7.0809095394509445,1979,7,2.0220588235294117,2.224853914388501,19.11764705882353,8.540103131215423,36.15537848605578,9.379954904913419,8.2864038616251,5.234097358210613,15.36643026004728,5.630791990552993,10.655737704918032,5.152678472426935
5000170075,Starksboro town,82188,15313,17.43166580711707,4.314462538396392,1986,4,3.698435277382646,2.4563858151857394,8.677098150782362,4.524334893658093,39.27765237020316,9.245050532945353,6.962351727694688,3.6183378759758376,15.110881897885509,4.7164244199868595,27.577639751552795,7.131491662244326
5000174650,Vergennes city,76587,12755,21.598440545808966,4.74575725524912,1967,7,7.971656333038086,4.029715062233337,27.900797165633307,7.38373131267099,42.14099216710183,7.661468147613661,11.597633136094675,4.262145401690391,16.79178190438562,4.184731749484315,5.852842809364549,2.874513589571958
5000176075,Waltham town,97500,13819,45.35398230088495,13.841900040983521,1986,3,0.9803921568627451,1.9726745295776833,13.725490196078432,10.260786244900856,39.010989010989015,13.230721991045993,5.3097345132743365,3.923137431932907,13.716814159292035,6.753429634193828,17.431192660550458,12.043306205568758
5000183275,Weybridge town,118083,18342,25.224071702944943,6.908501393122457,1976,4,0.0,3.0211480362537766,16.314199395770395,9.806629282876715,58.540630182421225,16.401467922858405,11.395646606914212,6.706873271416212,9.73111395646607,4.339686668538451,3.2085561497326207,1.9457697758143961
5000183800,Whiting town,91250,37709,12.969924812030076,5.101202599234476,1975,14,17.050691244239633,19.678313879203273,34.56221198156682,28.960219979480655,25.916230366492147,12.658518849892483,11.462450592885375,9.094506201522682,16.541353383458645,12.525959302219864,11.210762331838566,6.83552661925532
5000301450,Arlington town,102308,10759,20.70823710546574,5.316486150736472,1966,6,3.4722222222222223,3.043331688828812,15.972222222222221,5.6116386557182,55.90885002649708,13.450354586597296,7.459207459207459,2.998787826682608,10.931485758275597,3.646002121994739,3.3734939759036147,2.5104046703867215
5000304825,Bennington town,59446,7440,25.18197914617352,2.8176260879640225,1961,4,13.699276502044668,4.633478329387343,41.55394778232148,6.676238523490744,36.863873404064016,4.805268662652493,13.194301053066281,3.745928652554569,22.49256555825899,3.3098461951253046,5.38802343861655,1.7718303473713215
5000317725,Dorset town,111250,40453,21.892925430210326,6.3932772459750735,1972,7,2.5059665871121717,2.6469565614577117,9.307875894988067,5.166700940475623,72.08653175157013,17.258303531867387,11.233269598470363,5.601775162734057,9.27342256214149,4.262486796271075,2.209944751381215,2.630798945152512
5000327962,Glastenbury town,-,**,,,-,**,,,,,,,,,,,0.0,500.0
5000339025,Landgrove town,195938,166849,36.888888888888886,22.845346595264548,1979,5,1.8691588785046727,2.8853238988835583,5.607476635514018,7.750960432912361,91.20879120879121,41.14840361077164,0.4444444444444444,1.3413218393760222,1.3333333333333335,14.187273108112427,0.0,5.154639175257731
5000342850,Manchester town,94886,22757,25.746767721801163,4.555095217850311,1981,3,4.331348132106118,2.578676424185645,26.204656199242017,8.19523974676449,47.40433105903293,8.721213293190164,16.812964213369344,7.337700805205916,14.877335133918523,4.016226561651645,0.9803921568627451,0.7752270662009833
5000355000,Peru town,151875,82732,21.428571428571427,11.277227601733912,1981,3,0.0,5.9880239520958085,20.958083832335326,12.992912554289257,54.33673469387755,32.539773878857545,1.8433179723502304,1.9434759145298681,9.44700460829493,15.204998237393058,1.610541727672035,1.7686192065013115
5000357025,Pownal town,64163,21076,27.503828483920365,6.3458564149633006,1969,5,0.7806955287437899,1.2091647193404438,7.3811213626685594,5.235608287806519,28.210354667753773,7.629663680266853,8.637059724349157,4.380172246714068,11.393568147013783,4.1395562897224965,19.859961807765757,8.87661378424947
5000358600,Readsboro town,55268,12352,20.57001239157373,6.838907322644305,1972,4,7.179487179487179,4.807048502328658,23.589743589743588,11.876933212102776,26.6553480475382,9.117295017906685,7.347447073474471,3.502620736846324,15.737298636926889,6.447093632898221,4.5855379188712515,3.24647604741974
5000361000,Rupert town,88229,35873,42.30769230769231,17.379122849458607,1955,45,2.4390243902439024,2.523092005963633,6.2717770034843205,7.1638173295860765,30.555555555555557,13.631575626532715,5.970149253731343,5.013287682940009,11.834319526627219,7.692334386119335,2.4875621890547266,2.0521999733895844
5000362875,Sandgate town,69167,18993,25.97701149425287,11.312451306768766,1959,10,1.8867924528301887,2.0013841324514257,5.660377358490567,6.450761486890065,37.801608579088466,18.456280289430342,9.655172413793103,7.537177111417242,12.413793103448276,8.056592440049815,5.111821086261981,5.605908533008287
5000363175,Searsburg town,61071,49326,6.976744186046512,22.861676880301474,1983,6,0.0,20.0,0.0,20.0,29.213483146067414,24.115622004962272,0.0,7.751937984496124,13.953488372093023,25.14317148385807,9.859154929577464,14.506029193079769
5000363550,Shaftsbury town,86071,24478,21.790962018297755,4.836025531560955,1977,3,3.5937499999999996,4.1652254713589905,17.65625,7.971839725598779,40.93543046357616,11.837328096809317,9.602928752464095,5.326205136287878,13.612420293873026,4.502065889422542,3.510971786833856,2.9076255005197646
5000369775,Stamford town,88646,9226,20.456905503634477,4.500866850327345,1980,6,0.544959128065395,0.8204125280096463,4.632152588555858,2.7886232109449445,33.996937212863706,7.232215280338085,6.269592476489027,2.6443221464913806,9.968847352024921,3.6416200067443047,1.9955654101995564,2.231097212316521
5000371425,Sunderland town,88523,15919,16.706067769897555,4.774109417007943,1973,6,2.9484029484029484,2.9813342637743747,8.108108108108109,4.586522631935564,41.41546526867628,11.267632470368534,11.190476190476192,8.857117418340426,9.771473601260835,4.851383416246932,1.4311270125223614,1.621732345425435
5000385075,Winhall town,95500,23228,20.611702127659576,8.09336270291296,1982,2,0.0,3.546099290780142,19.50354609929078,13.782162453729255,67.41154562383612,23.420826582859945,5.319148936170213,5.564075568517509,12.5,7.676156494369963,4.318734793187348,2.451450984444501
5000385675,Woodford town,81250,20487,35.1063829787234,13.47404298872778,1974,6,4.098360655737705,4.176909713079697,4.098360655737705,4.983679482029215,31.983805668016196,13.76959298379687,6.382978723404255,5.844735297076901,17.375886524822697,11.846618162411433,10.163934426229508,6.1233725198235165
5000502875,Barnet town,67386,15221,28.787061994609164,6.4312689539499175,1974,6,2.6631158455392807,1.7602000653689935,20.10652463382157,7.457271938246899,35.58951965065502,9.017123582427782,8.194070080862534,3.6041912607443694,12.776280323450134,3.6415660569900346,12.357414448669202,4.549681044138076
5000510450,Burke town,87143,17233,21.716021260440392,5.089119274527644,1981,5,3.0249110320284696,3.9348013839801297,11.387900355871885,6.405731288751794,41.434689507494646,10.043372937951027,10.022779043280181,3.73130036785999,13.439635535307518,4.038586485215281,3.303964757709251,2.335338617133209
5000517125,Danville town,70946,7023,24.703389830508474,5.538790936301514,1976,10,8.740601503759398,9.458974966954317,15.88345864661654,11.073630535413075,32.76686139139671,8.778011441567749,5.2542372881355925,3.1489837259516653,21.694915254237287,7.3601189336430926,5.709754163362411,6.215253839239044
5000530550,Groton town,77250,13883,20.47569803516029,7.038225309243602,1981,15,6.993006993006993,8.768448869372312,5.594405594405594,5.508507699360372,38.05555555555556,15.765862537757066,6.8252326783867625,4.694005675053446,16.75284384694933,8.979833970137,5.323741007194244,3.677778391366578
5000531825,Hardwick town,92297,17316,26.981450252951095,5.931311710581849,1962,21,4.876219054763691,4.155480066270383,23.55588897224306,9.748763987739212,33.67122080211547,8.887050454705998,9.667571234735414,4.276409673955795,20.20236087689713,5.63222713879864,13.04075235109718,8.238608393973065
5000537900,Kirby town,54792,21199,19.17989417989418,9.001598368062384,1985,9,5.323193916349809,6.588451957476711,6.4638783269961975,3.756052927336615,32.3943661971831,11.2583799057247,21.296296296296298,17.273739276968588,5.026455026455026,4.06240946662671,16.845878136200717,16.585487606276068
5000541725,Lyndon town,68786,5785,21.82468694096601,3.837467107923314,1981,4,6.27977479428324,3.836244985871147,14.421827631009096,4.615004142619043,30.276774969915763,5.486600444609737,11.04639875752281,4.038465972536573,25.685242330731526,4.918599758186856,13.947797716150081,5.178485915892653
5000547725,Newark town,72929,6654,19.944979367262725,8.53958785781722,1980,5,0.684931506849315,1.377315503217767,9.246575342465754,7.7779260645019015,40.993788819875775,14.77234247762179,22.420907840440165,18.959628131034385,16.368638239339752,8.294719834617974,9.07504363001745,4.918353693352331
5000554400,Peacham town,90000,28387,33.59639233370913,10.599860903185327,1976,5,2.9268292682926833,3.708513711812131,23.902439024390244,10.295409020055295,48.92966360856269,15.169549202441205,10.597519729425029,6.505776731131578,12.013729977116705,6.315443888930193,0.7299270072992701,1.102802780160051
5000561525,Ryegate town,66484,14558,22.096317280453256,5.051030325727526,1949,14,4.044943820224719,4.75940833414329,15.280898876404494,7.347225684722904,29.088471849865954,9.452005602885082,14.542020774315393,7.157830244623494,13.314447592067987,4.791734117988936,6.208053691275168,3.9664277724117993
5000562200,St. Johnsbury town,57738,9123,21.131921824104236,3.572392700533917,1944,6,12.767911818738517,3.5696218559122097,40.4470300061237,5.642192945089865,30.309646685192536,5.24016045855715,16.824143280214358,4.333694978132258,18.11473127262601,3.1256929885732276,4.615817618913594,2.150948468072769
5000564075,Sheffield town,58333,26066,19.19720767888307,6.562336763932511,1987,7,7.142857142857142,8.04754085779681,16.26984126984127,10.374339086319848,27.06422018348624,9.461619632931974,6.631762652705062,5.049683661547664,10.12216404886562,6.270529248192306,18.13186813186813,9.593722405801373
5000569925,Stannard town,66979,30024,25.877192982456144,13.460827869187424,1977,4,3.8095238095238098,3.942647541907308,1.9047619047619049,2.9019415573400478,44.84536082474227,21.363370583773843,3.9473684210526314,2.862099222948345,10.087719298245613,12.704123427165195,14.685314685314685,9.85303627933757
5000571575,Sutton town,71250,17627,21.645569620253163,6.33325131937018,1979,5,0.0,2.7777777777777777,15.0,10.61808961915908,32.77870216306156,9.698150752298837,12.404092071611252,5.7380830958889435,15.796178343949045,6.106080733881258,13.480885311871226,6.595241842872179
5000575700,Walden town,88000,14593,20.443587270973964,5.823164684020232,1983,4,0.0,2.1551724137931036,6.25,2.9875397406827724,26.378896882494008,6.770351348163044,9.257473481195758,5.8368755822321345,10.318225650916105,4.28368790666397,8.148148148148149,4.889048507183546
5000577125,Waterford town,109375,18521,21.42298670836591,6.104150682197119,1980,3,3.5785288270377733,2.8287641446563554,0.9940357852882704,1.2010668265928999,41.04104104104104,12.025377589278271,6.980392156862745,4.622952519769787,9.169278996865204,4.085969314983992,2.797202797202797,2.6492738031199567
5000583500,Wheelock town,64792,19502,29.428172942817294,9.560482685574977,1989,7,2.4734982332155475,2.186150853399017,2.1201413427561837,2.863555693510648,34.8747591522158,13.612937557325008,8.708272859216255,5.3833547822142895,12.861271676300579,6.6847658774728185,19.45137157107232,8.527949069189948
5000706550,Bolton town,111125,17013,6.706792777300086,2.984784362268683,1986,2,0.7299270072992701,1.1034525407094553,18.43065693430657,10.27321403580856,58.3941605839416,15.761589483720323,2.9234737747205504,2.281929584914527,8.448275862068966,3.8724328702788386,9.467455621301776,4.112710032236892
5000710300,Buels gore,71250,29215,73.68421052631578,168.78377983153737,1995,2,7.6923076923076925,17.200522903844536,0.0,76.92307692307693,88.23529411764706,141.246844526553,0.0,52.63157894736842,15.789473684210526,167.91753900536318,0.0,76.92307692307693
5000710675,Burlington city,71109,4193,12.13430330162283,1.0834840986906529,1957,3,13.168418647166364,2.23472616252572,58.483775137111515,3.711476538624808,60.46763639394823,4.128710619718528,20.45349249175592,2.386318277681452,13.652046453940692,1.402474299402091,0.8794734222025554,0.6256601478275932
5000713300,Charlotte town,144375,27387,22.318692543411643,5.19039008525449,1982,5,6.585500830105147,5.230257699833938,4.537908135030437,3.0666328979430064,66.2276258020939,11.219364274435573,3.7027579162410627,2.8346765793111546,8.682328907048008,3.0591593197803126,1.2869399428026693,1.4816717694687145
5000714875,Colchester town,97891,8720,17.94537624660018,2.1115023905547483,1981,3,6.316976875352511,2.4146979257511645,25.87422447828539,4.124422955817901,40.80770530584657,5.033206571140087,6.9671627106137,1.8756461556420623,12.147777082028805,2.0831806983928196,9.206672609193939,2.4488993966399906
5000724175,Essex town,110199,14119,19.946161861757556,3.2593508811680305,1990,4,5.883550488599348,5.120695030479815,24.08387622149837,6.814242763535101,57.621542585597666,6.814759423797911,4.987770789657582,2.463383610772331,7.889684063536394,2.1086257951459473,1.4614614614614614,1.0439899463293065
5000724400,Essex Junction city,89257,16233,14.875497546977693,2.528749573569482,1983,3,5.965133375341314,3.288727177292515,40.705734089477005,6.729061855695538,52.43616466909848,8.06748935722516,9.530438010393468,4.909095723100717,12.678155565905916,2.8490406228695475,0.9670781893004115,1.5233639044011644
5000733475,Hinesburg town,112539,17526,25.752437473505722,7.288528566587679,1983,2,2.430077945896378,2.303987691625793,16.414488766620817,6.4255185174928116,64.27350427350427,12.267146171565715,8.47816871555744,3.539783225546807,9.283594743535396,3.4976808338566716,4.466279589102277,3.9961722739349765
5000734600,Huntington town,94497,2859,18.456556934700487,4.337441101573831,1977,5,2.3557126030624262,2.1416045527497407,20.023557126030624,11.940791041794837,56.81511470985156,11.318217405938919,5.828386400431732,3.554737338651792,6.233062330623306,2.2996034467227338,8.285385500575373,4.164341725961788
5000736700,Jericho town,116923,16162,20.19945248337896,4.445307921391827,1983,3,2.849002849002849,2.615372869307726,7.122507122507122,5.993235946599383,65.28991262907068,9.744766103311221,0.879937426671881,0.8408439025577663,5.338287055142745,2.0376149896073197,0.0,0.7035647279549718
5000745250,Milton town,118977,9633,15.981056736930077,2.620947391188031,1985,3,1.3270142180094786,1.4243902782585223,13.127962085308056,3.9779706354330604,33.096040964156366,7.105743082387285,3.62184249628529,2.442457217172355,13.603216155572175,3.3650751331538107,8.0,3.2922704039196318
5000759275,Richmond town,108235,23710,19.52392402019716,6.301417712109656,1983,4,1.1400651465798046,1.2534392864336503,21.172638436482085,12.91907515245585,59.070655633354555,10.074369164003032,4.231786487136331,2.404519082466017,13.633084876172157,6.463930920981207,9.720785935884178,4.335369521278742
5000762050,St. George town,109464,33858,15.886699507389162,7.210367876795227,1977,4,2.9508196721311477,4.6370703169294725,8.852459016393443,7.794984244213529,53.64485981308411,16.4577563395151,5.534105534105534,3.6623698068160717,7.0197044334975365,5.1374040802958145,31.347962382445143,12.949859671417599
5000764300,Shelburne town,115963,15767,29.225749780399045,4.159285251852923,1986,3,4.5004500450045,2.7444054651593164,30.063006300630065,8.048206223100804,70.16916070266753,8.012493009145665,8.441142564365313,3.5610749650864246,11.445397516323135,2.9613006214321986,6.294085729788389,5.874683058265527
5000766175,South Burlington city,106667,12797,17.806899209867026,2.103412739817729,1989,2,4.944010141559265,2.165797721812927,38.41115571519121,5.239042182406086,67.55119510107329,5.577829026306551,7.21386943532984,2.2729163117099875,8.71882640586797,1.737635167468822,0.0,0.19642303318515453
5000773975,Underhill town,92267,54188,17.63769500159185,6.023926153795746,1979,3,0.0,0.835421888053467,20.2172096908939,15.751481088590674,50.141376060320454,12.8571569032824,6.367398917542184,8.309511224781865,10.569882203120025,5.506743061831107,1.086048454469507,1.7619710795186223
5000780350,Westford town,112750,12264,17.248908296943235,4.235325857108064,1982,4,1.631116687578419,1.6397270479324586,13.927227101631118,7.6633871812848735,52.268907563025216,10.577360131602038,2.532751091703057,1.5973463777408443,8.19964349376114,2.6299928480517045,7.091346153846153,3.6829527677415457
5000784475,Williston town,106967,11875,20.95820189274448,3.5453109711491857,1993,2,4.433386111739425,2.4603730483777433,24.949106536982583,6.785354927422746,54.85405683425485,8.311037700133884,4.276380914670362,3.068716085497223,12.078205637157602,2.992709529087373,6.601005867560771,3.9868227990625624
5000785150,Winooski city,79522,11330,10.900759676835886,2.6591674378019636,1974,5,13.432471964895173,4.539922755860569,64.79765967820576,10.203679616906186,59.09410112359551,7.717884892880914,13.784705309303458,3.739655774542152,12.687469762941461,2.9007312399298595,0.141643059490085,0.23623926545729745
5000902125,Averill town,-,**,22.22222222222222,370.68505150249507,1973,14,0.0,111.11111111111111,0.0,111.11111111111111,22.22222222222222,196.57562236615703,0.0,111.11111111111111,0.0,384.9001794597506,0.0,3.4129692832764507
5000902162,Avery's gore,-,**,,,-,**,,,,,,,,,,,,
5000906325,Bloomfield town,54375,17429,25.213675213675213,13.183402423517403,1981,9,6.1946902654867255,7.3071278761694645,16.8141592920354,16.668859085807174,32.70440251572327,19.372662398453965,2.1367521367521367,3.89742030251774,25.64102564102564,19.792451431339543,22.95918367346939,13.028865389988828
5000908725,Brighton town,47375,21292,27.163667523564694,7.870890878143889,1967,10,11.732851985559567,6.037720899216389,48.91696750902527,13.833650435772674,25.87666263603386,9.021237410067723,22.022279348757497,16.18636458547377,24.507283633247642,8.201389041930623,5.846774193548387,2.261367409676386
5000910075,Brunswick town,128125,32976,39.44954128440367,25.275938884255755,1976,8,0.0,24.390243902439025,4.878048780487805,7.50426769482146,35.80246913580247,27.94212124759824,4.587155963302752,5.157136171017316,26.605504587155966,31.165431469342153,2.941176470588235,4.9428379093924155
5000911800,Canaan town,55606,3733,28.51851851851852,8.083450719830047,1972,8,2.604166666666667,2.887896834091505,8.59375,4.840776699932461,13.777089783281735,5.87252758707608,10.37037037037037,4.4274864128491265,10.987654320987653,4.4411536899053745,5.263157894736842,2.6601089685696446
5000915250,Concord town,73304,9320,27.074235807860266,6.627092888230036,1977,4,0.7722007722007722,0.9705592717017717,6.370656370656371,5.088499243273168,22.149837133550488,6.848290018471472,13.187772925764193,4.9694928567101035,20.297462817147856,5.917331581246697,15.918958031837915,5.927330224007004
5000921250,East Haven town,38438,31249,18.666666666666668,15.543127592718001,1973,8,6.086956521739131,5.519040777800204,6.086956521739131,5.519040777800204,25.0,16.420374076349667,16.0,13.773177726703379,34.66666666666667,22.110406291887045,22.564102564102566,12.94029941222934
5000925975,Ferdinand town,13849,172,23.52941176470588,58.2485767777992,1992,13,0.0,24.390243902439025,0.0,24.390243902439025,0.0,29.411764705882355,91.17647058823529,113.4350991364461,4.411764705882353,49.266324505339774,29.6875,31.131223018184993
5000929125,Granby town,57083,51231,55.223880597014926,41.10862907752749,1978,9,0.0,24.390243902439025,9.75609756097561,12.64194980230158,10.526315789473683,31.842570822752318,7.462686567164178,9.378163242978212,26.865671641791046,40.79599692369833,8.75,8.021029488943423
5000930775,Guildhall town,115000,45985,26.1455525606469,11.992767955602586,1958,8,1.89873417721519,2.6019739303024205,6.329113924050633,5.445040136837681,33.87755102040816,15.766770801682606,11.859838274932615,7.08047203157162,22.371967654986523,12.23680521741899,4.245283018867925,3.0156699049688256
5000939700,Lemington town,55000,42437,35.18518518518518,29.568322045524642,1967,16,9.25925925925926,10.0641499251229,5.555555555555555,7.776171802755928,31.25,23.02143723284072,1.8518518518518516,2.8531741316805888,22.22222222222222,33.8983573341157,13.414634146341465,14.28421650698238
5000939775,Lewis town,-,**,,,-,**,,,,,,,,,,,,
5000941425,Lunenburg town,53125,8642,24.072612470402525,5.880088582745052,1972,6,2.5773195876288657,1.7570866352029253,17.353951890034363,7.1434465210025975,14.576962283384301,5.464288303733732,10.601265822784809,4.065226138879985,26.91397000789266,7.048345135360694,15.771028037383179,6.024882610707654
5000942475,Maidstone town,85833,31928,39.41908713692946,15.992767854153685,1971,10,0.0,8.19672131147541,2.459016393442623,2.547386478210336,28.90995260663507,12.331352482701584,2.0746887966804977,2.153371677673737,23.651452282157674,15.201173924619646,3.353658536585366,4.012188382870231
5000952750,Norton town,65625,23493,31.48148148148148,21.3848350804686,1974,9,3.571428571428571,3.732366042959064,0.0,17.857142857142858,28.735632183908045,23.005985733974242,12.962962962962962,11.017534389424823,21.296296296296298,28.411863135373967,9.35672514619883,8.447043534762832
5000975175,Victory town,-,**,47.16981132075472,53.08024722939554,1986,12,0.0,28.57142857142857,28.57142857142857,34.35609879431668,26.53061224489796,39.96988875489676,45.28301886792453,46.28464799365557,9.433962264150944,57.66235216197779,13.953488372093023,13.685556757429826
5000976337,Warner's grant,-,**,,,-,**,,,,,,,,,,,,
5000976562,Warren's gore,-,**,,,1968,26,,,,,,,,,,,0.0,66.66666666666666
5001102500,Bakersfield town,83462,18450,21.190261496844006,6.208639916560415,1982,3,2.9017857142857144,2.939022032243846,6.026785714285714,4.786525245446134,39.229843561973524,11.16752135814725,7.303877366997296,3.8824416470739522,13.706041478809738,5.244415809078865,4.914933837429111,4.407808726604219
5001105425,Berkshire town,71406,21049,14.84240687679083,3.949183360779091,1979,4,5.683563748079877,5.742507567095824,22.734254992319507,9.063872271044309,22.035398230088497,7.050843214932072,14.639769452449567,7.708937964708378,12.99826689774697,4.181709318857731,19.101123595505616,6.5655394793544435
5001124050,Enosburgh town,63828,17162,17.902995720399428,3.269597799926618,1972,15,7.540702656383891,4.338892288188247,24.250214224507282,8.433269255385246,20.13285641287685,5.311342548979446,13.943355119825709,6.355863821036453,10.949963741841914,2.8791221420317226,14.232765011119348,5.572312134846568
5001124925,Fairfax town,128963,29451,12.456946039035591,3.99979344770574,1994,7,3.414634146341464,2.886733387964481,14.254742547425476,8.109441484700731,49.48535233570863,10.39152484517861,5.08993494068121,3.3678510033038225,8.706467661691542,3.462712386990014,2.556390977443609,2.4669466317959774
5001125225,Fairfield town,87019,21892,14.344685242518059,3.1084769543444017,1984,3,1.364256480218281,1.6468292419620973,11.459754433833561,4.875246485648585,30.20989505247376,6.735537167128565,5.056759545923633,3.5646755601950324,13.312693498452013,3.878338673113648,6.64451827242525,2.8609203911800622
5001126500,Fletcher town,105833,9059,21.65551839464883,7.571858173515032,1987,5,0.6198347107438017,1.4507651987789936,3.925619834710744,2.981274302201664,32.33256351039261,10.950220387140684,3.8461538461538463,2.3178120494187606,10.840336134453782,5.273707185573132,8.781362007168457,5.852726828950203
5001127100,Franklin town,79917,20711,15.345911949685535,4.4815114608777264,1983,6,4.700162074554295,2.9151711962873854,25.283630470016206,15.307121672713397,21.671018276762403,8.81034923155931,8.553459119496855,5.2443873914563754,14.654088050314465,5.278669747689401,9.288990825688073,4.592304141475608
5001127700,Georgia town,105011,8635,16.05316973415133,4.49477388805491,1985,3,1.3179571663920924,1.4874452416267654,3.459637561779242,2.1098981347889034,34.93436754176611,7.996814474864957,5.153374233128835,4.049114863515615,10.715754833401894,3.28254147462588,1.6145307769929365,1.4688899780778264
5001133025,Highgate town,81017,14337,22.193877551020407,5.246721123905719,1980,15,4.557823129251701,3.5185301233761264,19.25170068027211,10.897084435003174,19.48004393994874,6.06297328066945,8.134920634920634,5.045486358478732,23.767455115417498,7.42478450856112,11.070998796630565,5.763055262993441
5001145850,Montgomery town,53289,24023,33.90639923591213,12.964118970790729,1980,8,4.513888888888888,5.190404725341283,19.270833333333336,21.686533291373436,52.834740651387214,22.904406599445775,15.56829035339064,8.30585324117125,11.843361986628462,6.2373323716531415,0.5076142131979695,0.6434653584355656
5001159125,Richford town,56853,12600,23.42926631536279,6.149714355312168,1939-,***,4.892966360856269,3.633576447973786,29.561671763506624,10.072800495351007,20.751231527093598,6.617113131609577,19.542619542619544,8.591627439734067,16.008316008316008,4.903235549392075,10.882110469909316,5.529397448768667
5001161675,St. Albans city,57980,7287,13.920046016681049,2.548976227842381,1945,9,17.60359781561195,6.223161081743915,50.97976228718279,7.125301511987817,31.705364291433145,6.431570878698007,19.47826086956522,6.450032146189025,19.639744334689134,4.400702147118131,0.9025270758122743,0.8442678949879372
5001161750,St. Albans town,90060,18679,20.773699872467056,3.821373556400393,1987,6,2.407261247040253,2.2227713278804564,20.67876874506709,7.925149689569756,33.55197773802425,6.875616565452268,5.331541218637993,2.808752692135118,16.689118395449785,4.705178164108247,2.3503603885929176,1.9524518834181197
5001164600,Sheldon town,78533,24942,12.615791795324217,3.7466567477251704,1984,19,1.8619934282584885,2.0157883317740093,10.952902519167578,5.710327036445672,14.747736093143596,4.93501338109089,5.1395657953035006,3.6475475528406873,16.100573445081608,5.395510611942607,18.65979381443299,20.182834095608158
5001171725,Swanton town,81371,13820,19.530791788856305,3.220462462672028,1976,4,4.942528735632184,3.463270638665988,22.06896551724138,6.595331497228557,23.330667732906836,5.37021317922054,13.020527859237538,5.938527209832595,16.26124133864072,3.4825713912957905,8.58296869740828,4.953995039657276
5001300860,Alburgh town,76429,22453,27.074235807860266,5.830511333695005,1984,4,0.6361323155216284,1.0210888563930514,7.124681933842239,3.555021084214146,27.55244755244755,9.795281311766777,11.431742508324085,4.985009383280494,23.580786026200872,6.76154661212723,22.69180754226268,7.15795100780709
5001329275,Grand Isle town,100846,22253,15.556569343065693,3.3030035902666994,1983,7,0.7567567567567568,1.0842969309830657,13.621621621621621,5.714456684592292,45.99260172626387,8.549898015137197,6.843065693430657,3.682988557270328,10.297482837528605,3.669877934733646,14.452798663324979,5.5005731400421976
5001335875,Isle La Motte town,82500,17030,26.51646447140381,9.8423125272457,1989,10,2.3622047244094486,2.7996368642798903,7.480314960629922,6.489710457924824,32.062780269058294,12.683747227850425,14.904679376083187,11.079114478907746,21.663778162911612,9.852799805935215,15.221987315010571,8.004230020461586
5001350650,North Hero town,102143,23525,27.315914489311165,7.173794424692488,1980,4,1.1583011583011582,1.1707016990839514,3.667953667953668,2.3782887733685083,47.44232698094283,12.011718173866463,7.28424386381631,3.660802247382281,6.01741884402217,2.7922353304434546,3.9925719591457756,2.276840202972442
5001367000,South Hero town,127434,15007,26.48171500630517,5.259661876417552,1985,3,3.0441400304414,2.9161842256937347,14.916286149162861,7.829388729979074,61.88197767145136,12.109978025833751,3.467843631778058,1.7560453425008715,9.734513274336283,3.187014971919418,5.763688760806916,3.7920883279979924
5001504375,Belvidere town,81563,18037,8.767772511848342,4.969945356232251,1989,8,5.670103092783505,5.855395967671493,13.917525773195877,10.915481016619578,35.85526315789473,15.77769057319249,5.450236966824645,3.5600673892441965,10.42654028436019,7.451138133566522,19.00826446280992,10.43989697192619
5001511500,Cambridge town,72344,19222,14.414653570480487,3.519271291049021,1985,4,6.7807351077313065,5.042866837148657,29.721166032953107,8.174704407735666,50.6586375611592,8.231682459521544,6.663127156888771,3.1592521461300165,7.82122905027933,2.323621198986986,2.5111607142857144,2.689773766504234
5001523500,Eden town,83578,8097,11.621021465581052,3.790324242539704,1991,4,0.3502626970227671,0.5275682078344793,22.59194395796848,11.119840661231185,17.39606126914661,6.033498294563459,6.096654275092937,4.383801912975558,13.101406365655071,5.307609230003608,18.352601156069365,7.86071051752615
5001523725,Elmore town,98750,24182,14.626556016597512,5.010217263902026,1978,10,1.7500000000000002,2.0311527861352525,7.249999999999999,5.692573321058324,47.75449101796407,14.428767503748622,3.319502074688797,1.9901780787937469,7.780082987551867,4.4655462631730956,1.4705882352941175,1.6996584136087511
5001535050,Hyde Park town,84375,9346,18.666666666666668,4.107890726665234,1979,6,1.4162077104642015,1.423940302827054,15.656963021243115,6.885412534489224,34.61538461538461,7.804845429259584,5.9244126659857,2.454567207185006,10.7,3.4392682483988426,22.835195530726256,8.668079274851797
5001537075,Johnson town,55346,13623,10.753623188405797,3.1346077095510627,1980,4,6.079664570230608,3.6146424587627757,41.57931516422082,9.660562944787602,32.23014256619145,8.171250425395643,12.159053565560303,3.9487386650178964,18.896952104499274,4.890598835120465,27.073656270736564,8.271164043537349
5001546675,Morristown town,66273,4629,25.463124781544916,5.21560589735474,1979,5,3.167271527548664,2.251267931069569,35.037941273507094,8.56771306229234,40.73913983142425,6.934435832647103,9.800427655024947,3.3162103786469332,15.498938428874734,4.351160286104772,8.928571428571429,4.2311522111924775
5001570525,Stowe town,93618,32786,25.77105014191107,6.164916025295264,1982,7,6.595218466611706,4.691743702196601,21.3520197856554,6.2090032933541,66.70020120724345,11.701866322745715,9.858088930936614,6.30091358858466,10.974456007568591,4.105249988503039,0.9242618741976895,1.1578045145603633
5001577425,Waterville town,71250,26670,14.411764705882351,5.26016931675639,1972,9,0.0,3.003003003003003,20.12012012012012,12.149121534067014,32.06106870229007,10.896619077404639,4.900459418070445,2.886216801596658,17.5,8.88526883503033,9.523809523809524,7.413310195345001
5001585375,Wolcott town,70259,9723,11.08161911081619,3.1440586092976286,1983,6,10.465116279069768,5.976457866895509,20.49418604651163,8.441266407246914,31.07074569789675,7.946907533917727,9.25050641458474,4.093954526804136,13.914780292942744,4.640075421317357,10.714285714285714,3.5546422706515415
5001707375,Bradford town,108162,14712,22.851078882207286,5.787952064359246,1976,23,4.470359572400389,3.8263678584998497,12.925170068027212,8.877428719080518,36.15537848605578,8.694038630248174,2.7588677893228235,2.0786497939481836,25.912796880538817,8.406208088816038,13.097199341021417,8.874322294677974
5001707600,Braintree town,79803,4855,33.23586744639376,7.035913259961514,1979,5,1.36986301369863,1.5777412423284831,18.98238747553816,8.841028152358788,30.943847072879333,8.40478931012645,11.11111111111111,5.368592340709712,20.56530214424951,6.440712873690527,25.950413223140494,9.03811820402422
5001709325,Brookfield town,98500,22893,29.676985195154774,9.078396828300162,1975,10,2.358490566037736,2.3852070635915625,12.10691823899371,6.248068004972997,45.28301886792453,11.510618791667428,6.3257065948856,3.8263512024576554,12.584118438761777,4.279554025075207,9.72972972972973,4.912623050221051
5001713525,Chelsea town,65913,13458,29.435813573180702,7.797990961260864,1967,10,4.174573055028463,3.28296553991261,18.785578747628083,7.892992789195325,29.565217391304348,8.63582169123574,14.333333333333334,9.324019757832158,21.166666666666668,6.738422375535026,14.305555555555555,6.83513517361943
5001715700,Corinth town,89167,28699,27.29044834307992,7.280628226537063,1976,6,0.7836990595611284,0.9476513041429822,11.285266457680251,8.78294149059396,29.250604351329574,8.441000017554902,12.385919165580182,4.940180928917137,19.03833658219623,6.359290645382131,11.866359447004609,5.315488266233161
5001725675,Fairlee town,74760,10174,33.39587242026266,9.83688087730921,1972,8,4.930966469428008,3.5108347808866505,19.13214990138067,8.687636920933576,46.51162790697674,14.447237473260744,14.678030303030305,6.513105368253877,11.553030303030303,4.966623814203101,0.46224961479198773,0.6219409587229842
5001748175,Newbury town,62316,6493,23.559243891194097,5.868040021748698,1977,4,10.435663627152989,4.293200378778676,19.250253292806484,5.700292148311359,40.55690072639225,14.120080253573922,14.046511627906977,5.688694713082662,15.952051636698938,4.522279759199973,3.0438010393466963,1.6627620491161972
5001753425,Orange town,71302,12803,19.435736677115987,6.351410167463269,1981,7,4.239401496259352,5.0390758917526455,12.219451371571072,5.864556521281878,22.094508301404854,7.839889031045944,7.628004179728317,3.805250393243753,16.38477801268499,6.010521619077546,16.263736263736263,7.526586547544927
5001758075,Randolph town,76758,5867,22.899029527152592,4.246848542193732,1971,7,5.6741028128031035,2.9946225327407237,32.78370514064016,6.542307872051957,40.8151033862751,7.568649261552579,7.678650687971593,4.5497397761423075,16.313383208645053,4.297963722750872,9.882671480144404,5.128422891310399
5001770675,Strafford town,110833,18827,22.084548104956266,6.091750625752755,1980,7,0.6920415224913495,0.8729733533307072,11.072664359861593,6.339712231501678,53.2719836400818,12.575910488168063,5.247813411078718,3.813807395685477,9.183673469387756,3.9643805777684853,2.682563338301043,2.1229045440340477
5001772400,Thetford town,88045,16316,20.760753643796658,6.0376607300851095,1978,6,0.0,0.7380073800738007,15.867158671586715,6.955681386614314,67.95104261106074,12.541778266775246,7.963963963963964,4.5436966216587145,13.366512619978671,4.94211409402141,0.6048387096774194,0.875480982160346
5001773075,Topsham town,72308,60425,23.223223223223226,6.935167648607594,1981,6,3.686635944700461,2.8229439026278857,9.67741935483871,6.847004324216738,28.076923076923077,8.151464786839725,18.81881881881882,10.797002732545865,20.82082082082082,6.575116508346918,10.175438596491228,6.666221881124742
5001773675,Tunbridge town,89464,25951,20.9098164405427,5.872539866246762,1981,10,1.1428571428571428,1.1554017062795963,15.80952380952381,10.550496876005555,42.88816503800217,11.222294167073489,14.411529223378702,13.492978550948049,13.72705506783719,5.425415636920574,3.7481259370314843,2.4599504645395878
5001774950,Vershire town,71618,12134,22.209026128266032,7.935211157324659,1985,9,0.5376344086021506,0.8157545489738207,18.548387096774192,8.404873395768298,31.76470588235294,10.883453458555934,19.523809523809526,8.118294576130582,15.274463007159905,5.823677665212555,9.502262443438914,5.551693794138675
5001776750,Washington town,66103,7803,24.33712121212121,7.369161230715901,1980,4,2.321083172147002,1.9759885877542005,5.609284332688588,3.989808414294154,30.979498861047837,10.86772476902841,3.2319391634980987,2.0681312461744024,16.950757575757574,7.925196000760444,8.40064620355412,5.0257031304021655
5001779975,West Fairlee town,76500,16290,29.676511954992968,10.362520048600468,1978,5,0.0,2.9940119760479043,8.08383233532934,5.0272372819069,44.599303135888505,13.549968830797216,7.313642756680731,4.039888257252951,18.424753867791843,7.681121570934988,9.511568123393316,4.884700854874919
5001784175,Williamstown town,94418,10435,17.015926236378874,3.9365169667572197,1986,5,7.223476297968396,4.995795017090502,9.330323551542513,6.284633630528918,17.64937106918239,6.127440037804996,8.17142857142857,3.802936557237798,18.99972059234423,5.011941080816669,16.431593794076164,7.380832850624233
5001900475,Albany town,59167,13730,16.38115631691649,6.486895270519737,1983,10,1.7766497461928936,2.0638500882604203,6.852791878172589,5.517467692140151,45.25790349417637,17.799379546522196,8.029978586723768,4.105189386509486,27.62312633832976,18.233381862334767,6.981132075471698,3.9593810328469106
5001903550,Barton town,66250,15713,23.51687388987567,3.93203512530636,1966,11,8.58843537414966,3.563568268254117,26.105442176870746,6.201768023696094,32.66405484818805,6.224945719553147,10.223525100769512,3.0432154346553104,20.722364100693177,3.492534612392658,7.473084230525649,4.540361808461872
5001909850,Brownington town,75556,17399,11.713286713286713,3.381292344910345,1985,4,5.365853658536586,3.289744866638639,19.024390243902438,10.007341804306431,21.762349799732977,6.484963793336587,21.503496503496503,8.401739089215045,14.772727272727273,4.8777655806629205,26.70250896057348,7.93288712748714
5001913150,Charleston town,49286,16836,37.71367521367522,11.884609547052342,1980,7,3.2327586206896552,2.871034995300488,12.931034482758621,6.7344963276250125,13.648293963254593,5.310293473182267,12.286324786324785,6.376350636889738,19.444444444444446,9.0837100594017,7.455429497568882,5.070400032736446
5001916150,Coventry town,59342,2936,22.464558342420936,6.532908804912049,1993,6,4.761904761904762,4.870007164379712,17.195767195767196,17.06914122893668,21.669341894060995,7.815904513334296,19.629225736095965,8.294149657438417,18.21155943293348,6.669257521366875,14.725274725274726,6.86729989506904
5001916300,Craftsbury town,83672,15569,25.7396449704142,7.4580900538844865,1983,7,5.692599620493358,4.32590660307218,17.4573055028463,8.695579534911612,46.18834080717489,13.889086097002185,6.610878661087866,4.371683522124685,13.609467455621301,5.040613801436441,8.85885885885886,4.879210049062268
5001917350,Derby town,80250,7555,27.176548379986777,4.18315057388927,1978,4,5.530575539568345,2.8508400833093326,15.33273381294964,3.836519441634989,36.81793625067531,6.428105596354934,7.370517928286853,2.811274160117486,16.334661354581673,3.42254922924001,11.289120715350224,3.490749414015947
5001928075,Glover town,73839,17597,24.1674595623216,6.216985517619156,1968,12,3.0023094688221708,3.5009862970956798,6.928406466512701,4.540798058879993,35.45918367346938,11.925775918391505,9.31615460852329,5.61515258250521,14.568880079286423,4.869863255880868,7.810320781032078,4.571798592474379
5001930175,Greensboro town,91750,18139,37.124802527646125,9.820841931831609,1973,5,3.1141868512110724,3.497075621022778,18.685121107266436,10.484621177167035,56.581532416502945,17.68739540247487,8.40197693574959,5.960186705273861,10.214168039538714,5.613306186171233,1.3908205841446455,1.1223267098051055
5001933775,Holland town,60729,16361,20.126582278481013,7.099039067654651,1981,4,3.0470914127423825,3.922867397642684,27.977839335180054,15.65171020725237,25.096525096525095,9.684226776703484,13.885350318471337,9.746601659943403,11.012658227848101,6.078843487695465,11.6331096196868,9.164524945066036
5001935575,Irasburg town,98534,12557,19.508670520231213,5.494286830305565,1988,5,1.1235955056179776,0.9578700095872358,13.857677902621724,8.608082144050703,23.619631901840492,8.514416732208838,2.4566473988439306,1.7926528306117413,12.835387962291517,4.418551396233923,11.67247386759582,6.453908814470799
5001936325,Jay town,74792,24785,15.498938428874734,8.728069390662165,2001,2,7.758620689655173,10.961085960474831,3.0172413793103448,3.116511908598428,45.103092783505154,21.403066469400912,8.70488322717622,5.633571974644525,15.498938428874734,10.744372939240215,1.2387387387387387,1.1335742782965479
5001940525,Lowell town,57404,14569,12.33644859813084,4.126840987261993,1984,8,0.5390835579514826,0.8193651144321348,5.929919137466308,3.793931090072653,19.196428571428573,8.223795031347796,9.56439393939394,4.647360969494645,13.825757575757574,5.575675329279017,14.174757281553399,7.828238312052879
5001946450,Morgan town,91250,24867,27.690447400241837,9.129442023341808,1973,8,0.7853403141361256,1.3157043283360046,15.18324607329843,8.766309173615621,33.98692810457516,11.827293270769509,9.963547995139733,5.235518031223643,15.384615384615385,5.629070373783967,4.057591623036649,2.024525808163302
5001948850,Newport city,54646,11996,25.762403277196178,4.683290147727402,1966,7,14.574101427868044,5.346581710399554,42.44214672575086,8.640239291233451,25.12518409425626,5.820037393135164,22.995991983967937,7.466318875305587,22.82064128256513,5.427007450127847,3.209459459459459,2.796011422215424
5001948925,Newport town,71202,10679,27.108057464084943,6.433111647012632,1983,4,9.274193548387096,7.633515841237188,18.27956989247312,9.218159027358872,28.676470588235293,11.772453871113607,8.930817610062892,4.062749308976638,14.928169893816365,4.4442344156218185,8.930540242557882,3.880826889336581
5001973525,Troy town,87938,11397,17.667238421955403,4.973047056338102,1980,5,1.1283497884344147,0.997414308925869,13.399153737658676,6.157994671997635,20.185614849187935,5.522954445063929,8.640552995391705,3.7728099918655693,16.580903373356204,6.067274898465492,4.481132075471698,2.411326485917603
5001980200,Westfield town,72500,30413,29.66417910447761,11.398790523168199,1973,5,7.339449541284404,7.125537007327908,8.256880733944955,5.038010223808131,27.296587926509186,11.857821274888085,12.126865671641792,5.808368867205166,16.448598130841123,7.465752432128496,6.730769230769231,6.244295662932434
5001981700,Westmore town,87188,11376,27.956989247311824,10.09316717277644,1977,5,3.5897435897435894,3.1864880515588787,11.794871794871794,7.6781339098406844,32.22222222222222,11.759390897160218,11.612903225806452,9.235251001566409,12.043010752688172,7.531461803651111,1.3266998341625207,1.0075558742133917
5002105200,Benson town,78625,8146,26.913265306122447,8.035742878418478,1975,6,1.2738853503184715,1.6010206961762006,19.10828025477707,9.87455160471579,32.64604810996563,12.309253899209537,5.405405405405405,2.8751998079627565,10.81081081081081,4.639200440056216,20.568927789934357,7.289227044063875
5002107750,Brandon town,64180,12058,22.25728155339806,4.1154707078954855,1951,22,2.701115678214915,1.8922987211343092,15.736934820904287,5.842956755584722,32.11749515816656,6.41809125302733,14.156700024408103,5.0527798941852495,21.94288503783256,5.47031974551409,7.656731757451182,4.318515493726721
5002111950,Castleton town,73854,22842,20.70514260049405,4.557418319405763,1974,3,5.2916416115454,4.672000574755377,21.04630186410102,8.488376207717739,37.85249457700651,8.184642571234663,12.469033856317093,5.618251856312618,15.629912418594206,4.419881579392921,8.418803418803419,4.677398385837022
5002114350,Chittenden town,106250,27864,21.775417298937786,6.768074581349401,1980,4,3.732809430255403,3.188680504906774,6.4833005893909625,2.9034076897612646,51.54349859681946,17.450338207215545,6.600910470409711,3.9690460294703316,11.684370257966616,3.970952659219916,1.5723270440251573,1.1169696083954526
5002114500,Clarendon town,59609,11945,27.398373983739837,6.456294434135004,1971,7,7.295719844357977,5.886688715060229,15.66147859922179,6.0640628491430295,25.47840349917988,7.1788539460696175,6.016260162601626,3.8965785027472553,21.056910569105693,5.119558338668084,14.391829155060353,5.909790764703965
5002116825,Danby town,77321,13471,24.271844660194176,5.547881012956068,1981,4,3.4907597535934287,3.1099628305387794,10.677618069815194,4.312330834297448,34.77321814254859,8.910110978991154,9.355692850838482,4.608965034107433,11.915269196822594,3.9363033470964224,17.991004497751124,7.210326087544271
5002125375,Fair Haven town,62404,15631,18.355359765051396,4.5197316206698535,1939-,***,1.1964107676969093,1.1119877798684148,19.441674975074775,7.590646704748076,23.69693713057496,6.860395896646357,18.906020558002936,7.7836751787685605,14.280469897209985,4.3539915298425935,6.481481481481481,3.9505929830998543
5002134450,Hubbardton town,102321,17794,32.12996389891697,10.650000921740045,1973,2,2.0066889632107023,2.385203823393555,5.351170568561873,3.2467464715555434,43.20557491289199,15.589588241957259,3.9806996381182147,2.4295321654410214,14.801444043321299,8.656661563797325,5.034722222222222,3.2379767799179837
5002135425,Ira town,71827,5034,28.871391076115486,8.27582069977538,1975,5,3.7267080745341614,2.592538500275675,9.316770186335404,6.481346250689188,37.07165109034268,11.968158736694912,14.435695538057743,10.583805378852192,14.435695538057743,8.098501856757306,4.102564102564102,4.154082367323722
5002137685,Killington town,81250,38998,21.019108280254777,7.825617565870465,1983,1,0.7792207792207793,1.0499914969756763,25.454545454545453,11.983186089515279,57.20858895705522,17.88420878594168,5.270092226613966,2.722107585333932,9.961685823754788,7.343657241096375,0.7921539041870993,0.9065180530689567
5002144125,Mendon town,100524,22729,29.020664869721475,7.960473592090334,1977,2,0.6651884700665188,1.114006994018103,7.760532150776053,5.471732519265071,49.44071588366891,11.807468637972358,8.176100628930817,7.180637460581085,6.379155435759209,3.6723498767815896,1.2738853503184715,1.2871899507390532
5002144800,Middletown Springs town,82000,11717,26.104417670682732,5.47534875085971,1981,4,2.2058823529411766,2.585780049406374,9.558823529411764,3.8344859174782133,45.55765595463138,9.980865852430485,6.0728744939271255,2.306649923234105,10.040160642570282,4.186047483069164,9.749303621169917,4.614225013136646
5002147200,Mount Holly town,78015,19089,27.985865724381625,7.996790927216531,1984,3,1.8363939899833055,2.1862402047435303,7.846410684474124,6.607590746492406,41.9234360410831,10.868486159737058,11.943462897526501,8.912277948202822,16.25441696113074,6.827875004284116,5.887445887445888,3.6092477479002807
5002147425,Mount Tabor town,-,**,42.43421052631579,27.96302701065285,1946,4,1.9230769230769231,2.7133760339640243,7.6923076923076925,7.8946297725720065,34.85477178423236,20.173759242195054,10.96345514950166,8.577697009046897,8.223684210526317,10.448325621286322,3.867403314917127,4.687039724650023
5002154250,Pawlet town,62273,13726,27.297297297297295,7.088022130173326,1964,8,7.166666666666667,4.60791188381596,12.166666666666668,5.592595144253773,37.47591522157997,9.876768760566037,9.972862957937584,4.9206334046190605,9.662162162162161,3.6156990945617835,3.979460847240052,2.350161332256735
5002155450,Pittsfield town,65852,11635,30.434782608695656,13.929837226647468,1977,5,3.1746031746031744,4.821520312567516,23.809523809523807,17.855053127713866,45.426829268292686,20.021259108730156,8.439897698209718,7.053588761445269,7.928388746803069,8.743224733946859,2.393617021276596,2.9537656377048074
5002155600,Pittsford town,69705,6506,25.44951590594744,6.120662208578262,1972,6,1.6534867002156721,1.8784526478713277,19.410496046010064,11.497503818412351,36.98979591836735,10.029921965733983,11.311589174184594,7.009377558653187,14.107883817427386,5.54741518574995,12.004730928444706,7.334506825868964
5002156875,Poultney town,72617,5782,22.757475083056477,4.56905052027767,1968,7,4.182879377431906,2.9555646063974765,28.696498054474706,7.091208972938558,35.450819672131146,7.305743978617878,8.910188143414981,3.9768471268144534,13.2890365448505,3.246400957772453,7.374224672639559,4.000644503828375
5002157250,Proctor town,74167,11786,22.35228539576366,5.546219474240727,1939-,***,5.072463768115942,4.956673143032435,13.333333333333334,5.2649558486040515,28.149300155520997,6.580765490522339,16.220735785953178,8.259989540306277,18.84057971014493,6.846858640153948,3.552631578947368,3.432530413806222
5002161225,Rutland city,57675,8240,26.171079429735233,3.1504824612763596,1939-,***,12.314540059347182,3.306289757496704,45.13083355813326,5.577763583642215,33.35236541598695,4.552306725369527,15.31751800700456,2.9612653995901166,15.518945634266887,2.5086091994416075,3.005753199483386,1.7649143473996696
5002161300,Rutland town,72099,16534,28.902470078940667,5.235411388317208,1976,3,10.73345259391771,4.8804500258573285,24.26952892069171,9.358493810677894,37.992831541218635,8.597879473529439,10.39160481187612,4.735332884094837,13.949321730227796,4.030417810184612,1.0079575596816976,1.1169805460108444
5002165275,Shrewsbury town,91250,23153,21.90784155214228,8.901680257666658,1975,4,0.5102040816326531,0.7711814541499564,4.846938775510204,3.1915225043062754,40.993071593533486,12.782301125494735,6.952303961196443,6.175847874815095,12.69199676637025,7.857189517419565,6.378986866791744,3.173425001319848
5002171050,Sudbury town,100208,32989,21.79675994108984,8.591598655025157,1977,6,2.2813688212927756,2.3361868424877916,4.182509505703422,3.544182622324421,34.34125269978402,11.240642748129927,3.5346097201767304,2.913687093610666,9.131075110456553,5.348561630301234,5.405405405405405,4.157217016440171
5002172925,Tinmouth town,79219,36627,14.631197097944376,4.947711083211555,1973,5,0.9345794392523363,1.2671552809436422,6.230529595015576,4.3304113602094265,46.55172413793103,18.61191794347223,13.059250302297462,10.743160628633342,7.617896009673519,4.011358562767983,8.017817371937639,4.711641581580055
5002175925,Wallingford town,80230,15356,23.928258967629045,6.8169120168813535,1971,9,0.9987515605493134,1.5023244307854746,17.478152309612984,10.178758522566264,30.253521126760564,7.882921027593702,6.99912510936133,5.1402109399947795,23.27209098862642,8.08663407647249,7.329842931937172,4.585387411869987
5002177950,Wells town,75417,11001,24.477351916376307,7.74074190141783,1977,3,0.0,2.141327623126338,6.638115631691649,5.114413717044819,29.720670391061454,10.141704141478465,15.472027972027972,7.665268600204551,15.59233449477352,6.52977290847131,5.433526011560693,3.133555992657179
5002180875,West Haven town,85250,28991,29.914529914529915,13.682613878561348,1978,5,1.0752688172043012,2.168366230744056,9.67741935483871,9.994470713995081,30.555555555555557,18.889399502902336,10.256410256410255,11.538685269075193,14.529914529914532,13.153959958174397,11.851851851851853,9.222521641956249
5002182300,West Rutland town,61161,27057,23.75,7.940527503939289,1939-,***,5.595854922279793,4.7373857623398745,18.44559585492228,7.468707789259693,35.197174808711004,11.085616589689218,6.830357142857142,4.634921742675911,15.312500000000002,4.969054829566151,3.298774740810556,2.7594647243085686
5002303175,Barre city,65625,6517,19.436519258202566,3.8715936897280145,1947,13,13.605276013678555,4.279960006694085,49.63361016121153,8.169681169572451,36.1073624231519,5.882015693012157,17.293777134587554,5.825375333391109,21.925782197429054,4.540600943885162,1.130334486735871,0.9493497986987095
5002303250,Barre town,93210,8984,21.711430356027485,3.469768333763474,1974,4,3.4893617021276593,2.7885811425559384,11.574468085106384,4.092047434411153,39.21665840356966,6.336205280949107,2.4984384759525295,1.4116344386772715,12.59212991880075,2.934194333979297,5.81267217630854,3.1893800718553464
5002305650,Berlin town,86691,20689,26.770833333333332,4.3746038792427,1979,5,8.368200836820083,3.6495366115030374,12.05020920502092,5.014575899639864,28.513513513513512,4.653853031699122,10.894064613072878,4.5841621325519775,16.76737160120846,4.0065854440601845,22.52747252747253,7.007876577601642
5002311125,Cabot town,77031,16166,21.02596580113996,6.36927692709669,1977,8,2.1015761821366024,1.6246355828765435,16.28721541155867,7.162661264336879,44.7265625,11.974979067634722,9.01481004507405,6.0783795117842745,12.412919569347688,4.936539479643472,12.952646239554316,9.320890363252794
5002311350,Calais town,100625,27461,21.599532983070635,5.2090570833299035,1976,6,0.8902077151335311,0.8990070057703072,7.566765578635016,3.2932120758683334,55.41972290138549,12.421219013002048,8.756567425569177,4.079415449620102,8.114419147694104,2.9647658701039776,3.0012004801920766,1.7267676254150008
5002318550,Duxbury town,105208,24886,13.049095607235142,3.312381850446476,1988,7,2.564102564102564,1.8020435676744657,17.628205128205128,7.807193413818542,58.514492753623195,11.707982658841464,2.6588845654993514,1.7176557146038538,7.622739018087856,2.8730267352675627,6.843575418994413,3.8901964084021174
5002321925,East Montpelier town,92778,20811,22.090352220520675,3.5977399316428462,1978,5,1.0434782608695654,1.1364786595558425,17.82608695652174,6.406990522323741,59.579060982191045,11.413797516967088,2.1439509954058193,1.416753060759517,8.652373660030628,2.5578564145565434,9.84,4.593649516250015
5002325825,Fayston town,110250,27966,19.597615499254843,4.755625189246047,1977,2,0.7312614259597806,1.0992651226736312,12.979890310786105,7.784431700121046,66.86507936507937,11.403994143689456,4.172876304023846,2.423355495056916,7.377049180327869,2.7962204611852317,3.1428571428571432,2.1082055475583266
5002343600,Marshfield town,60313,9504,17.767042404723565,5.145124057170019,1972,9,0.2812939521800281,0.4236468745243522,15.330520393811534,7.330661399509234,38.505280259951256,9.853768966563441,9.232420826623725,3.6509492335846336,15.029522275899087,6.0383198426323705,7.950310559006211,3.374562479160106
5002344500,Middlesex town,109632,13486,20.638188368502316,5.395309652549327,1986,4,0.8032128514056224,0.9425167997852665,3.3467202141900936,1.920897494633616,54.68639887244539,11.349569424444304,3.828246249353337,1.8327460351215605,9.93309315491508,3.0548593799157926,9.936305732484078,5.247364687038549
5002346000,Montpelier city,81030,6037,24.31994010481657,3.58609557384197,1955,3,9.621069604944907,2.6917302138024772,46.895995700080626,6.773597247155115,66.12184249628528,6.961254667516531,6.46014355874575,2.443233961828712,13.723765238155083,2.4717375416925975,0.8671257332313186,0.8430143982965044
5002346225,Moretown town,104423,6875,18.01566579634465,3.952551622796002,1982,4,2.8963414634146343,2.463838362419315,15.091463414634147,6.508878925891162,58.099173553719005,11.944369983290812,3.0678851174934727,1.6756232290917723,9.7911227154047,3.428649657494235,10.790464240903388,5.28976768499457
5002350275,Northfield town,71768,13486,20.0,3.75532097538889,1956,7,2.4789522918615527,2.1166333791567316,26.4733395696913,6.88282748823954,34.60125918153201,6.837812906630925,12.531522793404463,3.882202023852276,15.45827633378933,3.3871960441875295,7.3614557485525225,3.171312352194307
5002355825,Plainfield town,69250,31481,21.080669710806696,5.435698856446137,1955,21,3.2478632478632483,2.313662535239307,19.14529914529915,15.514381085339007,48.177339901477836,10.54075316711486,11.62079510703364,6.257074838175547,13.39421613394216,4.755947402468939,1.1437908496732025,1.3259743359893565
5002360625,Roxbury town,73214,22349,18.683651804670912,8.131177750176613,1974,13,0.5714285714285714,1.1535545991605605,6.0,4.590830257042793,29.903536977491964,11.58360641930444,27.176220806794056,32.65529332831549,16.24203821656051,10.867654687450742,8.764044943820224,4.693779012319872
5002375325,Waitsfield town,84375,34128,28.154327424400417,8.281548516027474,1980,4,8.665105386416862,7.290761751591776,20.140515222482435,8.656505509050431,63.629629629629626,14.888113323461525,5.965463108320251,3.9577469302833976,14.65067778936392,6.464098747939877,1.651376146788991,1.479671024728598
5002376525,Warren town,86905,16379,30.094637223974765,9.469867498987231,1977,1,0.0,1.4285714285714286,13.285714285714286,7.020206261928254,59.97056659308315,19.208053855376757,15.709779179810726,12.845724717352466,6.561514195583597,5.180677048423423,0.7658202337767029,1.0490281494441154
5002376975,Waterbury town,103917,22843,19.759481961147085,4.378720612868027,1983,7,7.94816414686825,5.528343055208378,29.373650107991363,9.374527843665021,54.18994413407822,11.0689875039374,7.906022748461681,5.352393779329812,9.89485542621104,3.4212547456893443,4.442771084337349,3.705045855264386
5002385525,Woodbury town,84545,16348,35.81183611532625,14.23213267701071,1970,7,0.6802721088435374,1.0321174834757694,5.1020408163265305,4.572081911406068,48.91518737672584,18.199036178584784,3.338391502276176,2.518982327394619,9.104704097116842,6.930762616563971,12.857142857142856,6.4510204081632665
5002386125,Worcester town,73833,18237,19.494584837545126,5.032882658642615,1976,4,2.722772277227723,2.2716963028382624,14.108910891089108,8.011971834758604,53.03514376996805,12.311133622296417,5.896510228640193,3.6114453883694906,17.56919374247894,7.3304065312352895,7.377049180327869,4.232766462630562
5002501900,Athens town,68438,30472,21.57772621809745,8.395523161005404,1973,8,13.966480446927374,9.369501402114027,26.256983240223462,14.410267947446009,30.275229357798167,12.042303474208623,12.064965197215777,6.85011639374261,20.185614849187935,8.978100902829386,19.736842105263158,9.870683635262784
5002507900,Brattleboro town,58241,8266,25.540339877907936,3.2230401880538646,1955,5,9.903688896965292,3.5932434491308043,41.468290023623474,5.939991646897098,46.548652861278114,5.411129911347681,17.75103105799175,4.192726111783513,18.16057419462527,3.098622958841003,5.144312393887946,2.153251333142642
5002509475,Brookline town,80833,15948,19.58568738229755,6.332600859593499,1975,3,5.660377358490567,6.195052912602217,15.09433962264151,9.722150996396204,41.05793450881612,11.393277163542775,6.214689265536723,3.7299742993556886,9.227871939736348,5.256141892123764,5.947955390334572,5.294614991462854
5002517875,Dover town,52313,6562,29.46793997271487,9.370459564025849,1984,2,3.443328550932568,2.9290438282228926,18.938307030129124,15.407651310068632,48.88698630136986,16.075120428078286,7.348901098901099,6.100870028268803,13.369713506139155,6.138218525661804,0.390625,0.4236067064379601
5002518325,Dummerston town,101696,21365,24.30622009569378,5.878734628946845,1971,5,0.0,1.1111111111111112,7.111111111111111,4.574366169177762,58.71047737135772,12.162922758930002,4.497607655502392,2.760704807465851,15.35885167464115,5.492469230368996,7.197696737044145,5.460594742047385
5002528900,Grafton town,76111,7381,34.234234234234236,10.161177203671803,1978,6,2.848101265822785,3.2004072346433965,10.126582278481013,6.859177325579075,48.37476099426386,14.188782024678357,4.504504504504505,2.85713032266737,12.462462462462462,5.849127794594183,5.785123966942149,4.218475245081531
5002530925,Guilford town,75243,6268,27.590410402275502,6.766934524016308,1980,4,1.0999083409715857,1.2919887862497708,19.890009165902843,8.424307070832516,44.81185860889396,9.6588629488268,10.559006211180124,5.098438658016214,11.986997155627794,4.341866194759624,3.0664395229982966,1.914454428923382
5002531150,Halifax town,63889,7124,22.55017709563164,7.248028089522521,1968,6,10.457516339869281,7.731497981416943,13.398692810457517,8.493140038886333,44.89795918367347,10.909093905330487,6.02125147579693,3.045612583817127,13.81345926800472,5.757516411851703,4.642166344294004,3.3494310986860345
5002536175,Jamaica town,79219,19072,30.045351473922903,11.194286293197305,1976,4,2.684563758389262,2.7549114493939686,3.131991051454139,3.8710009379753734,48.656294200848656,16.454651993635014,4.535147392290249,3.154396306119774,14.625850340136054,8.324312537104786,4.779080252479711,3.1926889349844556
5002540225,Londonderry town,85179,21356,21.409503470368392,7.903593885983824,1978,6,2.3195876288659796,2.4930234046865523,13.917525773195877,7.268595323754493,35.781544256120526,13.764323042906234,2.4219590958019377,1.67964309415626,14.255205552589429,7.664325931135926,2.650762094102054,2.2710477246653507
5002543375,Marlboro town,77135,10265,18.79588839941263,4.777335857137096,1976,7,6.837606837606838,4.71569617918434,15.384615384615385,6.312854486044736,53.65079365079365,14.489084738212432,7.872078720787208,4.408354836323456,26.87224669603524,9.525662953193322,5.836575875486381,5.519004759916798
5002548400,Newfane town,66719,20735,29.18956043956044,7.073427011168573,1971,7,1.25,1.814388948905099,12.777777777777777,6.912725960295363,46.536267318663405,11.877348436975868,10.92032967032967,4.6667486122503705,11.538461538461538,4.905573355651439,3.815439219165927,3.389076961126093
5002557700,Putney town,79706,18362,18.115942028985508,3.843238823440604,1977,5,2.0044543429844097,1.7897949159388284,27.171492204899778,9.200696060083027,48.59028194361128,10.092670391348298,16.029479502533395,7.512764401708312,20.175438596491226,5.043653716751145,6.754032258064516,3.3698158971268475
5002560250,Rockingham town,70857,16152,29.769086748491784,5.01579537531868,1939-,***,14.813126709206928,5.5056309982997185,38.33181403828623,7.304127596562744,37.08628005657709,7.5466736022452405,16.673657718120804,6.125000686326727,13.173277661795407,3.348010557147717,3.0371203599550056,2.221181587610013
5002565762,Somerset town,-,**,,,1952,24,,,,,,,,,,,0.0,100.0
5002570750,Stratton town,122708,33350,11.654135338345863,7.071164217560853,1988,3,0.0,7.633587786259542,26.717557251908396,20.311466280189233,33.15068493150685,19.717096116921777,0.0,1.8796992481203008,6.015037593984962,7.866133731567531,1.0582010582010581,1.3255042362758893
5002573300,Townshend town,78750,28645,19.310793237971392,6.5781536642494585,1982,5,5.68561872909699,3.79025131294506,17.391304347826086,6.904004273809693,52.05905205905206,22.18285533950914,8.050565535595476,4.229648075941707,11.377245508982035,4.911267319255462,5.372405372405373,4.272546330736122
5002574800,Vernon town,85682,9380,22.77593207825766,5.641971335918188,1979,3,5.058365758754864,3.7574641213717674,23.832684824902724,9.404694876543708,26.575476306790424,8.122998104116668,5.454545454545454,3.5993967895565535,19.263987983477282,5.601391508114675,13.301435406698564,9.360275682688174
5002576225,Wardsboro town,62000,6480,27.439024390243905,7.982769212300968,1978,3,0.0,2.9069767441860463,9.593023255813954,6.506796023150319,38.91547049441787,12.632702508987911,7.682926829268292,4.508589930223012,10.731707317073171,5.336247069400127,3.3498759305210917,2.259736134463698
5002581400,Westminster town,71491,3579,27.60920306768923,6.8140782461441605,1980,7,2.881619937694704,3.3610165599742974,11.7601246105919,6.41475352522916,46.34255129348796,9.813191663981808,8.79380053908356,5.627172169167197,16.408355795148246,5.230932373351794,10.443686006825939,6.391713136858941
5002583950,Whitingham town,70625,10782,31.140350877192986,8.007269433432354,1974,4,1.9677996422182469,1.9931407067931113,14.847942754919499,8.397538158699165,32.82442748091603,10.018205407789761,15.480557593543654,15.570261673781113,12.280701754385964,4.722290164686691,8.387799564270153,5.932212856012844
5002584700,Wilmington town,70000,22642,32.62736119061248,8.84551344922304,1975,3,1.4763779527559056,1.7837981924789037,25.984251968503933,11.148441932699965,46.82230869001297,12.7728579131243,6.067544361763022,4.349462402409389,13.680595306239269,5.499944176611483,3.1395348837209305,3.261630347931769
5002584850,Windham town,94500,11966,23.232323232323232,8.113470562792475,1982,4,7.6923076923076925,8.304478883454463,17.094017094017094,10.962854610121715,48.08988764044943,16.520257853681954,9.932659932659933,9.435046215721702,12.289562289562289,6.818433551963256,3.225806451612903,3.026254687489043
5002701300,Andover town,102500,37746,22.727272727272727,7.6087744647567455,1980,5,0.0,4.201680672268908,17.22689075630252,10.597027390749336,43.3264887063655,16.52436983489494,4.567699836867863,2.6052360093111098,6.493506493506493,5.186474911460973,3.3678756476683938,3.4110434968850134
5002702575,Baltimore town,107500,15622,14.681440443213297,6.1201749380667145,1977,10,0.0,7.462686567164178,14.17910447761194,8.8013594791762,25.468164794007492,11.070815450885945,1.10803324099723,1.4055805538693789,12.18836565096953,7.890515598426435,15.384615384615385,9.646846814059188
5002702725,Barnard town,97581,19059,21.965317919075144,8.48625579922369,1971,8,0.0,2.092050209205021,14.644351464435147,12.007010292719492,55.29953917050692,17.63875063666705,2.6424442609413705,1.623260051793974,8.835672997522709,5.916150215464368,3.7371134020618557,3.5318976016130113
5002705800,Bethel town,75822,7137,25.518433179723505,6.042939268471708,1966,8,3.4722222222222223,2.2487800638752242,16.435185185185187,5.877488549508729,35.7478202548625,9.133437494916215,8.237327188940093,4.063706340312549,14.631336405529954,4.9131766751153485,0.8928571428571428,0.9876794609488646
5002708275,Bridgewater town,70272,3460,30.20408163265306,9.525689518362581,1976,4,6.971677559912854,5.037194879371777,14.596949891067537,7.492396622921301,40.33613445378151,13.490575459161406,14.754098360655737,7.893015085549305,19.081632653061227,6.981702604991241,4.377564979480164,2.948677562548425
5002712250,Cavendish town,89063,28784,23.59098228663446,6.150686370466995,1968,10,2.178649237472767,1.571616735342406,18.736383442265794,10.127024700142934,39.323467230443974,10.320519645839575,6.290849673202614,3.197862861903077,17.18241042345277,5.570329754942821,11.538461538461538,6.452565490274237
5002713675,Chester town,62125,7868,29.77941176470588,7.955936521941491,1972,8,4.294478527607362,5.158682190668417,13.34355828220859,6.898848650006338,33.12638580931264,8.604579028398618,6.951871657754011,5.448306874442134,17.914438502673796,6.13553743429658,7.252514557967178,5.376448918165487
5002732275,Hartford town,78125,6517,22.475782414307005,3.31996600154403,1979,2,6.403415154749199,2.71263200162544,32.209178228388474,5.342800245892274,47.58269720101781,6.2049493626213215,11.125740618828177,3.2729036302252434,15.414276309602181,3.005667971216782,7.291493257865824,2.7530594065471274
5002732425,Hartland town,86136,22743,28.38150289017341,5.824131800994077,1971,6,0.8238276299112801,1.39582081847745,8.17490494296578,4.925850715286388,36.618705035971225,8.389451556850158,8.517441860465116,3.7218824194911333,14.826589595375722,5.12680862848266,9.044657998869418,5.652215481929193
5002741275,Ludlow town,54885,14422,31.055276381909547,6.730647207539915,1982,2,6.852248394004283,4.460656230199881,28.051391862955033,9.35947427771616,45.05277044854881,9.535024569144014,5.592611595690097,2.5025872487170404,12.621857362750127,3.60468471441256,2.627511591962906,1.8895055143257666
5002752900,Norwich town,140313,12023,16.043956043956044,3.438838285299624,1982,3,0.7178750897343862,1.0781713549656573,28.068916008614504,7.898133416976548,81.02131081624448,10.876001554392374,2.7747252747252746,1.64843695668831,10.412087912087912,3.570080802350976,2.763496143958869,3.220194313210018
5002756050,Plymouth town,87614,8132,32.645403377110696,10.407637236362973,1980,3,1.3215859030837005,1.7789994089392962,22.026431718061673,12.990612616744757,54.653937947494036,16.235793638270355,2.8142589118198873,1.983676217792882,13.50844277673546,7.7733349607921,1.2195121951219512,1.225743464159662
5002756350,Pomfret town,84229,7929,29.515418502202646,10.170607204835106,1970,6,3.9260969976905313,4.907927545431024,18.706697459584294,9.054396239942129,57.96519410977242,15.77698796591401,5.8370044052863435,4.647297710133526,9.47136563876652,5.586764138739662,2.976190476190476,2.428522338498979
5002758375,Reading town,85000,18958,28.183118741058657,8.602321456036673,1969,9,0.0,3.3557046979865772,15.100671140939598,7.578093318880328,46.043165467625904,14.920309297718726,8.44062947067239,5.416821698992785,17.59656652360515,6.358201367891993,5.164319248826291,3.8303358780790884
5002760100,Rochester town,72676,8052,31.461483081353492,8.785862375748128,1967,5,5.189340813464235,3.9067837630909485,13.884992987377279,6.555842270853008,48.986486486486484,22.57851634235413,18.502519798416124,10.168824667468257,13.03095752339813,5.645721448971263,3.8657171922685656,1.9993255805278478
5002760850,Royalton town,103938,24252,22.05668604651163,6.429637909560758,1965,7,6.369426751592357,5.616385084879438,36.544585987261144,11.463755201448715,42.58436944937833,11.79664168368824,12.972383720930234,4.799512561474596,7.8851744186046515,3.3376983798929114,6.075635461872288,4.924032680818864
5002763775,Sharon town,84375,16539,25.110970196575778,6.37917332767107,1981,4,1.40405616224649,1.2649201630962288,20.2808112324493,8.786953215487644,37.88659793814433,9.940561235201715,2.9803424223208625,1.8918047396745166,8.497146480659481,3.5440940950033224,16.133333333333333,7.6796476791614205
5002769550,Springfield town,66571,12881,23.601937472479083,3.729472512831289,1958,5,13.223787167449139,5.345042816342577,32.26395409494001,7.2175763106001325,23.33383708629288,4.439326999356778,14.765643038559222,6.015024536545473,23.16580011554015,4.661364800982412,6.144465290806754,4.508315053877703
5002770375,Stockbridge town,77109,11753,27.939317319848296,8.47228534677017,1977,4,1.2468827930174564,1.2758911206465227,14.962593516209477,8.84655800586514,35.04273504273504,10.99878002534473,3.919089759797725,2.6453959377861582,11.883691529709228,5.665210000431107,9.060955518945635,5.324977002248729
5002777500,Weathersfield town,83095,11951,25.350140056022408,5.779362589334445,1978,4,2.380952380952381,2.8657718021803187,10.095238095238095,6.26177116963739,37.19262295081967,9.716362136187358,8.75088214537756,5.116936069139107,15.278757939308399,4.8834024322169745,11.598746081504702,5.130990456109806
5002782000,Weston town,115000,19696,44.23357664233576,12.993820039953224,1969,7,5.39568345323741,2.6985214966592195,8.633093525179856,4.587319345511748,66.72661870503596,20.298269948651352,4.334828101644246,2.1390603276829854,7.623318385650224,5.144857409017835,1.2797074954296161,1.2904425681533815
5002783050,West Windsor town,108750,18461,25.533731853116993,6.69120753608637,1980,3,1.0309278350515463,1.2465441542162696,2.0618556701030926,1.8807452158416265,59.711431742508324,14.133268201195866,3.6909871244635193,2.356716636339223,7.600341588385994,4.013415973812681,0.6418485237483954,1.0292871981308325
5002784925,Windsor town,52484,10799,29.74113674732696,6.865728639768874,1945,7,12.960893854748603,7.765006672895051,42.17877094972067,9.275054329604089,39.74729241877256,8.740505501144101,7.790697674418605,4.825734979749847,22.3546511627907,6.507567398935314,2.0333680917622523,2.4025352279080905
5002785975,Woodstock town,120938,29034,32.67261314833168,5.652351776114597,1958,17,6.83321087435709,3.8590056359940847,30.639235855988247,9.287873781613468,52.92181069958848,8.54687286277563,8.862034239677746,3.223348701067135,14.434373950990265,4.864973872330829,1.8786902844873858,1.2453296033508536
