GEOID,town_name,total_population,occupied_housing_units,funding_acquisition_buyouts,funding_admin,funding_ecosystem_restoration,funding_equipment,funding_flood_control,funding_infrastructure_protection,funding_infrastructure_stormwater,funding_other,funding_planning,funding_structure_protection,federalShareObligated,numberOfFinalProperties,numberOfProperties,2011_2022,2023_plus,pre_2011,cost_per_property,cost_per_final_property,share_acquisition_buyouts,share_admin,share_ecosystem_restoration,share_equipment,share_flood_control,share_infrastructure_protection,share_infrastructure_stormwater,share_other,share_planning,share_structure_protection,funding_per_capita,log_funding_per_capita,funding_per_occupied_unit,log_funding_per_occupied_unit,has_funding
5000100325.0,Addison town,1175.0,490.0,,,,,,,,,,,,,,,,,,,,,,,,,,,,,,,,,False
5001900475.0,Albany town,934.0,394.0,,,,,,,,,,,,,,,,,,,,,,,,,,,,,,,,,False
5001300860.0,Alburgh town,1832.0,786.0,,,,,,,,,,,,,,,,,,,,,,,,,,,,,,,,,False
5002701300.0,Andover town,616.0,238.0,106817.55,0.0,0.0,0.0,0.0,0.0,0.0,0.0,0.0,0.0,106817.55,1.0,1.0,106817.55,0.0,0.0,106817.55,106817.55,1.0,0.0,0.0,0.0,0.0,0.0,0.0,0.0,0.0,0.0,173.40511363636364,5.161380832354443,448.81323529411765,6.108832463934727,True
5000301450.0,Arlington town,2598.0,864.0,0.0,0.0,0.0,0.0,3125.0,3125.0,0.0,0.0,0.0,3125.0,9375.0,1.0,1.0,9375.0,0.0,0.0,9375.0,9375.0,0.0,0.0,0.0,0.0,0.3333333333333333,0.3333333333333333,0.0,0.0,0.0,0.3333333333333333,3.6085450346420322,1.5279121964862987,10.850694444444445,2.472386468770761,True
5002501900.0,Athens town,431.0,179.0,,,,,,,,,,,,,,,,,,,,,,,,,,,,,,,,,False
5000902125.0,Averill town,9.0,9.0,,,,,,,,,,,,,,,,,,,,,,,,,,,,,,,,,False
5000902162.0,Avery's gore,0.0,0.0,,,,,,,,,,,,,,,,,,,,,,,,,,,,,,,,,False
5001102500.0,Bakersfield town,1109.0,448.0,,,,,,,,,,,,,,,,,,,,,,,,,,,,,,,,,False
5002702575.0,Baltimore town,361.0,134.0,,,,,,,,,,,,,,,,,,,,,,,,,,,,,,,,,False
5002702725.0,Barnard town,1211.0,478.0,179837.0,0.0,0.0,0.0,0.0,0.0,0.0,0.0,0.0,0.0,179837.0,1.0,1.0,179837.0,0.0,0.0,179837.0,179837.0,1.0,0.0,0.0,0.0,0.0,0.0,0.0,0.0,0.0,0.0,148.5028901734104,5.00731572490749,376.22803347280336,5.932849867915008,True
5000502875.0,Barnet town,1855.0,751.0,,,,,,,,,,,,,,,,,,,,,,,,,,,,,,,,,False
5002303175.0,Barre city,8412.0,4094.0,1039229.5700000001,0.0,0.0,0.0,0.0,0.0,184575.25,0.0,0.0,85369.0,1309173.82,8.0,10.0,883173.8200000001,426000.0,0.0,130917.38200000001,163646.7275,0.7938056460676857,0.0,0.0,0.0,0.0,0.0,0.14098605332636424,0.0,0.0,0.06520830060595009,155.63169519733714,5.053897158973567,319.7786565705911,5.77075134189183,True
5002303250.0,Barre town,8005.0,3525.0,297687.0,0.0,0.0,0.0,0.0,0.0,61132.5,0.0,0.0,0.0,358819.5,3.0,3.0,61132.5,0.0,297687.0,119606.5,119606.5,0.8296288245204065,0.0,0.0,0.0,0.0,0.0,0.1703711754795935,0.0,0.0,0.0,44.824422236102436,3.8248171855961486,101.7927659574468,4.632714980481229,True
5001903550.0,Barton town,2815.0,1176.0,23287.0,0.0,10103.0,0.0,0.0,0.0,3411.0,0.0,0.0,0.0,36801.0,1.0,1.0,0.0,0.0,36801.0,36801.0,36801.0,0.6327817178881009,0.0,0.2745305834080596,0.0,0.0,0.0,0.09268769870383957,0.0,0.0,0.0,13.073179396092362,2.644270815470477,31.293367346938776,3.4748618638463658,True
5001504375.0,Belvidere town,422.0,194.0,26249.65,0.0,0.0,0.0,0.0,0.0,20214.45,0.0,0.0,0.0,46464.100000000006,1.0,1.0,12110.45,0.0,34353.65,46464.100000000006,46464.100000000006,0.5649447638068961,0.0,0.0,0.0,0.0,0.0,0.4350552361931039,0.0,0.0,0.0,110.10450236966825,4.710471221204005,239.50567010309283,5.482743665580135,True
5000304825.0,Bennington town,15249.0,6358.0,,,,,,,,,,,,,,,,,,,,,,,,,,,,,,,,,False
5002105200.0,Benson town,784.0,314.0,,,,,,,,,,,,,,,,,,,,,,,,,,,,,,,,,False
5001105425.0,Berkshire town,1745.0,651.0,0.0,0.0,0.0,0.0,0.0,0.0,185709.0,0.0,0.0,0.0,185709.0,0.0,0.0,0.0,0.0,185709.0,,,0.0,0.0,0.0,0.0,0.0,0.0,1.0,0.0,0.0,0.0,106.42349570200572,4.676778926323596,285.2672811059908,5.656925923722164,True
5002305650.0,Berlin town,2880.0,1195.0,138091.0,0.0,0.0,0.0,0.0,0.0,20000.0,0.0,0.0,0.0,158091.0,1.0,1.0,138091.0,0.0,20000.0,158091.0,158091.0,0.8734905845367541,0.0,0.0,0.0,0.0,0.0,0.12650941546324584,0.0,0.0,0.0,54.89270833333333,4.0234339303886895,132.29372384937238,4.892555143175796,True
5002705800.0,Bethel town,1736.0,864.0,369840.49,0.0,29859.0,0.0,0.0,0.0,0.0,0.0,0.0,0.0,399699.49,4.0,4.0,369840.49,0.0,29859.0,99924.8725,99924.8725,0.9252963770356575,0.0,0.07470362296434253,0.0,0.0,0.0,0.0,0.0,0.0,0.0,230.24164170506913,5.443463231761246,462.61515046296296,6.1390547909638915,True
5000906325.0,Bloomfield town,234.0,113.0,,,,,,,,,,,,,,,,,,,,,,,,,,,,,,,,,False
5000706550.0,Bolton town,1163.0,548.0,210405.25,0.0,0.0,0.0,0.0,0.0,32643.0,0.0,0.0,96946.95,339995.2,8.0,9.0,307352.2,0.0,32643.0,37777.24444444445,42499.4,0.6188477072617495,0.0,0.0,0.0,0.0,0.0,0.09601017896723248,0.0,0.0,0.28514211377101795,292.3432502149613,5.681343425783685,620.4291970802919,6.432021981822782,True
5001707375.0,Bradford town,2827.0,1029.0,,,,,,,,,,,,,,,,,,,,,,,,,,,,,,,,,False
5001707600.0,Braintree town,1026.0,511.0,,,,,,,,,,,,,,,,,,,,,,,,,,,,,,,,,False
5002107750.0,Brandon town,4120.0,1703.0,931168.3300000001,0.0,0.0,0.0,0.0,0.0,1864690.75,0.0,0.0,0.0,2795859.08,8.0,8.0,2795859.08,0.0,0.0,349482.385,349482.385,0.33305266944999246,0.0,0.0,0.0,0.0,0.0,0.6669473305500075,0.0,0.0,0.0,678.606572815534,6.5215140613453775,1641.72582501468,7.404112229501488,True
5002507900.0,Brattleboro town,12122.0,5503.0,663850.75,492618.75,818296.35,0.0,0.0,0.0,531583.25,0.0,0.0,36159.0,2542508.1,13.0,13.0,2506349.1,0.0,36159.0,195577.54615384617,195577.54615384617,0.2611007414292997,0.19375307004921635,0.3218461132926184,0.0,0.0,0.0,0.2090782916286481,0.0,0.0,0.014221783600217438,209.74328493647914,5.35064073367673,462.0221878975105,6.137774974962872,True
5002708275.0,Bridgewater town,980.0,459.0,656175.73,0.0,0.0,0.0,0.0,0.0,0.0,0.0,0.0,0.0,656175.73,5.0,5.0,656175.73,0.0,0.0,131235.146,131235.146,1.0,0.0,0.0,0.0,0.0,0.0,0.0,0.0,0.0,0.0,669.5670714285714,6.508123729677963,1429.576753812636,7.265832966285053,True
5000108575.0,Bridport town,1235.0,530.0,,,,,,,,,,,,,,,,,,,,,,,,,,,,,,,,,False
5000908725.0,Brighton town,1167.0,554.0,,,,,,,,,,,,,,,,,,,,,,,,,,,,,,,,,False
5000109025.0,Bristol town,3778.0,1861.0,403329.0,0.0,0.0,0.0,0.0,0.0,0.0,0.0,0.0,0.0,403329.0,15.0,15.0,0.0,0.0,403329.0,26888.6,26888.6,1.0,0.0,0.0,0.0,0.0,0.0,0.0,0.0,0.0,0.0,106.7572789835892,4.679881281074221,216.7270284793122,5.383242115239099,True
5001709325.0,Brookfield town,1486.0,636.0,,,,,,,,,,,,,,,,,,,,,,,,,,,,,,,,,False
5002509475.0,Brookline town,531.0,212.0,0.0,0.0,40088.0,0.0,0.0,0.0,0.0,0.0,0.0,0.0,40088.0,0.0,0.0,0.0,0.0,40088.0,,,0.0,0.0,1.0,0.0,0.0,0.0,0.0,0.0,0.0,0.0,75.49529190207156,4.3372291951748245,189.0943396226415,5.247520473262762,True
5001909850.0,Brownington town,1144.0,410.0,,,,,,,,,,,,,,,,,,,,,,,,,,,,,,,,,False
5000910075.0,Brunswick town,109.0,41.0,,,,,,,,,,,,,,,,,,,,,,,,,,,,,,,,,False
5000710300.0,Buels gore,19.0,13.0,,,,,,,,,,,,,,,,,,,,,,,,,,,,,,,,,False
5000510450.0,Burke town,1317.0,562.0,,,,,,,,,,,,,,,,,,,,,,,,,,,,,,,,,False
5000710675.0,Burlington city,44675.0,17504.0,682178.0,0.0,0.0,0.0,0.0,0.0,0.0,0.0,0.0,8190.0,690368.0,3.0,3.0,682178.0,0.0,8190.0,230122.66666666666,230122.66666666666,0.9881367618429591,0.0,0.0,0.0,0.0,0.0,0.0,0.0,0.0,0.011863238157040882,15.45311695579183,2.800514939857448,39.44058500914077,3.6998338601490413,True
5002311125.0,Cabot town,1579.0,571.0,0.0,0.0,5000.0,0.0,0.0,0.0,491711.67,0.0,0.0,0.0,496711.67,0.0,0.0,491711.67,0.0,5000.0,,,0.0,0.0,0.010066201987966178,0.0,0.0,0.0,0.9899337980120338,0.0,0.0,0.0,314.57357188093727,5.754391846178119,869.8978458844133,6.769524686259435,True
5002311350.0,Calais town,1713.0,674.0,,,,,,,,,,,,,,,,,,,,,,,,,,,,,,,,,False
5001511500.0,Cambridge town,3767.0,1578.0,515316.25,0.0,39622.0,0.0,0.0,622772.67,391267.66,0.0,0.0,148406.85,1717385.4300000002,4.0,6.0,1162447.1800000002,333086.25,221852.0,286230.905,429346.35750000004,0.3000585896434442,0.0,0.023071116889584884,0.0,0.0,0.36262836467641396,0.22782751801964451,0.0,0.0,0.08641441077091239,455.9026891425538,6.124470434177981,1088.3304372623575,6.993318508736363,True
5000911800.0,Canaan town,810.0,384.0,,,,,,,,,,,,,,,,,,,,,,,,,,,,,,,,,False
5002111950.0,Castleton town,4453.0,1663.0,0.0,0.0,0.0,0.0,3428.0,1528.0,165565.0,0.0,0.0,0.0,170521.0,0.0,0.0,0.0,0.0,170521.0,,,0.0,0.0,0.0,0.0,0.02010309580638162,0.008960773159904059,0.9709361310337143,0.0,0.0,0.0,38.293509993262965,3.671059365117549,102.53818400481059,4.639940472251087,True
5002712250.0,Cavendish town,1242.0,459.0,0.0,0.0,0.0,0.0,0.0,0.0,0.0,0.0,0.0,0.0,0.0,0.0,0.0,0.0,0.0,0.0,,,0.0,0.0,0.0,0.0,0.0,0.0,0.0,0.0,0.0,0.0,0.0,0.0,0.0,0.0,False
5001913150.0,Charleston town,936.0,464.0,0.0,0.0,0.0,0.0,0.0,139248.6,74544.84,0.0,0.0,0.0,213793.44,0.0,0.0,213793.44,0.0,0.0,,,0.0,0.0,0.0,0.0,0.0,0.6513230714656165,0.3486769285343834,0.0,0.0,0.0,228.41179487179488,5.435518619553952,460.761724137931,6.135049009418476,True
5000713300.0,Charlotte town,3916.0,1807.0,,,,,,,,,,,,,,,,,,,,,,,,,,,,,,,,,False
5001713525.0,Chelsea town,1223.0,527.0,426055.44,0.0,0.0,0.0,0.0,0.0,0.0,0.0,0.0,0.0,426055.44,3.0,3.0,426055.44,0.0,0.0,142018.48,142018.48,1.0,0.0,0.0,0.0,0.0,0.0,0.0,0.0,0.0,0.0,348.3691251022077,5.856129028318129,808.4543453510437,6.696360372949149,True
5002713675.0,Chester town,2992.0,1304.0,761874.78,0.0,709470.0,0.0,0.0,136151.75,0.0,0.0,0.0,0.0,1607496.53,6.0,6.0,1140898.28,466598.25,0.0,267916.0883333333,267916.0883333333,0.473951119508793,0.0,0.44135087495336617,0.0,0.0,0.08469800553784088,0.0,0.0,0.0,0.0,537.2648830213903,6.288350786621863,1232.7427377300614,7.117807704392018,True
5002114350.0,Chittenden town,1318.0,509.0,0.0,0.0,0.0,0.0,0.0,0.0,145152.0,0.0,0.0,0.0,145152.0,0.0,0.0,145152.0,0.0,0.0,,,0.0,0.0,0.0,0.0,0.0,0.0,1.0,0.0,0.0,0.0,110.13050075872535,4.7107051932499004,285.17092337917484,5.6565892665005775,True
5002114500.0,Clarendon town,2460.0,1028.0,25630.5,0.0,0.0,0.0,0.0,0.0,0.0,0.0,0.0,0.0,25630.5,1.0,1.0,25630.5,0.0,0.0,25630.5,25630.5,1.0,0.0,0.0,0.0,0.0,0.0,0.0,0.0,0.0,0.0,10.41890243902439,2.4352700909422644,24.93239299610895,3.255492882068691,True
5000714875.0,Colchester town,17648.0,7092.0,0.0,0.0,231375.0,0.0,0.0,0.0,0.0,0.0,0.0,0.0,231375.0,0.0,0.0,0.0,0.0,231375.0,,,0.0,0.0,1.0,0.0,0.0,0.0,0.0,0.0,0.0,0.0,13.110550770625567,2.646922799165675,32.62478849407783,3.5152635477632708,True
5000915250.0,Concord town,1145.0,518.0,,,,,,,,,,,,,,,,,,,,,,,,,,,,,,,,,False
5001715700.0,Corinth town,1539.0,638.0,,,,,,,,,,,,,,,,,,,,,,,,,,,,,,,,,False
5000116000.0,Cornwall town,1208.0,492.0,,,,,,,,,,,,,,,,,,,,,,,,,,,,,,,,,False
5001916150.0,Coventry town,917.0,378.0,,,,,,,,,,,,,,,,,,,,,,,,,,,,,,,,,False
5001916300.0,Craftsbury town,1352.0,527.0,,,,,,,,,,,,,,,,,,,,,,,,,,,,,,,,,False
5002116825.0,Danby town,1133.0,487.0,57644.0,0.0,0.0,0.0,0.0,0.0,0.0,0.0,0.0,0.0,57644.0,1.0,1.0,57644.0,0.0,0.0,57644.0,57644.0,1.0,0.0,0.0,0.0,0.0,0.0,0.0,0.0,0.0,0.0,50.87731685789938,3.9488816398744824,118.36550308008214,4.782190240286102,True
5000517125.0,Danville town,2360.0,1064.0,,,,,,,,,,,,,,,,,,,,,,,,,,,,,,,,,False
5001917350.0,Derby town,4537.0,2224.0,0.0,0.0,89500.0,0.0,0.0,0.0,50400.0,0.0,0.0,0.0,139900.0,0.0,0.0,0.0,0.0,139900.0,,,0.0,0.0,0.6397426733380986,0.0,0.0,0.0,0.36025732666190136,0.0,0.0,0.0,30.83535375798986,3.4605774256418913,62.90467625899281,4.157392539597804,True
5000317725.0,Dorset town,2092.0,838.0,723589.78,0.0,0.0,0.0,0.0,0.0,0.0,0.0,0.0,0.0,723589.78,1.0,1.0,723589.78,0.0,0.0,723589.78,723589.78,1.0,0.0,0.0,0.0,0.0,0.0,0.0,0.0,0.0,0.0,345.8842160611855,5.848991052972793,863.4722911694511,6.762119252752474,True
5002517875.0,Dover town,1466.0,697.0,,,,,,,,,,,,,,,,,,,,,,,,,,,,,,,,,False
5002518325.0,Dummerston town,2090.0,900.0,,,,,,,,,,,,,,,,,,,,,,,,,,,,,,,,,False
5002318550.0,Duxbury town,1548.0,624.0,130686.0,0.0,0.0,0.0,0.0,0.0,0.0,0.0,0.0,0.0,130686.0,1.0,1.0,130686.0,0.0,0.0,130686.0,130686.0,1.0,0.0,0.0,0.0,0.0,0.0,0.0,0.0,0.0,0.0,84.42248062015504,4.4476093052650745,209.43269230769232,5.349165850483623,True
5000921250.0,East Haven town,225.0,115.0,,,,,,,,,,,,,,,,,,,,,,,,,,,,,,,,,False
5002321925.0,East Montpelier town,2612.0,1150.0,,,,,,,,,,,,,,,,,,,,,,,,,,,,,,,,,False
5001523500.0,Eden town,1351.0,571.0,0.0,0.0,0.0,0.0,0.0,0.0,5156.0,0.0,0.0,0.0,5156.0,0.0,0.0,0.0,0.0,5156.0,,,0.0,0.0,0.0,0.0,0.0,0.0,1.0,0.0,0.0,0.0,3.8164322723908217,1.5720334615347853,9.029772329246935,2.305557902737847,True
5001523725.0,Elmore town,964.0,400.0,,,,,,,,,,,,,,,,,,,,,,,,,,,,,,,,,False
5001124050.0,Enosburgh town,2804.0,1167.0,0.0,0.0,71667.0,0.0,0.0,0.0,127474.52,0.0,0.0,0.0,199141.52000000002,0.0,0.0,71110.52,0.0,128031.0,,,0.0,0.0,0.35987974782958365,0.0,0.0,0.0,0.6401202521704162,0.0,0.0,0.0,71.02051355206848,4.276950988882177,170.6439760068552,5.145422424658422,True
5000724400.0,Essex Junction city,10803.0,4761.0,,,,,,,,,,,,,,,,,,,,,,,,,,,,,,,,,False
5000724175.0,Essex town,11516.0,4912.0,0.0,0.0,0.0,0.0,0.0,0.0,65017.0,0.0,0.0,0.0,65017.0,0.0,0.0,0.0,0.0,65017.0,,,0.0,0.0,0.0,0.0,0.0,0.0,1.0,0.0,0.0,0.0,5.645797151788815,1.8939846476171904,13.23635993485342,2.655799250754388,True
5002125375.0,Fair Haven town,2724.0,1003.0,,,,,,,,,,,,,,,,,,,,,,,,,,,,,,,,,False
5001124925.0,Fairfax town,5226.0,1845.0,0.0,0.0,3500.0,0.0,0.0,0.0,112746.0,0.0,0.0,0.0,116246.0,0.0,0.0,0.0,0.0,116246.0,,,0.0,0.0,0.03010856287528173,0.0,0.0,0.0,0.9698914371247183,0.0,0.0,0.0,22.243781094527364,3.146037616448987,63.00596205962059,4.158976236202383,True
5001125225.0,Fairfield town,1938.0,733.0,0.0,0.0,0.0,0.0,17619.055,17619.055,69584.0,0.0,0.0,0.0,104822.11,1.0,1.0,35238.11,0.0,69584.0,104822.11,104822.11,0.0,0.0,0.0,0.0,0.1680852923109447,0.1680852923109447,0.6638294153781106,0.0,0.0,0.0,54.08777605779154,4.008927841415663,143.0042428376535,4.969842763292313,True
5001725675.0,Fairlee town,1066.0,507.0,,,,,,,,,,,,,,,,,,,,,,,,,,,,,,,,,False
5002325825.0,Fayston town,1342.0,547.0,,,,,,,,,,,,,,,,,,,,,,,,,,,,,,,,,False
5000925975.0,Ferdinand town,68.0,41.0,,,,,,,,,,,,,,,,,,,,,,,,,,,,,,,,,False
5000126300.0,Ferrisburgh town,2661.0,1085.0,,,,,,,,,,,,,,,,,,,,,,,,,,,,,,,,,False
5001126500.0,Fletcher town,1196.0,484.0,,,,,,,,,,,,,,,,,,,,,,,,,,,,,,,,,False
5001127100.0,Franklin town,1590.0,617.0,,,,,,,,,,,,,,,,,,,,,,,,,,,,,,,,,False
5001127700.0,Georgia town,4890.0,1821.0,0.0,0.0,48750.0,0.0,0.0,0.0,0.0,0.0,0.0,0.0,48750.0,0.0,0.0,0.0,0.0,48750.0,,,0.0,0.0,1.0,0.0,0.0,0.0,0.0,0.0,0.0,0.0,9.969325153374234,2.395102754926697,26.771004942339374,3.3239924887208097,True
5000327962.0,Glastenbury town,0.0,0.0,,,,,,,,,,,,,,,,,,,,,,,,,,,,,,,,,False
5001928075.0,Glover town,1051.0,433.0,0.0,0.0,0.0,0.0,0.0,0.0,5400.0,0.0,0.0,0.0,5400.0,0.0,0.0,0.0,0.0,5400.0,,,0.0,0.0,0.0,0.0,0.0,0.0,1.0,0.0,0.0,0.0,5.137963843958135,1.8144930656552907,12.471131639722863,2.600548998751148,True
5000128600.0,Goshen town,142.0,70.0,0.0,0.0,3275.0,0.0,0.0,0.0,6233.0,0.0,0.0,0.0,9508.0,0.0,0.0,0.0,0.0,9508.0,,,0.0,0.0,0.34444678165755155,0.0,0.0,0.0,0.6555532183424485,0.0,0.0,0.0,66.95774647887323,4.218886136731771,135.82857142857142,4.918728838853196,True
5002528900.0,Grafton town,666.0,316.0,580072.86,0.0,0.0,0.0,0.0,17070.0,37880.0,0.0,0.0,0.0,635022.86,4.0,4.0,580072.86,0.0,54950.0,158755.715,158755.715,0.9134676820925786,0.0,0.0,0.0,0.0,0.026880922050585707,0.05965139585683577,0.0,0.0,0.0,953.4877777777778,6.8611748382412605,2009.5660126582277,7.606171559749178,True
5000929125.0,Granby town,67.0,41.0,,,,,,,,,,,,,,,,,,,,,,,,,,,,,,,,,False
5001329275.0,Grand Isle town,2192.0,925.0,,,,,,,,,,,,,,,,,,,,,,,,,,,,,,,,,False
5000129575.0,Granville town,414.0,206.0,221156.25,0.0,0.0,0.0,0.0,0.0,0.0,0.0,0.0,0.0,221156.25,4.0,4.0,221156.25,0.0,0.0,55289.0625,55289.0625,1.0,0.0,0.0,0.0,0.0,0.0,0.0,0.0,0.0,0.0,534.1938405797101,6.282629000114965,1073.5740291262136,6.979679610057588,True
5001930175.0,Greensboro town,633.0,289.0,,,,,,,,,,,,,,,,,,,,,,,,,,,,,,,,,False
5000530550.0,Groton town,967.0,429.0,0.0,0.0,0.0,0.0,0.0,0.0,1387.0,0.0,0.0,0.0,1387.0,0.0,0.0,0.0,0.0,1387.0,,,0.0,0.0,0.0,0.0,0.0,0.0,1.0,0.0,0.0,0.0,1.4343329886246121,0.8896727923669276,3.233100233100233,1.4429346402332215,True
5000930775.0,Guildhall town,371.0,158.0,0.0,0.0,0.0,0.0,0.0,0.0,6525.0,0.0,0.0,0.0,6525.0,0.0,0.0,0.0,0.0,6525.0,,,0.0,0.0,0.0,0.0,0.0,0.0,1.0,0.0,0.0,0.0,17.587601078167115,2.922494749736094,41.29746835443038,3.7447272344841034,True
5002530925.0,Guilford town,2461.0,1091.0,0.0,0.0,0.0,0.0,0.0,0.0,8337.0,0.0,0.0,0.0,8337.0,0.0,1.0,0.0,0.0,8337.0,8337.0,,0.0,0.0,0.0,0.0,0.0,0.0,1.0,0.0,0.0,0.0,3.387647297846404,1.4787931603871765,7.6416131989000915,2.156589278222951,True
5002531150.0,Halifax town,847.0,306.0,,,,,,,,,,,,,,,,,,,,,,,,,,,,,,,,,False
5000131525.0,Hancock town,435.0,210.0,0.0,0.0,0.0,0.0,0.0,0.0,0.0,0.0,0.0,0.0,0.0,0.0,0.0,0.0,0.0,0.0,,,0.0,0.0,0.0,0.0,0.0,0.0,0.0,0.0,0.0,0.0,0.0,0.0,0.0,0.0,False
5000531825.0,Hardwick town,2965.0,1333.0,404709.0,0.0,0.0,0.0,10000.0,26000.0,0.0,0.0,0.0,0.0,440709.0,3.0,3.0,0.0,334500.0,106209.0,146903.0,146903.0,0.9183134449262439,0.0,0.0,0.0,0.022690709742710043,0.05899584533104611,0.0,0.0,0.0,0.0,148.6370994940978,5.008213026066332,330.61440360090023,5.803972858991197,True
5002732275.0,Hartford town,10736.0,4685.0,2072596.39,0.0,0.0,0.0,0.0,27534.0,0.0,0.0,0.0,0.0,2100130.3899999997,8.0,9.0,1713459.64,359136.75,27534.0,233347.8211111111,262516.29874999996,0.9868893854728706,0.0,0.0,0.0,0.0,0.013110614527129433,0.0,0.0,0.0,0.0,195.61572187034275,5.281251173337413,448.26689220917814,6.107617125867574,True
5002732425.0,Hartland town,3460.0,1578.0,,,,,,,,,,,,,,,,,,,,,,,,,,,,,,,,,False
5001133025.0,Highgate town,3528.0,1470.0,571110.69,0.0,2026840.84,0.0,0.0,0.0,45755.0,0.0,0.0,0.0,2643706.5300000003,4.0,4.0,2224211.5300000003,0.0,419495.0,660926.6325000001,660926.6325000001,0.21602650805571824,0.0,0.7666663515787434,0.0,0.0,0.0,0.017307140365538227,0.0,0.0,0.0,749.3499234693878,6.620539662348774,1798.4398163265307,7.495230682295466,True
5000733475.0,Hinesburg town,4718.0,2181.0,0.0,0.0,0.0,0.0,0.0,0.0,10527.0,0.0,0.0,0.0,10527.0,0.0,0.0,0.0,0.0,10527.0,,,0.0,0.0,0.0,0.0,0.0,0.0,1.0,0.0,0.0,0.0,2.231242051716829,1.1728665994547347,4.826685006877579,1.7624482291877777,True
5001933775.0,Holland town,790.0,361.0,,,,,,,,,,,,,,,,,,,,,,,,,,,,,,,,,False
5002134450.0,Hubbardton town,831.0,299.0,,,,,,,,,,,,,,,,,,,,,,,,,,,,,,,,,False
5000734600.0,Huntington town,1853.0,849.0,779944.72,0.0,0.0,0.0,0.0,0.0,18484.0,0.0,0.0,0.0,798428.72,5.0,7.0,779944.72,0.0,18484.0,114061.24571428572,159685.744,0.9768495301621916,0.0,0.0,0.0,0.0,0.0,0.02315046983780844,0.0,0.0,0.0,430.88436049649215,6.068157868374446,940.4342991755005,6.847404562524174,True
5001535050.0,Hyde Park town,3000.0,1271.0,214767.0,0.0,0.0,0.0,0.0,0.0,17731.0,0.0,0.0,0.0,232498.0,0.0,2.0,214767.0,0.0,17731.0,116249.0,,0.9237369783826097,0.0,0.0,0.0,0.0,0.0,0.07626302161739025,0.0,0.0,0.0,77.49933333333334,4.363090132183299,182.92525570416996,5.214529456080621,True
5002135425.0,Ira town,381.0,161.0,,,,,,,,,,,,,,,,,,,,,,,,,,,,,,,,,False
5001935575.0,Irasburg town,1384.0,534.0,,,,,,,,,,,,,,,,,,,,,,,,,,,,,,,,,False
5001335875.0,Isle La Motte town,577.0,254.0,,,,,,,,,,,,,,,,,,,,,,,,,,,,,,,,,False
5002536175.0,Jamaica town,882.0,447.0,0.0,0.0,0.0,0.0,0.0,0.0,206892.37,0.0,0.0,0.0,206892.37,0.0,0.0,206892.37,0.0,0.0,,,0.0,0.0,0.0,0.0,0.0,0.0,1.0,0.0,0.0,0.0,234.57184807256235,5.462015954283741,462.8464653243848,6.13955360377141,True
5001936325.0,Jay town,471.0,232.0,,,,,,,,,,,,,,,,,,,,,,,,,,,,,,,,,False
5000736700.0,Jericho town,5114.0,2106.0,0.0,0.0,905314.0,0.0,0.0,0.0,0.0,0.0,0.0,0.0,905314.0,0.0,0.0,803700.0,0.0,101614.0,,,0.0,0.0,1.0,0.0,0.0,0.0,0.0,0.0,0.0,0.0,177.02659366445053,5.181932941741899,429.87369420702754,6.065814994271434,True
5001537075.0,Johnson town,3450.0,1431.0,0.0,0.0,20751.0,0.0,0.0,0.0,0.0,0.0,0.0,0.0,20751.0,0.0,0.0,0.0,0.0,20751.0,,,0.0,0.0,1.0,0.0,0.0,0.0,0.0,0.0,0.0,0.0,6.014782608695652,1.9480197235796786,14.50104821802935,2.740907648608236,True
5002137685.0,Killington town,785.0,385.0,0.0,0.0,0.0,0.0,0.0,0.0,8250.0,0.0,0.0,0.0,8250.0,0.0,0.0,0.0,0.0,8250.0,,,0.0,0.0,0.0,0.0,0.0,0.0,1.0,0.0,0.0,0.0,10.509554140127388,2.4431774852439205,21.428571428571427,3.1103356562929947,True
5000537900.0,Kirby town,756.0,263.0,,,,,,,,,,,,,,,,,,,,,,,,,,,,,,,,,False
5000339025.0,Landgrove town,225.0,107.0,,,,,,,,,,,,,,,,,,,,,,,,,,,,,,,,,False
5000139325.0,Leicester town,1026.0,454.0,,,,,,,,,,,,,,,,,,,,,,,,,,,,,,,,,False
5000939700.0,Lemington town,108.0,54.0,,,,,,,,,,,,,,,,,,,,,,,,,,,,,,,,,False
5000939775.0,Lewis town,0.0,0.0,,,,,,,,,,,,,,,,,,,,,,,,,,,,,,,,,False
5000140075.0,Lincoln town,1394.0,578.0,0.0,0.0,0.0,0.0,0.0,0.0,36550.0,0.0,0.0,238687.5,275237.5,2.0,2.0,0.0,0.0,275237.5,137618.75,137618.75,0.0,0.0,0.0,0.0,0.0,0.0,0.13279440483219038,0.0,0.0,0.8672055951678096,197.44440459110473,5.290508983271505,476.189446366782,6.167913574234825,True
5002540225.0,Londonderry town,1873.0,776.0,175293.69,0.0,0.0,0.0,0.0,0.0,0.0,0.0,175293.69,97956.18,448543.56,7.0,8.0,448543.56,0.0,0.0,56067.945,64077.65142857143,0.39080639124547906,0.0,0.0,0.0,0.0,0.0,0.0,0.0,0.39080639124547906,0.21838721750904191,239.47867592098237,5.482631420005568,578.0200515463918,6.361337108314262,True
5001940525.0,Lowell town,1070.0,371.0,,,,,,,,,,,,,,,,,,,,,,,,,,,,,,,,,False
5002741275.0,Ludlow town,1990.0,934.0,1764457.2,0.0,0.0,0.0,0.0,0.0,72435.87,0.0,0.0,0.0,1836893.0699999998,1.0,1.0,1836893.0699999998,0.0,0.0,1836893.0699999998,1836893.0699999998,0.9605660932674759,0.0,0.0,0.0,0.0,0.0,0.03943390673252418,0.0,0.0,0.0,923.0618442211054,6.8287790003771285,1966.6949357601711,7.584618053279562,True
5000941425.0,Lunenburg town,1267.0,582.0,,,,,,,,,,,,,,,,,,,,,,,,,,,,,,,,,False
5000541725.0,Lyndon town,5590.0,2309.0,41756.0,0.0,30712.0,0.0,0.0,0.0,0.0,0.0,0.0,0.0,72468.0,1.0,1.0,0.0,0.0,72468.0,72468.0,72468.0,0.5761991499696417,0.0,0.4238008500303582,0.0,0.0,0.0,0.0,0.0,0.0,0.0,12.96386404293381,2.636472852940294,31.38501515807709,3.47769582069335,True
5000942475.0,Maidstone town,241.0,122.0,,,,,,,,,,,,,,,,,,,,,,,,,,,,,,,,,False
5000342850.0,Manchester town,4486.0,1847.0,,,,,,,,,,,,,,,,,,,,,,,,,,,,,,,,,False
5002543375.0,Marlboro town,1362.0,351.0,0.0,0.0,0.0,0.0,0.0,52815.0,0.0,0.0,0.0,0.0,52815.0,0.0,0.0,0.0,0.0,52815.0,,,0.0,0.0,0.0,0.0,0.0,1.0,0.0,0.0,0.0,0.0,38.77753303964758,3.6833022564109954,150.47008547008548,5.0203881498094916,True
5002343600.0,Marshfield town,1863.0,711.0,602625.0,0.0,0.0,0.0,0.0,0.0,0.0,0.0,0.0,0.0,602625.0,0.0,2.0,0.0,602625.0,0.0,301312.5,,1.0,0.0,0.0,0.0,0.0,0.0,0.0,0.0,0.0,0.0,323.47020933977456,5.782193727121735,847.5738396624473,6.743557104650393,True
5002144125.0,Mendon town,1113.0,451.0,,,,,,,,,,,,,,,,,,,,,,,,,,,,,,,,,False
5000144350.0,Middlebury town,9175.0,2795.0,0.0,0.0,468398.4066666667,0.0,484898.4066666667,0.0,0.0,0.0,468398.4066666667,0.0,1421695.22,1.0,1.0,1405195.22,0.0,16500.0,1421695.22,1421695.22,0.0,0.0,0.32946471232186225,0.0,0.3410705753562755,0.0,0.0,0.0,0.32946471232186225,0.0,154.953157493188,5.049555689679165,508.6566082289803,6.233737181740467,True
5002344500.0,Middlesex town,1943.0,747.0,3532071.76,0.0,8346.0,0.0,0.0,0.0,0.0,0.0,0.0,0.0,3540417.76,3.0,16.0,296867.26,3235204.5,8346.0,221276.11,1180139.2533333332,0.9976426510751658,0.0,0.0023573489248342266,0.0,0.0,0.0,0.0,0.0,0.0,0.0,1822.1398661863097,7.508315494821889,4739.515073627845,8.463901074107804,True
5002144800.0,Middletown Springs town,747.0,272.0,,,,,,,,,,,,,,,,,,,,,,,,,,,,,,,,,False
5000745250.0,Milton town,10769.0,4220.0,,,,,,,,,,,,,,,,,,,,,,,,,,,,,,,,,False
5000145550.0,Monkton town,1999.0,847.0,,,,,,,,,,,,,,,,,,,,,,,,,,,,,,,,,False
5001145850.0,Montgomery town,1047.0,576.0,253482.0,0.0,0.0,0.0,0.0,0.0,138358.0,0.0,0.0,0.0,391840.0,4.0,4.0,0.0,0.0,391840.0,97960.0,97960.0,0.6469017966516946,0.0,0.0,0.0,0.0,0.0,0.35309820334830544,0.0,0.0,0.0,374.2502387774594,5.92759310682905,680.2777777777778,6.5239701198658615,True
5002346000.0,Montpelier city,8014.0,3721.0,0.0,0.0,0.0,0.0,31567.5,0.0,437100.0,0.0,0.0,158927.5,627595.0,8.0,10.0,0.0,0.0,627595.0,62759.5,78449.375,0.0,0.0,0.0,0.0,0.050299157896414086,0.0,0.6964682637688319,0.0,0.0,0.2532325783347541,78.3123284252558,4.37339358219732,168.66299381886589,5.133814080215093,True
5002346225.0,Moretown town,1532.0,656.0,0.0,0.0,0.0,0.0,0.0,0.0,274245.0,0.0,0.0,92858.15,367103.15,1.0,2.0,92858.15,0.0,274245.0,183551.575,367103.15,0.0,0.0,0.0,0.0,0.0,0.0,0.7470516120605339,0.0,0.0,0.252948387939466,239.62346605744128,5.483233330195511,559.6084603658537,6.329022730243378,True
5001946450.0,Morgan town,827.0,382.0,,,,,,,,,,,,,,,,,,,,,,,,,,,,,,,,,False
5001546675.0,Morristown town,5722.0,3031.0,343125.0,0.0,0.0,0.0,0.0,0.0,0.0,0.0,0.0,0.0,343125.0,1.0,1.0,0.0,343125.0,0.0,343125.0,343125.0,1.0,0.0,0.0,0.0,0.0,0.0,0.0,0.0,0.0,0.0,59.96592100664103,4.110315036035671,113.20521280105575,4.737996942424073,True
5002147200.0,Mount Holly town,1415.0,599.0,,,,,,,,,,,,,,,,,,,,,,,,,,,,,,,,,False
5002147425.0,Mount Tabor town,304.0,156.0,,,,,,,,,,,,,,,,,,,,,,,,,,,,,,,,,False
5000148700.0,New Haven town,1792.0,779.0,,,,,,,,,,,,,,,,,,,,,,,,,,,,,,,,,False
5000547725.0,Newark town,727.0,292.0,,,,,,,,,,,,,,,,,,,,,,,,,,,,,,,,,False
5001748175.0,Newbury town,2169.0,987.0,,,,,,,,,,,,,,,,,,,,,,,,,,,,,,,,,False
5002548400.0,Newfane town,1456.0,720.0,648427.0,0.0,0.0,0.0,0.0,0.0,0.0,0.0,0.0,0.0,648427.0,5.0,6.0,587827.0,0.0,60600.0,108071.16666666667,129685.4,1.0,0.0,0.0,0.0,0.0,0.0,0.0,0.0,0.0,0.0,445.3482142857143,6.101099396913244,900.5930555555556,6.804163260339599,True
5001948850.0,Newport city,4394.0,2031.0,,,,,,,,,,,,,,,,,,,,,,,,,,,,,,,,,False
5001948925.0,Newport town,1601.0,744.0,,,,,,,,,,,,,,,,,,,,,,,,,,,,,,,,,False
5001350650.0,North Hero town,1263.0,518.0,0.0,0.0,35261.0,0.0,0.0,0.0,0.0,0.0,0.0,0.0,35261.0,0.0,0.0,0.0,0.0,35261.0,,,0.0,0.0,1.0,0.0,0.0,0.0,0.0,0.0,0.0,0.0,27.91844813935075,3.3644797353857396,68.07142857142857,4.235141165838035,True
5002350275.0,Northfield town,5920.0,2138.0,1804586.23,0.0,87930.0,0.0,0.0,0.0,227797.0,0.0,0.0,0.0,2120313.23,20.0,20.0,1892516.23,0.0,227797.0,106015.6615,106015.6615,0.8510941706476076,0.0,0.04147028785930841,0.0,0.0,0.0,0.10743554149308401,0.0,0.0,0.0,358.16101858108107,5.883770807657833,991.7274228250701,6.900456127697929,True
5000952750.0,Norton town,108.0,56.0,,,,,,,,,,,,,,,,,,,,,,,,,,,,,,,,,False
5002752900.0,Norwich town,3640.0,1393.0,0.0,0.0,0.0,0.0,0.0,0.0,31860.0,0.0,0.0,0.0,31860.0,0.0,0.0,0.0,0.0,31860.0,,,0.0,0.0,0.0,0.0,0.0,0.0,1.0,0.0,0.0,0.0,8.752747252747254,2.277549014832721,22.871500358937546,3.1726852937980228,True
5001753425.0,Orange town,957.0,401.0,0.0,0.0,627.0,0.0,0.0,0.0,0.0,0.0,0.0,0.0,627.0,0.0,0.0,0.0,0.0,627.0,,,0.0,0.0,1.0,0.0,0.0,0.0,0.0,0.0,0.0,0.0,0.6551724137931034,0.5039051809214169,1.5635910224438903,0.9414090187085412,True
5000153725.0,Orwell town,1294.0,519.0,0.0,0.0,0.0,0.0,0.0,22125.0,0.0,0.0,0.0,0.0,22125.0,0.0,0.0,0.0,0.0,22125.0,,,0.0,0.0,0.0,0.0,0.0,1.0,0.0,0.0,0.0,0.0,17.098145285935086,2.895809462631004,42.630057803468205,3.775746311990662,True
5000153950.0,Panton town,690.0,264.0,,,,,,,,,,,,,,,,,,,,,,,,,,,,,,,,,False
5002154250.0,Pawlet town,1480.0,600.0,0.0,0.0,0.0,0.0,0.0,0.0,593033.64,0.0,0.0,0.0,593033.64,0.0,0.0,545056.64,0.0,47977.0,,,0.0,0.0,0.0,0.0,0.0,0.0,1.0,0.0,0.0,0.0,400.6984054054054,5.995701571741738,988.3894,6.897087985172441,True
5000554400.0,Peacham town,887.0,410.0,0.0,0.0,0.0,0.0,0.0,0.0,6375.0,0.0,0.0,0.0,6375.0,0.0,0.0,0.0,0.0,6375.0,,,0.0,0.0,0.0,0.0,0.0,0.0,1.0,0.0,0.0,0.0,7.187147688838783,2.102565569664702,15.548780487804878,2.806312412570616,True
5000355000.0,Peru town,434.0,167.0,,,,,,,,,,,,,,,,,,,,,,,,,,,,,,,,,False
5002155450.0,Pittsfield town,391.0,189.0,762152.75,0.0,0.0,0.0,0.0,0.0,0.0,0.0,0.0,0.0,762152.75,6.0,6.0,762152.75,0.0,0.0,127025.45833333333,127025.45833333333,1.0,0.0,0.0,0.0,0.0,0.0,0.0,0.0,0.0,0.0,1949.2397698209718,7.5757076028815185,4032.554232804233,8.302403209880845,True
5002155600.0,Pittsford town,2892.0,1391.0,,,,,,,,,,,,,,,,,,,,,,,,,,,,,,,,,False
5002355825.0,Plainfield town,1314.0,585.0,0.0,0.0,75000.0,0.0,0.0,0.0,0.0,0.0,0.0,0.0,75000.0,1.0,1.0,0.0,0.0,75000.0,75000.0,75000.0,0.0,0.0,1.0,0.0,0.0,0.0,0.0,0.0,0.0,0.0,57.077625570776256,4.061780487634984,128.2051282051282,4.861401282550951,True
5002756050.0,Plymouth town,533.0,227.0,515812.0,0.0,0.0,0.0,0.0,0.0,0.0,0.0,0.0,0.0,515812.0,3.0,3.0,515812.0,0.0,0.0,171937.33333333334,171937.33333333334,1.0,0.0,0.0,0.0,0.0,0.0,0.0,0.0,0.0,0.0,967.7523452157599,6.876009001532507,2272.2995594713657,7.7289876055215165,True
5002756350.0,Pomfret town,908.0,433.0,,,,,,,,,,,,,,,,,,,,,,,,,,,,,,,,,False
5002156875.0,Poultney town,3010.0,1028.0,0.0,0.0,0.0,0.0,0.0,0.0,64625.0,0.0,0.0,0.0,64625.0,0.0,0.0,0.0,0.0,64625.0,,,0.0,0.0,0.0,0.0,0.0,0.0,1.0,0.0,0.0,0.0,21.470099667774086,3.112185521780373,62.8647859922179,4.156768129549142,True
5000357025.0,Pownal town,3265.0,1409.0,,,,,,,,,,,,,,,,,,,,,,,,,,,,,,,,,False
5002157250.0,Proctor town,1794.0,690.0,,,,,,,,,,,,,,,,,,,,,,,,,,,,,,,,,False
5002557700.0,Putney town,2622.0,898.0,,,,,,,,,,,,,,,,,,,,,,,,,,,,,,,,,False
5001758075.0,Randolph town,4843.0,2062.0,0.0,0.0,0.0,0.0,27000.0,0.0,0.0,0.0,0.0,0.0,27000.0,0.0,0.0,0.0,0.0,27000.0,,,0.0,0.0,0.0,0.0,1.0,0.0,0.0,0.0,0.0,0.0,5.575056782985753,1.8832832142220883,13.094083414161009,2.645755093303736,True
5002758375.0,Reading town,699.0,298.0,,,,,,,,,,,,,,,,,,,,,,,,,,,,,,,,,False
5000358600.0,Readsboro town,807.0,390.0,493446.0,0.0,0.0,0.0,0.0,0.0,0.0,0.0,0.0,0.0,493446.0,3.0,3.0,493446.0,0.0,0.0,164482.0,164482.0,1.0,0.0,0.0,0.0,0.0,0.0,0.0,0.0,0.0,0.0,611.457249070632,6.417479142547225,1265.246153846154,7.143812018121876,True
5001159125.0,Richford town,2467.0,981.0,0.0,0.0,29120.0,0.0,0.0,0.0,32175.0,0.0,0.0,0.0,61295.0,0.0,0.0,0.0,0.0,61295.0,,,0.0,0.0,0.4750795334040297,0.0,0.0,0.0,0.5249204665959704,0.0,0.0,0.0,24.84596676124848,3.2521545640713936,62.48216106014271,4.150758938244202,True
5000759275.0,Richmond town,4159.0,1842.0,225772.0,0.0,0.0,0.0,0.0,0.0,56608.0,0.0,0.0,86239.76,368619.76,19.0,19.0,312011.76,0.0,56608.0,19401.04,19401.04,0.6124793744100967,0.0,0.0,0.0,0.0,0.0,0.15356745932448113,0.0,0.0,0.2339531662654221,88.63182495792257,4.495710446178641,200.11930510314875,5.303898289700471,True
5000159650.0,Ripton town,508.0,187.0,230625.0,0.0,110489.0,0.0,0.0,0.0,18450.0,0.0,0.0,0.0,359564.0,0.0,1.0,0.0,230625.0,128939.0,359564.0,,0.641401808857394,0.0,0.3072860464340145,0.0,0.0,0.0,0.051312144708591516,0.0,0.0,0.0,707.8031496062993,6.5635778428564775,1922.802139037433,7.562058787599295,True
5002760100.0,Rochester town,1389.0,713.0,236455.0,0.0,0.0,0.0,18090.0,0.0,0.0,0.0,0.0,0.0,254545.0,2.0,2.0,236455.0,0.0,18090.0,127272.5,127272.5,0.9289320159500285,0.0,0.0,0.0,0.07106798404997151,0.0,0.0,0.0,0.0,0.0,183.25773938084953,5.216335534968,357.0056100981767,5.880548656943215,True
5002560250.0,Rockingham town,4807.0,2194.0,149116.39,0.0,30291.0,0.0,0.0,29013.0,48900.0,0.0,0.0,0.0,257320.39,3.0,3.0,149116.39,0.0,108204.0,85773.46333333333,85773.46333333333,0.5794969842848443,0.0,0.11771706082055915,0.0,0.0,0.11275048976880533,0.19003546512579123,0.0,0.0,0.0,53.53034949032661,3.998757418056009,117.28367821330903,4.77308579200929,True
5002360625.0,Roxbury town,942.0,350.0,,,,,,,,,,,,,,,,,,,,,,,,,,,,,,,,,False
5002760850.0,Royalton town,2752.0,1256.0,377119.0,0.0,0.0,0.0,0.0,0.0,0.0,0.0,0.0,0.0,377119.0,5.0,5.0,377119.0,0.0,0.0,75423.8,75423.8,1.0,0.0,0.0,0.0,0.0,0.0,0.0,0.0,0.0,0.0,137.03452034883722,4.9275038013308885,300.2539808917197,5.707953699295875,True
5000361000.0,Rupert town,676.0,287.0,0.0,0.0,0.0,0.0,0.0,30205.0,67319.0,0.0,0.0,0.0,97524.0,0.0,0.0,0.0,0.0,97524.0,,,0.0,0.0,0.0,0.0,0.0,0.3097186333620442,0.6902813666379558,0.0,0.0,0.0,144.2662721893491,4.978568418299593,339.8048780487805,5.83131010837614,True
5002161225.0,Rutland city,15712.0,7414.0,339543.27,0.0,0.0,0.0,0.0,0.0,0.0,0.0,0.0,0.0,339543.27,3.0,4.0,339543.27,0.0,0.0,84885.8175,113181.09000000001,1.0,0.0,0.0,0.0,0.0,0.0,0.0,0.0,0.0,0.0,21.610442337067212,3.118411849878573,45.79758160237389,3.845831526425443,True
5002161300.0,Rutland town,3927.0,1677.0,0.0,0.0,483427.71,0.0,0.0,0.0,0.0,0.0,0.0,0.0,483427.71,1.0,1.0,483427.71,0.0,0.0,483427.71,483427.71,0.0,0.0,1.0,0.0,0.0,0.0,0.0,0.0,0.0,0.0,123.10356760886174,4.821116439652803,288.2693559928444,5.667358281701245,True
5000561525.0,Ryegate town,1059.0,445.0,79913.0,0.0,0.0,0.0,0.0,0.0,0.0,0.0,0.0,0.0,79913.0,1.0,1.0,79913.0,0.0,0.0,79913.0,79913.0,1.0,0.0,0.0,0.0,0.0,0.0,0.0,0.0,0.0,0.0,75.46081208687441,4.336778349280062,179.57977528089887,5.196172648448937,True
5000162575.0,Salisbury town,1200.0,471.0,,,,,,,,,,,,,,,,,,,,,,,,,,,,,,,,,False
5000362875.0,Sandgate town,435.0,212.0,0.0,0.0,0.0,0.0,0.0,0.0,15778.0,0.0,0.0,0.0,15778.0,0.0,0.0,0.0,0.0,15778.0,,,0.0,0.0,0.0,0.0,0.0,0.0,1.0,0.0,0.0,0.0,36.271264367816094,3.6182226374613853,74.4245283018868,4.323132531155988,True
5000363175.0,Searsburg town,129.0,50.0,,,,,,,,,,,,,,,,,,,,,,,,,,,,,,,,,False
5000363550.0,Shaftsbury town,3607.0,1280.0,,,,,,,,,,,,,,,,,,,,,,,,,,,,,,,,,False
5002763775.0,Sharon town,1577.0,641.0,0.0,0.0,0.0,0.0,0.0,0.0,0.0,0.0,0.0,0.0,0.0,1.0,2.0,0.0,0.0,0.0,0.0,0.0,0.0,0.0,0.0,0.0,0.0,0.0,0.0,0.0,0.0,0.0,0.0,0.0,0.0,0.0,False
5000564075.0,Sheffield town,573.0,252.0,0.0,0.0,0.0,0.0,0.0,0.0,5852.0,0.0,0.0,0.0,5852.0,0.0,0.0,0.0,0.0,5852.0,,,0.0,0.0,0.0,0.0,0.0,0.0,1.0,0.0,0.0,0.0,10.212914485165793,2.4170661930486808,23.22222222222222,3.1872704854528697,True
5000764300.0,Shelburne town,7969.0,3333.0,,,,,,,,,,,,,,,,,,,,,,,,,,,,,,,,,False
5001164600.0,Sheldon town,2267.0,913.0,,,,,,,,,,,,,,,,,,,,,,,,,,,,,,,,,False
5000165050.0,Shoreham town,1269.0,544.0,,,,,,,,,,,,,,,,,,,,,,,,,,,,,,,,,False
5002165275.0,Shrewsbury town,1237.0,392.0,267937.5,0.0,0.0,0.0,0.0,267937.5,0.0,0.0,0.0,0.0,535875.0,1.0,1.0,535875.0,0.0,0.0,535875.0,535875.0,0.5,0.0,0.0,0.0,0.0,0.5,0.0,0.0,0.0,0.0,433.2053354890865,6.073517545459635,1367.0280612244899,7.221125610563117,True
5002565762.0,Somerset town,0.0,0.0,,,,,,,,,,,,,,,,,,,,,,,,,,,,,,,,,False
5000766175.0,South Burlington city,20756.0,9466.0,,,,,,,,,,,,,,,,,,,,,,,,,,,,,,,,,False
5001367000.0,South Hero town,1586.0,657.0,,,,,,,,,,,,,,,,,,,,,,,,,,,,,,,,,False
5002769550.0,Springfield town,9084.0,3834.0,0.0,0.0,756747.0,0.0,0.0,466402.5,0.0,0.0,0.0,0.0,1223149.5,0.0,0.0,1223149.5,0.0,0.0,,,0.0,0.0,0.6186872495962268,0.0,0.0,0.3813127504037732,0.0,0.0,0.0,0.0,134.64877807133422,4.910069031112538,319.0269953051643,5.768405352564279,True
5001161675.0,St. Albans city,6954.0,3113.0,,,,,,,,,,,,,,,,,,,,,,,,,,,,,,,,,False
5001161750.0,St. Albans town,7057.0,2534.0,60971.0,0.0,0.0,0.0,0.0,0.0,155310.0,0.0,0.0,0.0,216281.0,1.0,1.0,0.0,0.0,216281.0,216281.0,216281.0,0.28190640879226564,0.0,0.0,0.0,0.0,0.0,0.7180935912077344,0.0,0.0,0.0,30.647725662462804,3.4546662870022886,85.3516179952644,4.4584275420577235,True
5000762050.0,St. George town,812.0,305.0,,,,,,,,,,,,,,,,,,,,,,,,,,,,,,,,,False
5000562200.0,St. Johnsbury town,7368.0,3266.0,78099.91,0.0,0.0,0.0,0.0,9255.0,0.0,0.0,0.0,0.0,87354.91,1.0,1.0,78099.91,0.0,9255.0,87354.91,87354.91,0.8940528929627425,0.0,0.0,0.0,0.0,0.10594710703725754,0.0,0.0,0.0,0.0,11.855986699239956,2.553809593839153,26.746757501530926,3.323118986573647,True
5000369775.0,Stamford town,963.0,367.0,,,,,,,,,,,,,,,,,,,,,,,,,,,,,,,,,False
5000569925.0,Stannard town,228.0,105.0,,,,,,,,,,,,,,,,,,,,,,,,,,,,,,,,,False
5000170075.0,Starksboro town,1939.0,703.0,,,,,,,,,,,,,,,,,,,,,,,,,,,,,,,,,False
5002770375.0,Stockbridge town,791.0,401.0,1669608.08,0.0,0.0,0.0,0.0,0.0,0.0,0.0,0.0,0.0,1669608.08,18.0,19.0,1669608.08,0.0,0.0,87874.10947368422,92756.00444444445,1.0,0.0,0.0,0.0,0.0,0.0,0.0,0.0,0.0,0.0,2110.7561061946903,7.655275158136368,4163.611172069825,8.334378194197336,True
5001570525.0,Stowe town,5285.0,2426.0,0.0,0.0,0.0,0.0,1200000.0,27360.0,252200.0,0.0,0.0,0.0,1479560.0,1.0,1.0,0.0,1200000.0,279560.0,1479560.0,1479560.0,0.0,0.0,0.0,0.0,0.8110519343588635,0.018491984103382087,0.17045608153775446,0.0,0.0,0.0,279.9545884578997,5.6381930493625525,609.8763396537511,6.414894548595896,True
5001770675.0,Strafford town,1372.0,578.0,0.0,0.0,0.0,0.0,0.0,10776.0,0.0,0.0,0.0,0.0,10776.0,0.0,0.0,0.0,0.0,10776.0,,,0.0,0.0,0.0,0.0,0.0,1.0,0.0,0.0,0.0,0.0,7.854227405247814,2.1808950178798088,18.643598615916954,2.977751515058294,True
5002570750.0,Stratton town,532.0,131.0,,,,,,,,,,,,,,,,,,,,,,,,,,,,,,,,,False
5002171050.0,Sudbury town,679.0,263.0,,,,,,,,,,,,,,,,,,,,,,,,,,,,,,,,,False
5000371425.0,Sunderland town,1269.0,407.0,,,,,,,,,,,,,,,,,,,,,,,,,,,,,,,,,False
5000571575.0,Sutton town,790.0,360.0,,,,,,,,,,,,,,,,,,,,,,,,,,,,,,,,,False
5001171725.0,Swanton town,6820.0,2610.0,498075.0,0.0,0.0,0.0,0.0,22875.0,0.0,0.0,0.0,0.0,520950.0,0.0,3.0,0.0,498075.0,22875.0,173650.0,,0.9560898358767635,0.0,0.0,0.0,0.0,0.043910164123236395,0.0,0.0,0.0,0.0,76.38563049853373,4.348801110886403,199.5977011494253,5.301301415588917,True
5001772400.0,Thetford town,2813.0,1355.0,,,,,,,,,,,,,,,,,,,,,,,,,,,,,,,,,False
5002172925.0,Tinmouth town,827.0,321.0,,,,,,,,,,,,,,,,,,,,,,,,,,,,,,,,,False
5001773075.0,Topsham town,999.0,434.0,,,,,,,,,,,,,,,,,,,,,,,,,,,,,,,,,False
5002573300.0,Townshend town,1538.0,598.0,,,,,,,,,,,,,,,,,,,,,,,,,,,,,,,,,False
5001973525.0,Troy town,1749.0,709.0,290964.0,0.0,0.0,0.0,0.0,0.0,0.0,0.0,0.0,0.0,290964.0,2.0,3.0,0.0,150523.5,140440.5,96988.0,145482.0,1.0,0.0,0.0,0.0,0.0,0.0,0.0,0.0,0.0,0.0,166.36020583190395,5.120148410750945,410.3864598025388,6.019533064189477,True
5001773675.0,Tunbridge town,1253.0,525.0,,,,,,,,,,,,,,,,,,,,,,,,,,,,,,,,,False
5000773975.0,Underhill town,3141.0,1197.0,568187.51,0.0,0.0,0.0,144954.0,0.0,192000.0,0.0,0.0,0.0,905141.51,2.0,2.0,568187.51,0.0,336954.0,452570.755,452570.755,0.627733347462984,0.0,0.0,0.0,0.1601451247109416,0.0,0.2121215278260744,0.0,0.0,0.0,288.1698535498249,5.667014244013759,756.1750292397661,6.629594441030911,True
5000174650.0,Vergennes city,2565.0,1129.0,,,,,,,,,,,,,,,,,,,,,,,,,,,,,,,,,False
5002574800.0,Vernon town,2709.0,1028.0,,,,,,,,,,,,,,,,,,,,,,,,,,,,,,,,,False
5001774950.0,Vershire town,842.0,372.0,,,,,,,,,,,,,,,,,,,,,,,,,,,,,,,,,False
5000975175.0,Victory town,53.0,35.0,,,,,,,,,,,,,,,,,,,,,,,,,,,,,,,,,False
5002375325.0,Waitsfield town,1918.0,854.0,0.0,0.0,135753.0,0.0,0.0,0.0,0.0,0.0,0.0,0.0,135753.0,0.0,0.0,117776.0,0.0,17977.0,,,0.0,0.0,1.0,0.0,0.0,0.0,0.0,0.0,0.0,0.0,70.77841501564129,4.273583804333865,158.96135831381733,5.074932275526819,True
5000575700.0,Walden town,1037.0,464.0,,,,,,,,,,,,,,,,,,,,,,,,,,,,,,,,,False
5002175925.0,Wallingford town,2286.0,801.0,141195.0,0.0,0.0,0.0,0.0,0.0,0.0,0.0,0.0,0.0,141195.0,1.0,1.0,0.0,141195.0,0.0,141195.0,141195.0,1.0,0.0,0.0,0.0,0.0,0.0,0.0,0.0,0.0,0.0,61.76509186351706,4.139399056879665,176.2734082397004,5.1776932201042,True
5000176075.0,Waltham town,452.0,204.0,,,,,,,,,,,,,,,,,,,,,,,,,,,,,,,,,False
5002576225.0,Wardsboro town,820.0,344.0,549684.0,0.0,0.0,0.0,0.0,0.0,0.0,0.0,0.0,0.0,549684.0,4.0,5.0,286584.0,263100.0,0.0,109936.8,137421.0,1.0,0.0,0.0,0.0,0.0,0.0,0.0,0.0,0.0,0.0,670.3463414634147,6.509285160981882,1597.9186046511627,7.377082807630341,True
5000976337.0,Warner's grant,0.0,0.0,,,,,,,,,,,,,,,,,,,,,,,,,,,,,,,,,False
5002376525.0,Warren town,1585.0,700.0,278502.0,0.0,0.0,0.0,104108.63,207209.03,40033.0,0.0,0.0,4720.02,634572.6799999999,6.0,6.0,441909.68,0.0,192663.0,105762.11333333333,105762.11333333333,0.43888116960849943,0.0,0.0,0.0,0.16406100243710464,0.32653317189766196,0.06308654825795526,0.0,0.0,0.007438107798778858,400.36131230283905,5.994862049810973,906.5323999999999,6.810729267981026,True
5000976562.0,Warren's gore,0.0,0.0,,,,,,,,,,,,,,,,,,,,,,,,,,,,,,,,,False
5001776750.0,Washington town,1056.0,517.0,,,,,,,,,,,,,,,,,,,,,,,,,,,,,,,,,False
5002376975.0,Waterbury town,5405.0,2315.0,966112.5,0.0,52350.0,0.0,0.0,93303.0,0.0,0.0,0.0,86548.0,1198313.5,1.0,5.0,179851.0,966112.5,52350.0,239662.7,1198313.5,0.8062268346305036,0.0,0.043686397591281415,0.0,0.0,0.07786192845194517,0.0,0.0,0.0,0.0722248393262698,221.70462534690103,5.405846343454471,517.6300215982722,6.2511907611287345,True
5000577125.0,Waterford town,1279.0,503.0,,,,,,,,,,,,,,,,,,,,,,,,,,,,,,,,,False
5001577425.0,Waterville town,680.0,333.0,,,,,,,,,,,,,,,,,,,,,,,,,,,,,,,,,False
5002777500.0,Weathersfield town,2856.0,1050.0,0.0,0.0,0.0,0.0,0.0,0.0,0.0,0.0,0.0,0.0,0.0,1.0,1.0,0.0,0.0,0.0,0.0,0.0,0.0,0.0,0.0,0.0,0.0,0.0,0.0,0.0,0.0,0.0,0.0,0.0,0.0,0.0,False
5002177950.0,Wells town,1148.0,467.0,,,,,,,,,,,,,,,,,,,,,,,,,,,,,,,,,False
5001779975.0,West Fairlee town,711.0,334.0,183900.0,0.0,0.0,0.0,0.0,0.0,0.0,0.0,0.0,0.0,183900.0,2.0,2.0,0.0,183900.0,0.0,91950.0,91950.0,1.0,0.0,0.0,0.0,0.0,0.0,0.0,0.0,0.0,0.0,258.64978902953584,5.559333757771361,550.5988023952095,6.312820974769599,True
5002180875.0,West Haven town,234.0,93.0,,,,,,,,,,,,,,,,,,,,,,,,,,,,,,,,,False
5002182300.0,West Rutland town,2240.0,965.0,,,,,,,,,,,,,,,,,,,,,,,,,,,,,,,,,False
5002783050.0,West Windsor town,1171.0,485.0,46229.53,0.0,0.0,0.0,0.0,0.0,0.0,0.0,0.0,0.0,46229.53,2.0,2.0,46229.53,0.0,0.0,23114.765,23114.765,1.0,0.0,0.0,0.0,0.0,0.0,0.0,0.0,0.0,0.0,39.47867634500427,3.700775325457538,95.31861855670103,4.567661639230719,True
5001980200.0,Westfield town,536.0,218.0,,,,,,,,,,,,,,,,,,,,,,,,,,,,,,,,,False
5000780350.0,Westford town,2290.0,797.0,0.0,0.0,0.0,0.0,0.0,0.0,0.0,0.0,0.0,0.0,0.0,0.0,0.0,0.0,0.0,0.0,,,0.0,0.0,0.0,0.0,0.0,0.0,0.0,0.0,0.0,0.0,0.0,0.0,0.0,0.0,False
5002581400.0,Westminster town,2999.0,1284.0,39153.6,0.0,0.0,0.0,0.0,0.0,0.0,0.0,0.0,0.0,39153.6,1.0,1.0,39153.6,0.0,0.0,39153.6,39153.6,1.0,0.0,0.0,0.0,0.0,0.0,0.0,0.0,0.0,0.0,13.055551850616872,2.6430174672388453,30.493457943925232,3.4497798399423787,True
5001981700.0,Westmore town,465.0,195.0,,,,,,,,,,,,,,,,,,,,,,,,,,,,,,,,,False
5002782000.0,Weston town,685.0,278.0,463619.18,0.0,0.0,0.0,0.0,0.0,0.0,0.0,0.0,0.0,463619.18,0.0,2.0,0.0,463619.18,0.0,231809.59,,1.0,0.0,0.0,0.0,0.0,0.0,0.0,0.0,0.0,0.0,676.8163211678832,6.5188763385051764,1667.6948920863308,7.419797098134407,True
5000183275.0,Weybridge town,781.0,331.0,,,,,,,,,,,,,,,,,,,,,,,,,,,,,,,,,False
5000583500.0,Wheelock town,717.0,283.0,,,,,,,,,,,,,,,,,,,,,,,,,,,,,,,,,False
5000183800.0,Whiting town,532.0,217.0,,,,,,,,,,,,,,,,,,,,,,,,,,,,,,,,,False
5002583950.0,Whitingham town,1368.0,559.0,198783.0,0.0,0.0,0.0,0.0,0.0,0.0,0.0,0.0,0.0,198783.0,1.0,2.0,198783.0,0.0,0.0,99391.5,198783.0,1.0,0.0,0.0,0.0,0.0,0.0,0.0,0.0,0.0,0.0,145.30921052631578,4.985722262478553,355.6046511627907,5.876627748425277,True
5001784175.0,Williamstown town,3579.0,1329.0,0.0,0.0,0.0,0.0,0.0,0.0,69222.0,0.0,0.0,0.0,69222.0,0.0,0.0,0.0,0.0,69222.0,,,0.0,0.0,0.0,0.0,0.0,0.0,1.0,0.0,0.0,0.0,19.341156747694885,3.0126462595881462,52.08577878103837,3.9719090728116964,True
5000784475.0,Williston town,10144.0,4421.0,0.0,0.0,0.0,0.0,0.0,0.0,111278.0,0.0,0.0,0.0,111278.0,0.0,0.0,111278.0,0.0,0.0,,,0.0,0.0,0.0,0.0,0.0,0.0,1.0,0.0,0.0,0.0,10.969834384858045,2.4823896836227073,25.17032345623162,3.2646260762758224,True
5002584700.0,Wilmington town,1747.0,1016.0,170764.72,0.0,0.0,0.0,0.0,0.0,0.0,0.0,0.0,114439.5,285204.22,3.0,4.0,285204.22,0.0,0.0,71301.055,95068.07333333332,0.5987454182830816,0.0,0.0,0.0,0.0,0.0,0.0,0.0,0.0,0.4012545817169185,163.25370349170004,5.101412205005193,280.7128149606299,5.640888165365652,True
5002584850.0,Windham town,594.0,234.0,,,,,,,,,,,,,,,,,,,,,,,,,,,,,,,,,False
5002784925.0,Windsor town,3554.0,1790.0,197108.64,0.0,0.0,0.0,176607.0,0.0,0.0,0.0,0.0,0.0,373715.64,2.0,2.0,197108.64,0.0,176607.0,186857.82,186857.82,0.5274294648198293,0.0,0.0,0.0,0.47257053518017067,0.0,0.0,0.0,0.0,0.0,105.15352841868318,4.664886427527902,208.779687150838,5.346057871212096,True
5000385075.0,Winhall town,752.0,282.0,,,,,,,,,,,,,,,,,,,,,,,,,,,,,,,,,False
5000785150.0,Winooski city,8293.0,4102.0,37758.0,0.0,0.0,0.0,0.0,0.0,0.0,0.0,0.0,0.0,37758.0,1.0,1.0,37758.0,0.0,0.0,37758.0,37758.0,1.0,0.0,0.0,0.0,0.0,0.0,0.0,0.0,0.0,0.0,4.5529965030748825,1.714337692523072,9.204778156996587,2.3228560573676647,True
5001585375.0,Wolcott town,1507.0,688.0,901669.5,0.0,0.0,0.0,43262.0,0.0,0.0,0.0,0.0,0.0,944931.5,5.0,7.0,0.0,687466.5,257465.0,134990.2142857143,188986.3,0.9542167871427717,0.0,0.0,0.0,0.04578321285722828,0.0,0.0,0.0,0.0,0.0,627.028201725282,6.442585072665763,1373.4469476744187,7.225806709315411,True
5002385525.0,Woodbury town,659.0,294.0,141204.0,0.0,0.0,0.0,0.0,0.0,0.0,0.0,0.0,0.0,141204.0,1.0,1.0,141204.0,0.0,0.0,141204.0,141204.0,1.0,0.0,0.0,0.0,0.0,0.0,0.0,0.0,0.0,0.0,214.2701062215478,5.371893547640283,480.2857142857143,6.1764610943512395,True
5000385675.0,Woodford town,282.0,122.0,356100.0,0.0,0.0,0.0,0.0,0.0,0.0,0.0,0.0,0.0,356100.0,2.0,2.0,356100.0,0.0,0.0,178050.0,178050.0,1.0,0.0,0.0,0.0,0.0,0.0,0.0,0.0,0.0,0.0,1262.7659574468084,7.14185139731475,2918.8524590163934,7.979288366251646,True
5002785975.0,Woodstock town,3027.0,1361.0,0.0,113594.215,0.0,0.0,0.0,0.0,0.0,0.0,0.0,113594.215,227188.43,1.0,1.0,0.0,227188.43,0.0,227188.43,227188.43,0.0,0.5,0.0,0.0,0.0,0.0,0.0,0.0,0.0,0.5,75.0539907499174,4.331443492672601,166.9275753122704,5.123532787121503,True
5002386125.0,Worcester town,831.0,404.0,,,,,,,,,,,,,,,,,,,,,,,,,,,,,,,,,False
