GEOID,town_name,total_population,occupied_housing_units,funding_acquisition_buyouts,funding_admin,funding_ecosystem_restoration,funding_equipment,funding_flood_control,funding_infrastructure_protection,funding_infrastructure_stormwater,funding_other,funding_planning,funding_structure_protection,federalShareObligated_adj,numberOfFinalProperties,numberOfProperties,2011_2022,2023_plus,pre_2011,cost_per_property,cost_per_final_property,share_acquisition_buyouts,share_admin,share_ecosystem_restoration,share_equipment,share_flood_control,share_infrastructure_protection,share_infrastructure_stormwater,share_other,share_planning,share_structure_protection,funding_per_capita,log_funding_per_capita,funding_per_occupied_unit,log_funding_per_occupied_unit,has_funding
5000100325.0,Addison town,1175.0,490.0,,,,,,,,,,,,,,,,,,,,,,,,,,,,,,,,,False
5001900475.0,Albany town,934.0,394.0,,,,,,,,,,,,,,,,,,,,,,,,,,,,,,,,,False
5001300860.0,Alburgh town,1832.0,786.0,,,,,,,,,,,,,,,,,,,,,,,,,,,,,,,,,False
5002701300.0,Andover town,616.0,238.0,145285.18396558578,0.0,0.0,0.0,0.0,0.0,0.0,0.0,0.0,0.0,145285.18396558578,1.0,1.0,145285.18396558578,0.0,0.0,145285.18396558578,145285.18396558578,1.0,0.0,0.0,0.0,0.0,0.0,0.0,0.0,0.0,0.0,235.85257137270418,5.467437885855917,610.4419494352344,6.415820019198606,True
5000301450.0,Arlington town,2598.0,864.0,0.0,0.0,0.0,0.0,4473.224018482285,4473.224018482285,0.0,0.0,0.0,4473.224018482285,13419.672055446856,1.0,1.0,13419.672055446856,0.0,0.0,13419.672055446856,13419.672055446856,0.0,0.0,0.0,0.0,0.3333333333333333,0.3333333333333333,0.0,0.0,0.0,0.3333333333333333,5.165385702635433,1.8189506979416157,15.53202784195238,2.8052995807729393,True
5002501900.0,Athens town,431.0,179.0,,,,,,,,,,,,,,,,,,,,,,,,,,,,,,,,,False
5000902125.0,Averill town,9.0,9.0,,,,,,,,,,,,,,,,,,,,,,,,,,,,,,,,,False
5000902162.0,Avery's gore,0.0,0.0,,,,,,,,,,,,,,,,,,,,,,,,,,,,,,,,,False
5001102500.0,Bakersfield town,1109.0,448.0,,,,,,,,,,,,,,,,,,,,,,,,,,,,,,,,,False
5002702575.0,Baltimore town,361.0,134.0,,,,,,,,,,,,,,,,,,,,,,,,,,,,,,,,,False
5002702725.0,Barnard town,1211.0,478.0,213676.54642081494,0.0,0.0,0.0,0.0,0.0,0.0,0.0,0.0,0.0,213676.54642081494,1.0,1.0,213676.54642081494,0.0,0.0,213676.54642081494,213676.54642081494,1.0,0.0,0.0,0.0,0.0,0.0,0.0,0.0,0.0,0.0,176.44636368357962,5.178668386820436,447.02206364187225,6.1048424804028905,True
5000502875.0,Barnet town,1855.0,751.0,,,,,,,,,,,,,,,,,,,,,,,,,,,,,,,,,False
5002303175.0,Barre city,8412.0,4094.0,1304283.2296981895,0.0,0.0,0.0,0.0,0.0,264206.8612855592,0.0,0.0,122199.89159482054,1690689.9825785693,8.0,10.0,1240560.5999576983,450129.382620871,0.0,169068.99825785693,211336.24782232117,0.7714502618090583,0.0,0.0,0.0,0.0,0.0,0.1562716192844545,0.0,0.0,0.07227811890648717,200.98549483815611,5.3081958870910055,412.96775343882985,6.02578808054734,True
5002303250.0,Barre town,8005.0,3525.0,462245.3400660518,0.0,0.0,0.0,0.0,0.0,87506.99753915785,0.0,0.0,0.0,549752.3376052097,3.0,3.0,87506.99753915785,0.0,462245.3400660518,183250.77920173656,183250.77920173656,0.8408246922235031,0.0,0.0,0.0,0.0,0.0,0.15917530777649685,0.0,0.0,0.0,68.67611962588504,4.243857642501695,155.95810995892472,5.055978954198457,True
5001903550.0,Barton town,2815.0,1176.0,46706.28859679178,0.0,20263.39303875069,0.0,0.0,0.0,7001.298869951173,0.0,0.0,0.0,73970.98050549364,1.0,1.0,0.0,0.0,73970.98050549364,73970.98050549364,73970.98050549364,0.6314136743573788,0.0,0.27393706153787944,0.0,0.0,0.0,0.09464926410474178,0.0,0.0,0.0,26.27743534831035,3.3060598163971298,62.90049362712045,4.157327086347712,True
5001504375.0,Belvidere town,422.0,194.0,43281.2602951597,0.0,0.0,0.0,0.0,0.0,31841.467801782368,0.0,0.0,0.0,75122.72809694207,1.0,1.0,17335.281860681214,0.0,57787.446236260854,75122.72809694207,75122.72809694207,0.5761406885983618,0.0,0.0,0.0,0.0,0.0,0.42385931140163824,0.0,0.0,0.0,178.01594335768263,5.187474870911677,387.23055720073233,5.961599382734238,True
5000304825.0,Bennington town,15249.0,6358.0,,,,,,,,,,,,,,,,,,,,,,,,,,,,,,,,,False
5002105200.0,Benson town,784.0,314.0,,,,,,,,,,,,,,,,,,,,,,,,,,,,,,,,,False
5001105425.0,Berkshire town,1745.0,651.0,0.0,0.0,0.0,0.0,0.0,0.0,367999.39834710857,0.0,0.0,0.0,367999.39834710857,0.0,0.0,0.0,0.0,367999.39834710857,,,0.0,0.0,0.0,0.0,0.0,0.0,1.0,0.0,0.0,0.0,210.88790736223987,5.356057395982972,565.2832539894141,6.3390944017650215,True
5002305650.0,Berlin town,2880.0,1195.0,197667.83293959592,0.0,0.0,0.0,0.0,0.0,51953.78079864062,0.0,0.0,0.0,249621.61373823654,1.0,1.0,197667.83293959592,0.0,51953.78079864062,249621.61373823654,249621.61373823654,0.7918698624666313,0.0,0.0,0.0,0.0,0.0,0.20813013753336873,0.0,0.0,0.0,86.67417143688769,4.473627345589659,208.88837969726907,5.346575864156748,True
5002705800.0,Bethel town,1736.0,864.0,529401.3961200824,0.0,65666.56579930862,0.0,0.0,0.0,0.0,0.0,0.0,0.0,595067.961919391,4.0,4.0,529401.3961200824,0.0,65666.56579930862,148766.99047984774,148766.99047984774,0.8896486283894345,0.0,0.11035137161056562,0.0,0.0,0.0,0.0,0.0,0.0,0.0,342.7810840549487,5.840005071234235,688.7360670363321,6.536309012873557,True
5000906325.0,Bloomfield town,234.0,113.0,,,,,,,,,,,,,,,,,,,,,,,,,,,,,,,,,False
5000706550.0,Bolton town,1163.0,548.0,275263.6404328988,0.0,0.0,0.0,0.0,0.0,68969.50190389072,0.0,0.0,138772.93608275236,483006.0784195419,8.0,9.0,414036.5765156512,0.0,68969.50190389072,53667.34204661576,60375.759802442735,0.5698968454674461,0.0,0.0,0.0,0.0,0.0,0.14279220280119004,0.0,0.0,0.2873109517313639,415.310471555926,6.031431307754204,881.3979533203319,6.782643148490016,True
5001707375.0,Bradford town,2827.0,1029.0,,,,,,,,,,,,,,,,,,,,,,,,,,,,,,,,,False
5001707600.0,Braintree town,1026.0,511.0,,,,,,,,,,,,,,,,,,,,,,,,,,,,,,,,,False
5002107750.0,Brandon town,4120.0,1703.0,1225474.210708647,0.0,0.0,0.0,0.0,0.0,2669177.4239813588,0.0,0.0,0.0,3894651.6346900053,8.0,8.0,3894651.6346900053,0.0,0.0,486831.45433625067,486831.45433625067,0.3146556677350139,0.0,0.0,0.0,0.0,0.0,0.6853443322649863,0.0,0.0,0.0,945.3037948276711,6.852563653680162,2286.9357807927217,7.73540528427043,True
5002507900.0,Brattleboro town,12122.0,5503.0,905943.9674004776,660837.0569579948,1065911.2414956975,0.0,0.0,0.0,716612.0768838038,0.0,0.0,74218.69417723965,3423523.036915214,13.0,13.0,3349304.3427379737,0.0,74218.69417723965,263347.92591655493,263347.92591655493,0.2646233010941804,0.19302836576015742,0.31134922417701716,0.0,0.0,0.0,0.20932006858335953,0.0,0.0,0.021679040385285345,282.42229309645387,5.646937987170761,622.1193961321486,6.4347381475075975,True
5002708275.0,Bridgewater town,980.0,459.0,939270.7314499669,0.0,0.0,0.0,0.0,0.0,0.0,0.0,0.0,0.0,939270.7314499669,5.0,5.0,939270.7314499669,0.0,0.0,187854.14628999337,187854.14628999337,1.0,0.0,0.0,0.0,0.0,0.0,0.0,0.0,0.0,0.0,958.4395218877213,6.866349282599028,2046.3414628539583,7.62429738310984,True
5000108575.0,Bridport town,1235.0,530.0,,,,,,,,,,,,,,,,,,,,,,,,,,,,,,,,,False
5000908725.0,Brighton town,1167.0,554.0,,,,,,,,,,,,,,,,,,,,,,,,,,,,,,,,,False
5000109025.0,Bristol town,3778.0,1861.0,796625.3759934192,0.0,0.0,0.0,0.0,0.0,0.0,0.0,0.0,0.0,796625.3759934192,15.0,15.0,0.0,0.0,796625.3759934192,53108.35839956128,53108.35839956128,1.0,0.0,0.0,0.0,0.0,0.0,0.0,0.0,0.0,0.0,210.85901958534123,5.355921051504198,428.0630714634171,6.061603927849921,True
5001709325.0,Brookfield town,1486.0,636.0,,,,,,,,,,,,,,,,,,,,,,,,,,,,,,,,,False
5002509475.0,Brookline town,531.0,212.0,0.0,0.0,74956.06065897322,0.0,0.0,0.0,0.0,0.0,0.0,0.0,74956.06065897322,0.0,0.0,0.0,0.0,74956.06065897322,,,0.0,0.0,1.0,0.0,0.0,0.0,0.0,0.0,0.0,0.0,141.16018956492132,4.956954517307249,353.5663238630812,5.870895419764978,True
5001909850.0,Brownington town,1144.0,410.0,,,,,,,,,,,,,,,,,,,,,,,,,,,,,,,,,False
5000910075.0,Brunswick town,109.0,41.0,,,,,,,,,,,,,,,,,,,,,,,,,,,,,,,,,False
5000710300.0,Buels gore,19.0,13.0,,,,,,,,,,,,,,,,,,,,,,,,,,,,,,,,,False
5000510450.0,Burke town,1317.0,562.0,,,,,,,,,,,,,,,,,,,,,,,,,,,,,,,,,False
5000710675.0,Burlington city,44675.0,17504.0,876895.1060466941,0.0,0.0,0.0,0.0,0.0,0.0,0.0,0.0,16176.277503938729,893071.3835506329,3.0,3.0,876895.1060466941,0.0,16176.277503938729,297690.4611835443,297690.4611835443,0.9818869154225658,0.0,0.0,0.0,0.0,0.0,0.0,0.0,0.0,0.01811308457743413,19.99040589928669,3.0440654713914816,51.02098854836797,3.951647263076547,True
5002311125.0,Cabot town,1579.0,571.0,0.0,0.0,9875.627291781886,0.0,0.0,0.0,703851.6647718513,0.0,0.0,0.0,713727.2920636332,0.0,0.0,703851.6647718513,0.0,9875.627291781886,,,0.0,0.0,0.013836695614130184,0.0,0.0,0.0,0.9861633043858697,0.0,0.0,0.0,452.01221789970435,6.115919096200346,1249.9602312848217,7.131666720421102,True
5002311350.0,Calais town,1713.0,674.0,,,,,,,,,,,,,,,,,,,,,,,,,,,,,,,,,False
5001511500.0,Cambridge town,3767.0,1578.0,713254.9381274292,0.0,79736.67043272045,0.0,0.0,891456.5329594695,560072.9261975553,0.0,0.0,205112.6585147705,2449633.726231945,4.0,6.0,1656642.1176717952,351952.83584976784,441038.77271038183,408272.2877053242,612408.4315579863,0.29116799401050303,0.0,0.03255044604377338,0.0,0.0,0.3639142143632706,0.22863537523998165,0.0,0.0,0.08373197034247122,650.28768946959,6.478951463899116,1552.3661129480008,7.348179540985146,True
5000911800.0,Canaan town,810.0,384.0,,,,,,,,,,,,,,,,,,,,,,,,,,,,,,,,,False
5002111950.0,Castleton town,4453.0,1663.0,0.0,0.0,0.0,0.0,6409.633205422076,2857.03603788942,329392.04865149345,0.0,0.0,0.0,338658.71789480495,0.0,0.0,0.0,0.0,338658.71789480495,,,0.0,0.0,0.0,0.0,0.01892652651987259,0.008436328040363279,0.9726371454397641,0.0,0.0,0.0,76.05181178863799,4.34447807594311,203.64324587781417,5.3212681991092285,True
5002712250.0,Cavendish town,1242.0,459.0,0.0,0.0,0.0,0.0,0.0,0.0,0.0,0.0,0.0,0.0,0.0,0.0,0.0,0.0,0.0,0.0,,,0.0,0.0,0.0,0.0,0.0,0.0,0.0,0.0,0.0,0.0,0.0,0.0,0.0,0.0,False
5001913150.0,Charleston town,936.0,464.0,0.0,0.0,0.0,0.0,0.0,199324.85825921036,106705.84599741407,0.0,0.0,0.0,306030.70425662445,0.0,0.0,306030.70425662445,0.0,0.0,,,0.0,0.0,0.0,0.0,0.0,0.6513230714656165,0.3486769285343834,0.0,0.0,0.0,326.9558806160518,5.7928790890199044,659.5489315875527,6.493071203864199,True
5000713300.0,Charlotte town,3916.0,1807.0,,,,,,,,,,,,,,,,,,,,,,,,,,,,,,,,,False
5001713525.0,Chelsea town,1223.0,527.0,609869.2567721722,0.0,0.0,0.0,0.0,0.0,0.0,0.0,0.0,0.0,609869.2567721722,3.0,3.0,609869.2567721722,0.0,0.0,203289.75225739073,203289.75225739073,1.0,0.0,0.0,0.0,0.0,0.0,0.0,0.0,0.0,0.0,498.6666040655537,6.213941084148731,1157.2471665506114,7.054663077974414,True
5002713675.0,Chester town,2992.0,1304.0,915695.3694222581,0.0,882430.9123622994,0.0,0.0,194891.92904268653,0.0,0.0,0.0,0.0,1993018.210827244,6.0,6.0,1499991.0225538195,493027.18827342446,0.0,332169.70180454064,332169.70180454064,0.45945158175056494,0.0,0.44276108846794127,0.0,0.0,0.09778732978149385,0.0,0.0,0.0,0.0,666.115712174881,6.5029635123910055,1528.3881984871502,7.332623064147209,True
5002114350.0,Chittenden town,1318.0,509.0,0.0,0.0,0.0,0.0,0.0,0.0,180538.44671545306,0.0,0.0,0.0,180538.44671545306,0.0,0.0,180538.44671545306,0.0,0.0,,,0.0,0.0,0.0,0.0,0.0,0.0,1.0,0.0,0.0,0.0,136.9790946247747,4.927102185455434,354.69242969637145,5.874066395895122,True
5002114500.0,Clarendon town,2460.0,1028.0,36688.309825827266,0.0,0.0,0.0,0.0,0.0,0.0,0.0,0.0,0.0,36688.309825827266,1.0,1.0,36688.309825827266,0.0,0.0,36688.309825827266,36688.309825827266,1.0,0.0,0.0,0.0,0.0,0.0,0.0,0.0,0.0,0.0,14.91394708366962,2.767195899806521,35.689017340298896,3.6024774552420746,True
5000714875.0,Colchester town,17648.0,7092.0,0.0,0.0,488858.821279071,0.0,0.0,0.0,0.0,0.0,0.0,0.0,488858.821279071,0.0,0.0,0.0,0.0,488858.821279071,,,0.0,0.0,1.0,0.0,0.0,0.0,0.0,0.0,0.0,0.0,27.700522511280088,3.356915328567796,68.93102386901734,4.247509382950182,True
5000915250.0,Concord town,1145.0,518.0,,,,,,,,,,,,,,,,,,,,,,,,,,,,,,,,,False
5001715700.0,Corinth town,1539.0,638.0,,,,,,,,,,,,,,,,,,,,,,,,,,,,,,,,,False
5000116000.0,Cornwall town,1208.0,492.0,,,,,,,,,,,,,,,,,,,,,,,,,,,,,,,,,False
5001916150.0,Coventry town,917.0,378.0,,,,,,,,,,,,,,,,,,,,,,,,,,,,,,,,,False
5001916300.0,Craftsbury town,1352.0,527.0,,,,,,,,,,,,,,,,,,,,,,,,,,,,,,,,,False
5002116825.0,Danby town,1133.0,487.0,82513.44810284571,0.0,0.0,0.0,0.0,0.0,0.0,0.0,0.0,0.0,82513.44810284571,1.0,1.0,82513.44810284571,0.0,0.0,82513.44810284571,82513.44810284571,1.0,0.0,0.0,0.0,0.0,0.0,0.0,0.0,0.0,0.0,72.82740344470054,4.301729983072969,169.43213162801993,5.138337162511038,True
5000517125.0,Danville town,2360.0,1064.0,,,,,,,,,,,,,,,,,,,,,,,,,,,,,,,,,False
5001917350.0,Derby town,4537.0,2224.0,0.0,0.0,176773.72852289578,0.0,0.0,0.0,94237.31433876097,0.0,0.0,0.0,271011.04286165675,0.0,0.0,0.0,0.0,271011.04286165675,,,0.0,0.0,0.6522750019936775,0.0,0.0,0.0,0.3477249980063225,0.0,0.0,0.0,59.733533802437016,4.106495996960813,121.85748330110465,4.8110250112439035,True
5000317725.0,Dorset town,2092.0,838.0,911269.28556679,0.0,0.0,0.0,0.0,0.0,0.0,0.0,0.0,0.0,911269.28556679,1.0,1.0,911269.28556679,0.0,0.0,911269.28556679,911269.28556679,1.0,0.0,0.0,0.0,0.0,0.0,0.0,0.0,0.0,0.0,435.5971728330736,6.079010968678189,1087.4335149961694,6.992494799338499,True
5002517875.0,Dover town,1466.0,697.0,,,,,,,,,,,,,,,,,,,,,,,,,,,,,,,,,False
5002518325.0,Dummerston town,2090.0,900.0,,,,,,,,,,,,,,,,,,,,,,,,,,,,,,,,,False
5002318550.0,Duxbury town,1548.0,624.0,187068.0813054003,0.0,0.0,0.0,0.0,0.0,0.0,0.0,0.0,0.0,187068.0813054003,1.0,1.0,187068.0813054003,0.0,0.0,187068.0813054003,187068.0813054003,1.0,0.0,0.0,0.0,0.0,0.0,0.0,0.0,0.0,0.0,120.84501376317849,4.802749858127469,299.7885918355774,5.70640766527794,True
5000921250.0,East Haven town,225.0,115.0,,,,,,,,,,,,,,,,,,,,,,,,,,,,,,,,,False
5002321925.0,East Montpelier town,2612.0,1150.0,,,,,,,,,,,,,,,,,,,,,,,,,,,,,,,,,False
5001523500.0,Eden town,1351.0,571.0,0.0,0.0,0.0,0.0,0.0,0.0,9229.256504481435,0.0,0.0,0.0,9229.256504481435,0.0,0.0,0.0,0.0,9229.256504481435,,,0.0,0.0,0.0,0.0,0.0,0.0,1.0,0.0,0.0,0.0,6.83142598407212,2.0581446114381126,16.163321373872915,2.842774628586799,True
5001523725.0,Elmore town,964.0,400.0,,,,,,,,,,,,,,,,,,,,,,,,,,,,,,,,,False
5001124050.0,Enosburgh town,2804.0,1167.0,0.0,0.0,143741.1253002223,0.0,0.0,0.0,189311.2963611036,0.0,0.0,0.0,333052.4216613259,0.0,0.0,101789.85152984477,0.0,231262.57013148113,,,0.0,0.0,0.43158708945341245,0.0,0.0,0.0,0.5684129105465875,0.0,0.0,0.0,118.77761114883235,4.785636782981005,285.3919637200736,5.657361375056197,True
5000724400.0,Essex Junction city,10803.0,4761.0,,,,,,,,,,,,,,,,,,,,,,,,,,,,,,,,,False
5000724175.0,Essex town,11516.0,4912.0,0.0,0.0,0.0,0.0,0.0,0.0,136021.27517896035,0.0,0.0,0.0,136021.27517896035,0.0,0.0,0.0,0.0,136021.27517896035,,,0.0,0.0,0.0,0.0,0.0,0.0,1.0,0.0,0.0,0.0,11.81150357580413,2.5503434841810715,27.6916276830131,3.3566053618455842,True
5002125375.0,Fair Haven town,2724.0,1003.0,,,,,,,,,,,,,,,,,,,,,,,,,,,,,,,,,False
5001124925.0,Fairfax town,5226.0,1845.0,0.0,0.0,6912.93910424732,0.0,0.0,0.0,192156.25251593086,0.0,0.0,0.0,199069.19162017817,0.0,0.0,0.0,0.0,199069.19162017817,,,0.0,0.0,0.03472631323804806,0.0,0.0,0.0,0.9652736867619519,0.0,0.0,0.0,38.09207646769578,3.6659197985704446,107.8965808239448,4.690398632053396,True
5001125225.0,Fairfield town,1938.0,733.0,0.0,0.0,0.0,0.0,25220.47360286733,25220.47360286733,108279.22302538523,0.0,0.0,0.0,158720.1702311199,1.0,1.0,50440.94720573466,0.0,108279.22302538523,158720.1702311199,158720.1702311199,0.0,0.0,0.0,0.0,0.15889898282078838,0.15889898282078838,0.6822020343584232,0.0,0.0,0.0,81.89895264763669,4.4176224281366725,216.53502077915402,5.382359852643773,True
5001725675.0,Fairlee town,1066.0,507.0,,,,,,,,,,,,,,,,,,,,,,,,,,,,,,,,,False
5002325825.0,Fayston town,1342.0,547.0,,,,,,,,,,,,,,,,,,,,,,,,,,,,,,,,,False
5000925975.0,Ferdinand town,68.0,41.0,,,,,,,,,,,,,,,,,,,,,,,,,,,,,,,,,False
5000126300.0,Ferrisburgh town,2661.0,1085.0,,,,,,,,,,,,,,,,,,,,,,,,,,,,,,,,,False
5001126500.0,Fletcher town,1196.0,484.0,,,,,,,,,,,,,,,,,,,,,,,,,,,,,,,,,False
5001127100.0,Franklin town,1590.0,617.0,,,,,,,,,,,,,,,,,,,,,,,,,,,,,,,,,False
5001127700.0,Georgia town,4890.0,1821.0,0.0,0.0,96287.36609487339,0.0,0.0,0.0,0.0,0.0,0.0,0.0,96287.36609487339,0.0,0.0,0.0,0.0,96287.36609487339,,,0.0,0.0,1.0,0.0,0.0,0.0,0.0,0.0,0.0,0.0,19.690667913062043,3.0296827731630347,52.8760934073989,3.9866868434829104,True
5000327962.0,Glastenbury town,0.0,0.0,,,,,,,,,,,,,,,,,,,,,,,,,,,,,,,,,False
5001928075.0,Glover town,1051.0,433.0,0.0,0.0,0.0,0.0,0.0,0.0,10830.676275289889,0.0,0.0,0.0,10830.676275289889,0.0,0.0,0.0,0.0,10830.676275289889,,,0.0,0.0,0.0,0.0,0.0,0.0,1.0,0.0,0.0,0.0,10.305115390380484,2.4252553126995564,25.01310918080806,3.258600610217592,True
5000128600.0,Goshen town,142.0,70.0,0.0,0.0,5955.802789961275,0.0,0.0,0.0,11265.370527357347,0.0,0.0,0.0,17221.173317318622,0.0,0.0,0.0,0.0,17221.173317318622,,,0.0,0.0,0.3458418703661597,0.0,0.0,0.0,0.6541581296338403,0.0,0.0,0.0,121.27586843182128,4.80627970868457,246.01676167598032,5.509456195361879,True
5002528900.0,Grafton town,666.0,316.0,830334.6719429478,0.0,0.0,0.0,0.0,29868.966240118578,65336.048130886506,0.0,0.0,0.0,925539.6863139529,4.0,4.0,830334.6719429478,0.0,95205.01437100509,231384.92157848823,231384.92157848823,0.8971356757805082,0.0,0.0,0.0,0.0,0.03227194541929854,0.07059237880019315,0.0,0.0,0.0,1389.699228699629,7.23756194187136,2928.923057955547,7.98273144158288,True
5000929125.0,Granby town,67.0,41.0,,,,,,,,,,,,,,,,,,,,,,,,,,,,,,,,,False
5001329275.0,Grand Isle town,2192.0,925.0,,,,,,,,,,,,,,,,,,,,,,,,,,,,,,,,,False
5000129575.0,Granville town,414.0,206.0,316570.0637879913,0.0,0.0,0.0,0.0,0.0,0.0,0.0,0.0,0.0,316570.0637879913,4.0,4.0,316570.0637879913,0.0,0.0,79142.51594699782,79142.51594699782,1.0,0.0,0.0,0.0,0.0,0.0,0.0,0.0,0.0,0.0,764.6619898260659,6.640740805808253,1536.7478824659772,7.338074211053536,True
5001930175.0,Greensboro town,633.0,289.0,,,,,,,,,,,,,,,,,,,,,,,,,,,,,,,,,False
5000530550.0,Groton town,967.0,429.0,0.0,0.0,0.0,0.0,0.0,0.0,2930.51187515536,0.0,0.0,0.0,2930.51187515536,0.0,0.0,0.0,0.0,2930.51187515536,,,0.0,0.0,0.0,0.0,0.0,0.0,1.0,0.0,0.0,0.0,3.0305190022289143,1.3938951523387446,6.831030012017156,2.0580940482243806,True
5000930775.0,Guildhall town,371.0,158.0,0.0,0.0,0.0,0.0,0.0,0.0,11679.77088668374,0.0,0.0,0.0,11679.77088668374,0.0,0.0,0.0,0.0,11679.77088668374,,,0.0,0.0,0.0,0.0,0.0,0.0,1.0,0.0,0.0,0.0,31.48186222825806,3.4806818482637674,73.92260054863127,4.316455587980299,True
5002530925.0,Guilford town,2461.0,1091.0,0.0,0.0,0.0,0.0,0.0,0.0,15588.422413536711,0.0,0.0,0.0,15588.422413536711,0.0,1.0,0.0,0.0,15588.422413536711,15588.422413536711,,0.0,0.0,0.0,0.0,0.0,0.0,1.0,0.0,0.0,0.0,6.334182207857258,1.9925459136079404,14.288196529364539,2.727081061994313,True
5002531150.0,Halifax town,847.0,306.0,,,,,,,,,,,,,,,,,,,,,,,,,,,,,,,,,False
5000131525.0,Hancock town,435.0,210.0,0.0,0.0,0.0,0.0,0.0,0.0,0.0,0.0,0.0,0.0,0.0,0.0,0.0,0.0,0.0,0.0,,,0.0,0.0,0.0,0.0,0.0,0.0,0.0,0.0,0.0,0.0,0.0,0.0,0.0,0.0,False
5000531825.0,Hardwick town,2965.0,1333.0,484722.6076065387,0.0,0.0,0.0,22946.7417538214,67539.91503823281,0.0,0.0,0.0,0.0,575209.264398593,3.0,3.0,0.0,353446.66311427543,221762.6012843175,191736.42146619767,191736.42146619767,0.8426891526396708,0.0,0.0,0.0,0.03989285843268405,0.11741798892764499,0.0,0.0,0.0,0.0,193.9997519050904,5.27299828628135,431.5148270056962,6.0696166078784115,True
5002732275.0,Hartford town,10736.0,4685.0,2832179.302813443,0.0,0.0,0.0,0.0,54383.104370384484,0.0,0.0,0.0,0.0,2886562.4071838274,8.0,9.0,2452700.421231363,379478.88158208004,54383.104370384484,320729.1563537586,360820.3008979784,0.9811599069415439,0.0,0.0,0.0,0.0,0.018840093058456145,0.0,0.0,0.0,0.0,268.86758636213,5.597931417821723,616.128582109675,6.425077401074517,True
5002732425.0,Hartland town,3460.0,1578.0,,,,,,,,,,,,,,,,,,,,,,,,,,,,,,,,,False
5001133025.0,Highgate town,3528.0,1470.0,837286.6184550504,0.0,3065746.129907214,0.0,0.0,0.0,93915.10694653062,0.0,0.0,0.0,3996947.855308795,4.0,4.0,3167869.4785427195,0.0,829078.3767660754,999236.9638271987,999236.9638271987,0.2094814965731805,0.0,0.7670217978538931,0.0,0.0,0.0,0.02349670557292646,0.0,0.0,0.0,1132.9217276952365,7.033437458709047,2719.012146468568,7.908391624893516,True
5000733475.0,Hinesburg town,4718.0,2181.0,0.0,0.0,0.0,0.0,0.0,0.0,20792.14570011758,0.0,0.0,0.0,20792.14570011758,0.0,0.0,0.0,0.0,20792.14570011758,,,0.0,0.0,0.0,0.0,0.0,0.0,1.0,0.0,0.0,0.0,4.406982980101225,1.6876912626422274,9.53330843655093,2.354542468303381,True
5001933775.0,Holland town,790.0,361.0,,,,,,,,,,,,,,,,,,,,,,,,,,,,,,,,,False
5002134450.0,Hubbardton town,831.0,299.0,,,,,,,,,,,,,,,,,,,,,,,,,,,,,,,,,False
5000734600.0,Huntington town,1853.0,849.0,981332.526711607,0.0,0.0,0.0,0.0,0.0,41643.887693246535,0.0,0.0,0.0,1022976.4144048536,5.0,7.0,981332.526711607,0.0,41643.887693246535,146139.48777212194,204595.2828809707,0.9592914488478465,0.0,0.0,0.0,0.0,0.0,0.04070855115215348,0.0,0.0,0.0,552.0649834888578,6.315475505448239,1204.9192160245625,7.094997389989272,True
5001535050.0,Hyde Park town,3000.0,1271.0,255179.25034981212,0.0,0.0,0.0,0.0,0.0,32224.109875625632,0.0,0.0,0.0,287403.36022543773,0.0,2.0,255179.25034981212,0.0,32224.109875625632,143701.68011271887,,0.8878784512110465,0.0,0.0,0.0,0.0,0.0,0.11212154878895363,0.0,0.0,0.0,95.80112007514592,4.572658565239823,226.1238082025474,5.425495279383019,True
5002135425.0,Ira town,381.0,161.0,,,,,,,,,,,,,,,,,,,,,,,,,,,,,,,,,False
5001935575.0,Irasburg town,1384.0,534.0,,,,,,,,,,,,,,,,,,,,,,,,,,,,,,,,,False
5001335875.0,Isle La Motte town,577.0,254.0,,,,,,,,,,,,,,,,,,,,,,,,,,,,,,,,,False
5002536175.0,Jamaica town,882.0,447.0,0.0,0.0,0.0,0.0,0.0,0.0,281399.41457678104,0.0,0.0,0.0,281399.41457678104,0.0,0.0,281399.41457678104,0.0,0.0,,,0.0,0.0,0.0,0.0,0.0,0.0,1.0,0.0,0.0,0.0,319.04695530247284,5.768467720349426,629.5288916706511,6.446558977781998,True
5001936325.0,Jay town,471.0,232.0,,,,,,,,,,,,,,,,,,,,,,,,,,,,,,,,,False
5000736700.0,Jericho town,5114.0,2106.0,0.0,0.0,1203438.388575648,0.0,0.0,0.0,0.0,0.0,0.0,0.0,1203438.388575648,0.0,0.0,999633.1406057762,0.0,203805.24796987162,,,0.0,0.0,1.0,0.0,0.0,0.0,0.0,0.0,0.0,0.0,235.32232862253576,5.465196672418238,571.4332329419032,6.349896104945059,True
5001537075.0,Johnson town,3450.0,1431.0,0.0,0.0,40985.82838635318,0.0,0.0,0.0,0.0,0.0,0.0,0.0,40985.82838635318,0.0,0.0,0.0,0.0,40985.82838635318,,,0.0,0.0,1.0,0.0,0.0,0.0,0.0,0.0,0.0,0.0,11.879950256913967,2.5556718586279086,28.641389508283147,3.389171678825809,True
5002137685.0,Killington town,785.0,385.0,0.0,0.0,0.0,0.0,0.0,0.0,16933.660415449187,0.0,0.0,0.0,16933.660415449187,0.0,0.0,0.0,0.0,16933.660415449187,,,0.0,0.0,0.0,0.0,0.0,0.0,1.0,0.0,0.0,0.0,21.57154193050852,3.1166899061967612,43.98353354662127,3.806296501618632,True
5000537900.0,Kirby town,756.0,263.0,,,,,,,,,,,,,,,,,,,,,,,,,,,,,,,,,False
5000339025.0,Landgrove town,225.0,107.0,,,,,,,,,,,,,,,,,,,,,,,,,,,,,,,,,False
5000139325.0,Leicester town,1026.0,454.0,,,,,,,,,,,,,,,,,,,,,,,,,,,,,,,,,False
5000939700.0,Lemington town,108.0,54.0,,,,,,,,,,,,,,,,,,,,,,,,,,,,,,,,,False
5000939775.0,Lewis town,0.0,0.0,,,,,,,,,,,,,,,,,,,,,,,,,,,,,,,,,False
5000140075.0,Lincoln town,1394.0,578.0,0.0,0.0,0.0,0.0,0.0,0.0,72291.59819237994,0.0,0.0,384029.3893551001,456320.9875474801,2.0,2.0,0.0,0.0,456320.9875474801,228160.49377374005,228160.49377374005,0.0,0.0,0.0,0.0,0.0,0.0,0.15842268965298908,0.0,0.0,0.8415773103470108,327.3464760024965,5.794069380136862,789.4826774177857,6.672643742959437,True
5002540225.0,Londonderry town,1873.0,776.0,250920.94220684413,0.0,0.0,0.0,0.0,0.0,0.0,0.0,250920.94220684413,140217.57988312768,642059.4642968159,7.0,8.0,642059.4642968159,0.0,0.0,80257.43303710199,91722.78061383085,0.39080639124547906,0.0,0.0,0.0,0.0,0.0,0.0,0.0,0.39080639124547906,0.21838721750904191,342.79736481410356,5.8400524280389305,827.3962168773401,6.719491562728456,True
5001940525.0,Lowell town,1070.0,371.0,,,,,,,,,,,,,,,,,,,,,,,,,,,,,,,,,False
5002741275.0,Ludlow town,1990.0,934.0,2194612.2835641084,0.0,0.0,0.0,0.0,0.0,103686.99951477132,0.0,0.0,0.0,2298299.2830788796,1.0,1.0,2298299.2830788796,0.0,0.0,2298299.2830788796,2298299.2830788796,0.9548853361795995,0.0,0.0,0.0,0.0,0.0,0.04511466382040058,0.0,0.0,0.0,1154.9242628537083,7.052655530523483,2460.7058705341324,7.808609831912249,True
5000941425.0,Lunenburg town,1267.0,582.0,,,,,,,,,,,,,,,,,,,,,,,,,,,,,,,,,False
5000541725.0,Lyndon town,5590.0,2309.0,74743.37366197184,0.0,62484.53121581361,0.0,0.0,0.0,0.0,0.0,0.0,0.0,137227.90487778545,1.0,1.0,0.0,0.0,137227.90487778545,137227.90487778545,137227.90487778545,0.544665997258633,0.0,0.455334002741367,0.0,0.0,0.0,0.0,0.0,0.0,0.0,24.548820192805984,3.2405911391767397,59.43174745681483,4.101514586996828,True
5000942475.0,Maidstone town,241.0,122.0,,,,,,,,,,,,,,,,,,,,,,,,,,,,,,,,,False
5000342850.0,Manchester town,4486.0,1847.0,,,,,,,,,,,,,,,,,,,,,,,,,,,,,,,,,False
5002543375.0,Marlboro town,1362.0,351.0,0.0,0.0,0.0,0.0,0.0,78996.89891668278,0.0,0.0,0.0,0.0,78996.89891668278,0.0,0.0,0.0,0.0,78996.89891668278,,,0.0,0.0,0.0,0.0,0.0,1.0,0.0,0.0,0.0,0.0,58.00065999756445,4.07754863024255,225.0623900760193,5.420811023457377,True
5002343600.0,Marshfield town,1863.0,711.0,636758.7305208975,0.0,0.0,0.0,0.0,0.0,0.0,0.0,0.0,0.0,636758.7305208975,0.0,2.0,0.0,636758.7305208975,0.0,318379.3652604488,,1.0,0.0,0.0,0.0,0.0,0.0,0.0,0.0,0.0,0.0,341.7921258834662,5.837124216458253,895.5818994668039,6.798589643548347,True
5002144125.0,Mendon town,1113.0,451.0,,,,,,,,,,,,,,,,,,,,,,,,,,,,,,,,,False
5000144350.0,Middlebury town,9175.0,2795.0,0.0,0.0,670480.3209344532,0.0,713342.1900933316,0.0,0.0,0.0,670480.3209344532,0.0,2054302.831962238,1.0,1.0,2011440.9628033596,0.0,42861.86915887851,2054302.831962238,2054302.831962238,0.0,0.0,0.32637852146366403,0.0,0.34724295707267183,0.0,0.0,0.0,0.32637852146366403,0.0,223.90221601768263,5.415665712263469,734.992068680586,6.601219342421608,True
5002344500.0,Middlesex town,1943.0,747.0,3819182.601713929,0.0,14939.36671574904,0.0,0.0,0.0,0.0,0.0,0.0,0.0,3834121.9684296777,3.0,16.0,400730.47909124417,3418452.1226226846,14939.36671574904,239632.62302685485,1278040.656143226,0.9961035755151348,0.0,0.0038964244848652225,0.0,0.0,0.0,0.0,0.0,0.0,0.0,1973.300035218568,7.587969201968692,5132.693398165566,8.543580639773527,True
5002144800.0,Middletown Springs town,747.0,272.0,,,,,,,,,,,,,,,,,,,,,,,,,,,,,,,,,False
5000745250.0,Milton town,10769.0,4220.0,,,,,,,,,,,,,,,,,,,,,,,,,,,,,,,,,False
5000145550.0,Monkton town,1999.0,847.0,,,,,,,,,,,,,,,,,,,,,,,,,,,,,,,,,False
5001145850.0,Montgomery town,1047.0,576.0,474836.1517469777,0.0,0.0,0.0,0.0,0.0,206945.99905925206,0.0,0.0,0.0,681782.1508062298,4.0,4.0,0.0,0.0,681782.1508062298,170445.53770155745,170445.53770155745,0.6964631608285262,0.0,0.0,0.0,0.0,0.0,0.3035368391714738,0.0,0.0,0.0,651.1768393564754,6.480315751158393,1183.6495673719267,7.077202286097574,True
5002346000.0,Montpelier city,8014.0,3721.0,0.0,0.0,0.0,0.0,63314.32839263214,0.0,678724.425799149,0.0,0.0,374248.52353546617,1116287.2777272472,8.0,10.0,0.0,0.0,1116287.2777272472,111628.72777272473,139535.9097159059,0.0,0.0,0.0,0.0,0.05671866880140357,0.0,0.6080194940329581,0.0,0.0,0.33526183716563845,139.29214845610772,4.943727023005802,299.99658095330483,5.707098905725242,True
5002346225.0,Moretown town,1532.0,656.0,0.0,0.0,0.0,0.0,0.0,0.0,424402.27351206314,0.0,0.0,132920.09820538585,557322.371717449,1.0,2.0,132920.09820538585,0.0,424402.27351206314,278661.1858587245,557322.371717449,0.0,0.0,0.0,0.0,0.0,0.0,0.7615023100619875,0.0,0.0,0.23849768993801237,363.78744890172914,5.899314852185404,849.576786154648,6.745914691305162,True
5001946450.0,Morgan town,827.0,382.0,,,,,,,,,,,,,,,,,,,,,,,,,,,,,,,,,False
5001546675.0,Morristown town,5722.0,3031.0,362560.19814973325,0.0,0.0,0.0,0.0,0.0,0.0,0.0,0.0,0.0,362560.19814973325,1.0,1.0,0.0,362560.19814973325,0.0,362560.19814973325,362560.19814973325,1.0,0.0,0.0,0.0,0.0,0.0,0.0,0.0,0.0,0.0,63.36249530753814,4.164531092465489,119.6173533981304,4.792623166131733,True
5002147200.0,Mount Holly town,1415.0,599.0,,,,,,,,,,,,,,,,,,,,,,,,,,,,,,,,,False
5002147425.0,Mount Tabor town,304.0,156.0,,,,,,,,,,,,,,,,,,,,,,,,,,,,,,,,,False
5000148700.0,New Haven town,1792.0,779.0,,,,,,,,,,,,,,,,,,,,,,,,,,,,,,,,,False
5000547725.0,Newark town,727.0,292.0,,,,,,,,,,,,,,,,,,,,,,,,,,,,,,,,,False
5001748175.0,Newbury town,2169.0,987.0,,,,,,,,,,,,,,,,,,,,,,,,,,,,,,,,,False
5002548400.0,Newfane town,1456.0,720.0,895786.5528384381,0.0,0.0,0.0,0.0,0.0,0.0,0.0,0.0,0.0,895786.5528384381,5.0,6.0,774242.2968601849,0.0,121544.25597825319,149297.75880640635,179157.31056768761,1.0,0.0,0.0,0.0,0.0,0.0,0.0,0.0,0.0,0.0,615.2380170593668,6.423633280233754,1244.1479900533861,7.127009669347385,True
5001948850.0,Newport city,4394.0,2031.0,,,,,,,,,,,,,,,,,,,,,,,,,,,,,,,,,False
5001948925.0,Newport town,1601.0,744.0,,,,,,,,,,,,,,,,,,,,,,,,,,,,,,,,,False
5001350650.0,North Hero town,1263.0,518.0,0.0,0.0,78578.98512860043,0.0,0.0,0.0,0.0,0.0,0.0,0.0,78578.98512860043,0.0,0.0,0.0,0.0,78578.98512860043,,,0.0,0.0,1.0,0.0,0.0,0.0,0.0,0.0,0.0,0.0,62.216140244339215,4.1465596521609305,151.6968824876456,5.028454796087204,True
5002350275.0,Northfield town,5920.0,2138.0,2524415.2401654795,0.0,109366.3581603408,0.0,0.0,0.0,340722.4573042429,0.0,0.0,0.0,2974504.055630063,20.0,20.0,2633781.59832582,0.0,340722.4573042429,148725.20278150315,148725.20278150315,0.8486844169492164,0.0,0.03676793042300111,0.0,0.0,0.0,0.11454765262778256,0.0,0.0,0.0,502.45000939697013,6.221484421026775,1391.2554048784207,7.23868030457998,True
5000952750.0,Norton town,108.0,56.0,,,,,,,,,,,,,,,,,,,,,,,,,,,,,,,,,False
5002752900.0,Norwich town,3640.0,1393.0,0.0,0.0,0.0,0.0,0.0,0.0,55748.40447628458,0.0,0.0,0.0,55748.40447628458,0.0,0.0,0.0,0.0,55748.40447628458,,,0.0,0.0,0.0,0.0,0.0,0.0,1.0,0.0,0.0,0.0,15.315495735243017,2.7921153148268747,40.02039086596165,3.7140692812668443,True
5001753425.0,Orange town,957.0,401.0,0.0,0.0,1238.4036623894485,0.0,0.0,0.0,0.0,0.0,0.0,0.0,1238.4036623894485,0.0,0.0,0.0,0.0,1238.4036623894485,,,0.0,0.0,1.0,0.0,0.0,0.0,0.0,0.0,0.0,0.0,1.2940477140955575,0.8303178180094236,3.0882884348864055,1.408126406891474,True
5000153725.0,Orwell town,1294.0,519.0,0.0,0.0,0.0,0.0,0.0,45412.99838688646,0.0,0.0,0.0,0.0,45412.99838688646,0.0,0.0,0.0,0.0,45412.99838688646,,,0.0,0.0,0.0,0.0,0.0,1.0,0.0,0.0,0.0,0.0,35.095052849216735,3.5861558157600686,87.50096028301823,4.483013402610589,True
5000153950.0,Panton town,690.0,264.0,,,,,,,,,,,,,,,,,,,,,,,,,,,,,,,,,False
5002154250.0,Pawlet town,1480.0,600.0,0.0,0.0,0.0,0.0,0.0,0.0,852992.7181359925,0.0,0.0,0.0,852992.7181359925,0.0,0.0,780211.3451140007,0.0,72781.3730219919,,,0.0,0.0,0.0,0.0,0.0,0.0,1.0,0.0,0.0,0.0,576.346431172968,6.358442486986135,1421.6545302266543,7.260279792948628,True
5000554400.0,Peacham town,887.0,410.0,0.0,0.0,0.0,0.0,0.0,0.0,13469.367847235344,0.0,0.0,0.0,13469.367847235344,0.0,0.0,0.0,0.0,13469.367847235344,,,0.0,0.0,0.0,0.0,0.0,0.0,1.0,0.0,0.0,0.0,15.185307606804221,2.7841038928697817,32.85211670057401,3.5220015291779663,True
5000355000.0,Peru town,434.0,167.0,,,,,,,,,,,,,,,,,,,,,,,,,,,,,,,,,False
5002155450.0,Pittsfield town,391.0,189.0,1064664.1979273395,0.0,0.0,0.0,0.0,0.0,0.0,0.0,0.0,0.0,1064664.1979273395,6.0,6.0,1064664.1979273395,0.0,0.0,177444.03298788992,177444.03298788992,1.0,0.0,0.0,0.0,0.0,0.0,0.0,0.0,0.0,0.0,2722.9263374100756,7.909829624836974,5633.143904377457,8.636600490243147,True
5002155600.0,Pittsford town,2892.0,1391.0,,,,,,,,,,,,,,,,,,,,,,,,,,,,,,,,,False
5002355825.0,Plainfield town,1314.0,585.0,0.0,0.0,134250.2400768246,0.0,0.0,0.0,0.0,0.0,0.0,0.0,134250.2400768246,1.0,1.0,0.0,0.0,134250.2400768246,134250.2400768246,134250.2400768246,0.0,0.0,1.0,0.0,0.0,0.0,0.0,0.0,0.0,0.0,102.16913247855753,4.636369704417026,229.48758987491382,5.440197020965211,True
5002756050.0,Plymouth town,533.0,227.0,738349.640774843,0.0,0.0,0.0,0.0,0.0,0.0,0.0,0.0,0.0,738349.640774843,3.0,3.0,738349.640774843,0.0,0.0,246116.54692494767,246116.54692494767,1.0,0.0,0.0,0.0,0.0,0.0,0.0,0.0,0.0,0.0,1385.2713710597432,7.234372955000023,3252.641589316489,8.087530137064949,True
5002756350.0,Pomfret town,908.0,433.0,,,,,,,,,,,,,,,,,,,,,,,,,,,,,,,,,False
5002156875.0,Poultney town,3010.0,1028.0,0.0,0.0,0.0,0.0,0.0,0.0,125119.22885948443,0.0,0.0,0.0,125119.22885948443,0.0,0.0,0.0,0.0,125119.22885948443,,,0.0,0.0,0.0,0.0,0.0,0.0,1.0,0.0,0.0,0.0,41.56785011943004,3.7510992763197724,121.71131212012104,4.809834540785343,True
5000357025.0,Pownal town,3265.0,1409.0,,,,,,,,,,,,,,,,,,,,,,,,,,,,,,,,,False
5002157250.0,Proctor town,1794.0,690.0,,,,,,,,,,,,,,,,,,,,,,,,,,,,,,,,,False
5002557700.0,Putney town,2622.0,898.0,,,,,,,,,,,,,,,,,,,,,,,,,,,,,,,,,False
5001758075.0,Randolph town,4843.0,2062.0,0.0,0.0,0.0,0.0,61956.202735317784,0.0,0.0,0.0,0.0,0.0,61956.202735317784,0.0,0.0,0.0,0.0,61956.202735317784,,,0.0,0.0,0.0,0.0,1.0,0.0,0.0,0.0,0.0,0.0,12.79293882620644,2.624156781950251,30.04665506077487,3.4354910750651864,True
5002758375.0,Reading town,699.0,298.0,,,,,,,,,,,,,,,,,,,,,,,,,,,,,,,,,False
5000358600.0,Readsboro town,807.0,390.0,706334.2396876831,0.0,0.0,0.0,0.0,0.0,0.0,0.0,0.0,0.0,706334.2396876831,3.0,3.0,706334.2396876831,0.0,0.0,235444.74656256102,235444.74656256102,1.0,0.0,0.0,0.0,0.0,0.0,0.0,0.0,0.0,0.0,875.2592809017139,6.7756620299066475,1811.1134350966233,7.502249086793946,True
5001159125.0,Richford town,2467.0,981.0,0.0,0.0,71756.08744991853,0.0,0.0,0.0,64532.77947360225,0.0,0.0,0.0,136288.86692352078,0.0,0.0,0.0,0.0,136288.86692352078,,,0.0,0.0,0.5264999927703914,0.0,0.0,0.0,0.47350000722960855,0.0,0.0,0.0,55.244777836854794,4.029713198318858,138.92850858666745,4.941131639229306,True
5000759275.0,Richmond town,4159.0,1842.0,323177.1945922504,0.0,0.0,0.0,0.0,0.0,124526.48745968458,0.0,0.0,123446.3250496473,571150.0071015822,19.0,19.0,446623.5196418977,0.0,124526.48745968458,30060.526689556962,30060.526689556962,0.5658359285195133,0.0,0.0,0.0,0.0,0.0,0.21802763881877504,0.0,0.0,0.21613643266171173,137.32868648751676,4.929632639341871,310.0705793168199,5.740019829572435,True
5000159650.0,Ripton town,508.0,187.0,243688.0020350666,0.0,165261.5424482697,0.0,0.0,0.0,34497.588284725,0.0,0.0,0.0,443447.1327680613,0.0,1.0,0.0,243688.0020350666,199759.1307329947,443447.1327680613,,0.5495311256472237,0.0,0.37267473445297344,0.0,0.0,0.0,0.07779413989980284,0.0,0.0,0.0,872.927426708782,6.772997336405563,2371.3750415404347,7.771646859567146,True
5002760100.0,Rochester town,1389.0,713.0,338469.1792928732,0.0,0.0,0.0,33824.464610876705,0.0,0.0,0.0,0.0,0.0,372293.6439037499,2.0,2.0,338469.1792928732,0.0,33824.464610876705,186146.82195187494,186146.82195187494,0.9091457370687172,0.0,0.0,0.0,0.09085426293128292,0.0,0.0,0.0,0.0,0.0,268.0299812122029,5.594822827711725,522.1509732170405,6.25987009012742,True
5002560250.0,Rockingham town,4807.0,2194.0,213449.92553515895,0.0,55086.174751363964,0.0,0.0,59551.065410112395,100370.42355338973,0.0,0.0,0.0,428457.58925002505,3.0,3.0,213449.92553515895,0.0,215007.6637148661,142819.19641667503,142819.19641667503,0.498182155925358,0.0,0.128568558787317,0.0,0.0,0.13898940502921414,0.2342598802581109,0.0,0.0,0.0,89.13201357395987,4.501275413092759,195.28604797175254,5.2795730237271865,True
5002360625.0,Roxbury town,942.0,350.0,,,,,,,,,,,,,,,,,,,,,,,,,,,,,,,,,False
5002760850.0,Royalton town,2752.0,1256.0,539820.0859603267,0.0,0.0,0.0,0.0,0.0,0.0,0.0,0.0,0.0,539820.0859603267,5.0,5.0,539820.0859603267,0.0,0.0,107964.01719206534,107964.01719206534,1.0,0.0,0.0,0.0,0.0,0.0,0.0,0.0,0.0,0.0,196.1555544913978,5.2839930338623295,429.7930620703238,6.065627840394713,True
5000361000.0,Rupert town,676.0,287.0,0.0,0.0,0.0,0.0,0.0,54929.77809794819,124411.5763514691,0.0,0.0,0.0,179341.3544494173,0.0,0.0,0.0,0.0,179341.3544494173,,,0.0,0.0,0.0,0.0,0.0,0.3062861784811655,0.6937138215188345,0.0,0.0,0.0,265.29786161156403,5.584615462789764,624.8827681164365,6.439163082183129,True
5002161225.0,Rutland city,15712.0,7414.0,451811.48824549397,0.0,0.0,0.0,0.0,0.0,0.0,0.0,0.0,0.0,451811.48824549397,3.0,4.0,451811.48824549397,0.0,0.0,112952.87206137349,150603.82941516466,1.0,0.0,0.0,0.0,0.0,0.0,0.0,0.0,0.0,0.0,28.755822826215248,3.3930248380908834,60.94031403365174,4.126171244497521,True
5002161300.0,Rutland town,3927.0,1677.0,0.0,0.0,531890.8326596615,0.0,0.0,0.0,0.0,0.0,0.0,0.0,531890.8326596615,1.0,1.0,531890.8326596615,0.0,0.0,531890.8326596615,531890.8326596615,0.0,0.0,1.0,0.0,0.0,0.0,0.0,0.0,0.0,0.0,135.44457159655246,4.9159184632669914,317.1680576384386,5.762579726321888,True
5000561525.0,Ryegate town,1059.0,445.0,114390.00031647195,0.0,0.0,0.0,0.0,0.0,0.0,0.0,0.0,0.0,114390.00031647195,1.0,1.0,114390.00031647195,0.0,0.0,114390.00031647195,114390.00031647195,1.0,0.0,0.0,0.0,0.0,0.0,0.0,0.0,0.0,0.0,108.01699746597919,4.691503810126612,257.05618048645385,5.553177315040159,True
5000162575.0,Salisbury town,1200.0,471.0,,,,,,,,,,,,,,,,,,,,,,,,,,,,,,,,,False
5000362875.0,Sandgate town,435.0,212.0,0.0,0.0,0.0,0.0,0.0,0.0,29501.51479438434,0.0,0.0,0.0,29501.51479438434,0.0,0.0,0.0,0.0,29501.51479438434,,,0.0,0.0,0.0,0.0,0.0,0.0,1.0,0.0,0.0,0.0,67.819574239964,4.231488213776004,139.15808865275633,4.94277099019981,True
5000363175.0,Searsburg town,129.0,50.0,,,,,,,,,,,,,,,,,,,,,,,,,,,,,,,,,False
5000363550.0,Shaftsbury town,3607.0,1280.0,,,,,,,,,,,,,,,,,,,,,,,,,,,,,,,,,False
5002763775.0,Sharon town,1577.0,641.0,0.0,0.0,0.0,0.0,0.0,0.0,0.0,0.0,0.0,0.0,0.0,1.0,2.0,0.0,0.0,0.0,0.0,0.0,0.0,0.0,0.0,0.0,0.0,0.0,0.0,0.0,0.0,0.0,0.0,0.0,0.0,0.0,False
5000564075.0,Sheffield town,573.0,252.0,0.0,0.0,0.0,0.0,0.0,0.0,12364.351473258232,0.0,0.0,0.0,12364.351473258232,0.0,0.0,0.0,0.0,12364.351473258232,,,0.0,0.0,0.0,0.0,0.0,0.0,1.0,0.0,0.0,0.0,21.578274822440196,3.1169881528992196,49.064886798643776,3.9133199000694994,True
5000764300.0,Shelburne town,7969.0,3333.0,,,,,,,,,,,,,,,,,,,,,,,,,,,,,,,,,False
5001164600.0,Sheldon town,2267.0,913.0,,,,,,,,,,,,,,,,,,,,,,,,,,,,,,,,,False
5000165050.0,Shoreham town,1269.0,544.0,,,,,,,,,,,,,,,,,,,,,,,,,,,,,,,,,False
5002165275.0,Shrewsbury town,1237.0,392.0,359432.1753865088,0.0,0.0,0.0,0.0,359432.1753865088,0.0,0.0,0.0,0.0,718864.3507730176,1.0,1.0,718864.3507730176,0.0,0.0,718864.3507730176,718864.3507730176,0.5,0.0,0.0,0.0,0.0,0.5,0.0,0.0,0.0,0.0,581.1352876095534,6.366702873655817,1833.8376295230041,7.514711271300051,True
5002565762.0,Somerset town,0.0,0.0,,,,,,,,,,,,,,,,,,,,,,,,,,,,,,,,,False
5000766175.0,South Burlington city,20756.0,9466.0,,,,,,,,,,,,,,,,,,,,,,,,,,,,,,,,,False
5001367000.0,South Hero town,1586.0,657.0,,,,,,,,,,,,,,,,,,,,,,,,,,,,,,,,,False
5002769550.0,Springfield town,9084.0,3834.0,0.0,0.0,941233.5202861755,0.0,0.0,580106.253404735,0.0,0.0,0.0,0.0,1521339.7736909105,0.0,0.0,1521339.7736909105,0.0,0.0,,,0.0,0.0,0.6186872495962268,0.0,0.0,0.3813127504037732,0.0,0.0,0.0,0.0,167.47465584444194,5.126785328060893,396.80223622611123,5.985954987887508,True
5001161675.0,St. Albans city,6954.0,3113.0,,,,,,,,,,,,,,,,,,,,,,,,,,,,,,,,,False
5001161750.0,St. Albans town,7057.0,2534.0,120425.37432144667,0.0,0.0,0.0,0.0,0.0,331359.6277841985,0.0,0.0,0.0,451785.0021056452,1.0,1.0,0.0,0.0,451785.0021056452,451785.0021056452,451785.0021056452,0.2665546084092594,0.0,0.0,0.0,0.0,0.0,0.7334453915907406,0.0,0.0,0.0,64.01941364682517,4.174685896791805,178.2892668135932,5.189000517210794,True
5000762050.0,St. George town,812.0,305.0,,,,,,,,,,,,,,,,,,,,,,,,,,,,,,,,,False
5000562200.0,St. Johnsbury town,7368.0,3266.0,109524.04326232689,0.0,0.0,0.0,0.0,18562.575727371837,0.0,0.0,0.0,0.0,128086.61898969872,1.0,1.0,109524.04326232689,0.0,18562.575727371837,128086.61898969872,128086.61898969872,0.8550779474562857,0.0,0.0,0.0,0.0,0.14492205254371435,0.0,0.0,0.0,0.0,17.384177387309816,2.9114903700649517,39.21819319954033,3.6943194604000933,True
5000369775.0,Stamford town,963.0,367.0,,,,,,,,,,,,,,,,,,,,,,,,,,,,,,,,,False
5000569925.0,Stannard town,228.0,105.0,,,,,,,,,,,,,,,,,,,,,,,,,,,,,,,,,False
5000170075.0,Starksboro town,1939.0,703.0,,,,,,,,,,,,,,,,,,,,,,,,,,,,,,,,,False
5002770375.0,Stockbridge town,791.0,401.0,2389929.9087705896,0.0,0.0,0.0,0.0,0.0,0.0,0.0,0.0,0.0,2389929.9087705896,18.0,19.0,2389929.9087705896,0.0,0.0,125785.7846721363,132773.88382058832,1.0,0.0,0.0,0.0,0.0,0.0,0.0,0.0,0.0,0.0,3021.4031716442346,8.013807546126074,5959.924959527655,8.692980942569587,True
5001570525.0,Stowe town,5285.0,2426.0,0.0,0.0,0.0,0.0,1267970.0918897775,67419.1810655828,498126.6405974783,0.0,0.0,0.0,1833515.9135528386,1.0,1.0,0.0,1267970.0918897775,565545.8216630612,1833515.9135528386,1833515.9135528386,0.0,0.0,0.0,0.0,0.691551179085655,0.03677043682426698,0.271678384090078,0.0,0.0,0.0,346.9282712493545,5.85199634142987,755.7773757431322,6.629069122659647,True
5001770675.0,Strafford town,1372.0,578.0,0.0,0.0,0.0,0.0,0.0,24727.40891391794,0.0,0.0,0.0,0.0,24727.40891391794,0.0,0.0,0.0,0.0,24727.40891391794,,,0.0,0.0,0.0,0.0,0.0,1.0,0.0,0.0,0.0,0.0,18.022892794400832,2.9456431377921835,42.780984280134845,3.7791995742571314,True
5002570750.0,Stratton town,532.0,131.0,,,,,,,,,,,,,,,,,,,,,,,,,,,,,,,,,False
5002171050.0,Sudbury town,679.0,263.0,,,,,,,,,,,,,,,,,,,,,,,,,,,,,,,,,False
5000371425.0,Sunderland town,1269.0,407.0,,,,,,,,,,,,,,,,,,,,,,,,,,,,,,,,,False
5000571575.0,Sutton town,790.0,360.0,,,,,,,,,,,,,,,,,,,,,,,,,,,,,,,,,False
5001171725.0,Swanton town,6820.0,2610.0,526286.8362650007,0.0,0.0,0.0,0.0,44211.37771158306,0.0,0.0,0.0,0.0,570498.2139765838,0.0,3.0,0.0,526286.8362650007,44211.37771158306,190166.07132552794,,0.9225039156504744,0.0,0.0,0.0,0.0,0.07749608434952564,0.0,0.0,0.0,0.0,83.65076451269557,4.438534139993713,218.58169117876773,5.391724332656732,True
5001772400.0,Thetford town,2813.0,1355.0,,,,,,,,,,,,,,,,,,,,,,,,,,,,,,,,,False
5002172925.0,Tinmouth town,827.0,321.0,,,,,,,,,,,,,,,,,,,,,,,,,,,,,,,,,False
5001773075.0,Topsham town,999.0,434.0,,,,,,,,,,,,,,,,,,,,,,,,,,,,,,,,,False
5002573300.0,Townshend town,1538.0,598.0,,,,,,,,,,,,,,,,,,,,,,,,,,,,,,,,,False
5001973525.0,Troy town,1749.0,709.0,404791.21503490594,0.0,0.0,0.0,0.0,0.0,0.0,0.0,0.0,0.0,404791.21503490594,2.0,3.0,0.0,159049.4134388091,245741.80159609683,134930.4050116353,202395.60751745297,1.0,0.0,0.0,0.0,0.0,0.0,0.0,0.0,0.0,0.0,231.44151803024926,5.448638658033321,570.9326023059322,6.349021156301036,True
5001773675.0,Tunbridge town,1253.0,525.0,,,,,,,,,,,,,,,,,,,,,,,,,,,,,,,,,False
5000773975.0,Underhill town,3141.0,1197.0,745042.8171832873,0.0,0.0,0.0,332622.2004183427,0.0,405665.66692849976,0.0,0.0,0.0,1483330.6845301297,2.0,2.0,745042.8171832873,0.0,738287.8673468425,741665.3422650648,741665.3422650648,0.50227695344905,0.0,0.0,0.0,0.22424008610305698,0.0,0.27348296044789316,0.0,0.0,0.0,472.2479097517127,6.159619373284565,1239.2069210778025,7.123033516514464,True
5000174650.0,Vergennes city,2565.0,1129.0,,,,,,,,,,,,,,,,,,,,,,,,,,,,,,,,,False
5002574800.0,Vernon town,2709.0,1028.0,,,,,,,,,,,,,,,,,,,,,,,,,,,,,,,,,False
5001774950.0,Vershire town,842.0,372.0,,,,,,,,,,,,,,,,,,,,,,,,,,,,,,,,,False
5000975175.0,Victory town,53.0,35.0,,,,,,,,,,,,,,,,,,,,,,,,,,,,,,,,,False
5002375325.0,Waitsfield town,1918.0,854.0,0.0,0.0,202201.47680905394,0.0,0.0,0.0,0.0,0.0,0.0,0.0,202201.47680905394,0.0,0.0,168588.29824024628,0.0,33613.17856880766,,,0.0,0.0,1.0,0.0,0.0,0.0,0.0,0.0,0.0,0.0,105.42308488480393,4.667422516577476,236.76987916751048,5.4713033116735375,True
5000575700.0,Walden town,1037.0,464.0,,,,,,,,,,,,,,,,,,,,,,,,,,,,,,,,,False
5002175925.0,Wallingford town,2286.0,801.0,149192.53093698094,0.0,0.0,0.0,0.0,0.0,0.0,0.0,0.0,0.0,149192.53093698094,1.0,1.0,0.0,149192.53093698094,0.0,149192.53093698094,149192.53093698094,1.0,0.0,0.0,0.0,0.0,0.0,0.0,0.0,0.0,0.0,65.26357433813689,4.193640339548072,186.2578413695143,5.23248649799324,True
5000176075.0,Waltham town,452.0,204.0,,,,,,,,,,,,,,,,,,,,,,,,,,,,,,,,,False
5002576225.0,Wardsboro town,820.0,344.0,681318.9312513274,0.0,0.0,0.0,0.0,0.0,0.0,0.0,0.0,0.0,681318.9312513274,4.0,5.0,403316.4886044937,278002.4426468337,0.0,136263.7862502655,170329.73281283185,1.0,0.0,0.0,0.0,0.0,0.0,0.0,0.0,0.0,0.0,830.8767454284481,6.723684287333138,1980.5782885213005,7.591648921575613,True
5000976337.0,Warner's grant,0.0,0.0,,,,,,,,,,,,,,,,,,,,,,,,,,,,,,,,,False
5002376525.0,Warren town,1585.0,700.0,481640.5678783426,0.0,0.0,0.0,149024.39175913134,257724.29192581374,66275.72279458892,0.0,0.0,6756.386186149362,961421.3605440259,6.0,6.0,593682.2390405032,0.0,367739.1215035228,160236.89342400432,160236.89342400432,0.5009672009011776,0.0,0.0,0.0,0.15500424462673162,0.2680659100188693,0.06893514697560538,0.0,0.0,0.007027497477616081,606.5749908795116,6.409475609373368,1373.4590864914655,7.225815541059309,True
5000976562.0,Warren's gore,0.0,0.0,,,,,,,,,,,,,,,,,,,,,,,,,,,,,,,,,False
5001776750.0,Washington town,1056.0,517.0,,,,,,,,,,,,,,,,,,,,,,,,,,,,,,,,,False
5002376975.0,Waterbury town,5405.0,2315.0,1020834.7961673855,0.0,107451.77245439576,0.0,0.0,116049.23593124392,0.0,0.0,0.0,123887.54955251353,1368223.3541055387,1.0,5.0,239936.78548375744,1020834.7961673855,107451.77245439576,273644.67082110775,1368223.3541055387,0.7461024496506605,0.0,0.0785337950357098,0.0,0.0,0.08481746462156382,0.0,0.0,0.0,0.0905462906920659,253.1403060324771,5.537886500464209,591.0252069570362,6.38354921329685,True
5000577125.0,Waterford town,1279.0,503.0,,,,,,,,,,,,,,,,,,,,,,,,,,,,,,,,,False
5001577425.0,Waterville town,680.0,333.0,,,,,,,,,,,,,,,,,,,,,,,,,,,,,,,,,False
5002777500.0,Weathersfield town,2856.0,1050.0,0.0,0.0,0.0,0.0,0.0,0.0,0.0,0.0,0.0,0.0,0.0,1.0,1.0,0.0,0.0,0.0,0.0,0.0,0.0,0.0,0.0,0.0,0.0,0.0,0.0,0.0,0.0,0.0,0.0,0.0,0.0,0.0,False
5002177950.0,Wells town,1148.0,467.0,,,,,,,,,,,,,,,,,,,,,,,,,,,,,,,,,False
5001779975.0,West Fairlee town,711.0,334.0,194316.4165821084,0.0,0.0,0.0,0.0,0.0,0.0,0.0,0.0,0.0,194316.4165821084,2.0,2.0,0.0,194316.4165821084,0.0,97158.2082910542,97158.2082910542,1.0,0.0,0.0,0.0,0.0,0.0,0.0,0.0,0.0,0.0,273.30016396921013,5.6142229957166565,581.7856783895461,6.367819500219428,True
5002180875.0,West Haven town,234.0,93.0,,,,,,,,,,,,,,,,,,,,,,,,,,,,,,,,,False
5002182300.0,West Rutland town,2240.0,965.0,,,,,,,,,,,,,,,,,,,,,,,,,,,,,,,,,False
5002783050.0,West Windsor town,1171.0,485.0,66174.41406692716,0.0,0.0,0.0,0.0,0.0,0.0,0.0,0.0,0.0,66174.41406692716,2.0,2.0,66174.41406692716,0.0,0.0,33087.20703346358,33087.20703346358,1.0,0.0,0.0,0.0,0.0,0.0,0.0,0.0,0.0,0.0,56.51102823819569,4.051976724859791,136.44209085964363,4.923202671010536,True
5001980200.0,Westfield town,536.0,218.0,,,,,,,,,,,,,,,,,,,,,,,,,,,,,,,,,False
5000780350.0,Westford town,2290.0,797.0,0.0,0.0,0.0,0.0,0.0,0.0,0.0,0.0,0.0,0.0,0.0,0.0,0.0,0.0,0.0,0.0,,,0.0,0.0,0.0,0.0,0.0,0.0,0.0,0.0,0.0,0.0,0.0,0.0,0.0,0.0,False
5002581400.0,Westminster town,2999.0,1284.0,56045.703657615355,0.0,0.0,0.0,0.0,0.0,0.0,0.0,0.0,0.0,56045.703657615355,1.0,1.0,56045.703657615355,0.0,0.0,56045.703657615355,56045.703657615355,1.0,0.0,0.0,0.0,0.0,0.0,0.0,0.0,0.0,0.0,18.688130596070476,2.980015946349489,43.64930191403065,3.7988386725761125,True
5001981700.0,Westmore town,465.0,195.0,,,,,,,,,,,,,,,,,,,,,,,,,,,,,,,,,False
5002782000.0,Weston town,685.0,278.0,489879.37855538604,0.0,0.0,0.0,0.0,0.0,0.0,0.0,0.0,0.0,489879.37855538604,0.0,2.0,0.0,489879.37855538604,0.0,244939.68927769302,,1.0,0.0,0.0,0.0,0.0,0.0,0.0,0.0,0.0,0.0,715.1523774531183,6.57389296199013,1762.1560379690145,7.4748606855539625,True
5000183275.0,Weybridge town,781.0,331.0,,,,,,,,,,,,,,,,,,,,,,,,,,,,,,,,,False
5000583500.0,Wheelock town,717.0,283.0,,,,,,,,,,,,,,,,,,,,,,,,,,,,,,,,,False
5000183800.0,Whiting town,532.0,217.0,,,,,,,,,,,,,,,,,,,,,,,,,,,,,,,,,False
5002583950.0,Whitingham town,1368.0,559.0,247339.17778706443,0.0,0.0,0.0,0.0,0.0,0.0,0.0,0.0,0.0,247339.17778706443,1.0,2.0,247339.17778706443,0.0,0.0,123669.58889353221,247339.17778706443,1.0,0.0,0.0,0.0,0.0,0.0,0.0,0.0,0.0,0.0,180.80349253440383,5.202926392419159,442.4672232326734,6.094623894244412,True
5001784175.0,Williamstown town,3579.0,1329.0,0.0,0.0,0.0,0.0,0.0,0.0,103537.31585365173,0.0,0.0,0.0,103537.31585365173,0.0,0.0,0.0,0.0,103537.31585365173,,,0.0,0.0,0.0,0.0,0.0,0.0,1.0,0.0,0.0,0.0,28.929118707362875,3.3988318763045586,77.90618198167925,4.368259576895,True
5000784475.0,Williston town,10144.0,4421.0,0.0,0.0,0.0,0.0,0.0,0.0,159286.85514517495,0.0,0.0,0.0,159286.85514517495,0.0,0.0,159286.85514517495,0.0,0.0,,,0.0,0.0,0.0,0.0,0.0,0.0,1.0,0.0,0.0,0.0,15.70256852771835,2.8155625116510694,36.02959853996267,3.611717553385863,True
5002584700.0,Wilmington town,1747.0,1016.0,244438.0310442887,0.0,0.0,0.0,0.0,0.0,0.0,0.0,0.0,142338.58006016514,386776.61110445386,3.0,4.0,386776.61110445386,0.0,0.0,96694.15277611346,128925.53703481796,0.6319876228975883,0.0,0.0,0.0,0.0,0.0,0.0,0.0,0.0,0.3680123771024118,221.3947401857206,5.404453911852694,380.6856408508404,5.944597340104199,True
5002584850.0,Windham town,594.0,234.0,,,,,,,,,,,,,,,,,,,,,,,,,,,,,,,,,False
5002784925.0,Windsor town,3554.0,1790.0,276840.1247071676,0.0,0.0,0.0,348820.98182394466,0.0,0.0,0.0,0.0,0.0,625661.1065311122,2.0,2.0,276840.1247071677,0.0,348820.98182394466,312830.5532655561,312830.5532655561,0.44247616132328854,0.0,0.0,0.0,0.5575238386767115,0.0,0.0,0.0,0.0,0.0,176.04420555180423,5.176399450272019,349.531344430789,5.859450130238814,True
5000385075.0,Winhall town,752.0,282.0,,,,,,,,,,,,,,,,,,,,,,,,,,,,,,,,,False
5000785150.0,Winooski city,8293.0,4102.0,49594.43606812369,0.0,0.0,0.0,0.0,0.0,0.0,0.0,0.0,0.0,49594.43606812369,1.0,1.0,49594.43606812369,0.0,0.0,49594.43606812369,49594.43606812369,1.0,0.0,0.0,0.0,0.0,0.0,0.0,0.0,0.0,0.0,5.980276868217013,1.9430885819212782,12.090306208708846,2.5718719722157273,True
5001585375.0,Wolcott town,1507.0,688.0,1156028.6436089939,0.0,0.0,0.0,88798.0626537167,0.0,0.0,0.0,0.0,0.0,1244826.7062627105,5.0,7.0,0.0,726405.8009801197,518420.9052825908,177832.38660895865,248965.3412525421,0.9286663258371832,0.0,0.0,0.0,0.07133367416281684,0.0,0.0,0.0,0.0,0.0,826.0296657350435,6.717840565885818,1809.341142823707,7.501270583198551,True
5002385525.0,Woodbury town,659.0,294.0,192055.04260935186,0.0,0.0,0.0,0.0,0.0,0.0,0.0,0.0,0.0,192055.04260935186,1.0,1.0,192055.04260935186,0.0,0.0,192055.04260935186,192055.04260935186,1.0,0.0,0.0,0.0,0.0,0.0,0.0,0.0,0.0,0.0,291.434055552886,5.6782391901527465,653.2484442494962,6.483487163493017,True
5000385675.0,Woodford town,282.0,122.0,509732.82335409336,0.0,0.0,0.0,0.0,0.0,0.0,0.0,0.0,0.0,509732.82335409336,2.0,2.0,509732.82335409336,0.0,0.0,254866.41167704668,254866.41167704668,1.0,0.0,0.0,0.0,0.0,0.0,0.0,0.0,0.0,0.0,1807.5632033833099,7.500287998740188,4178.137896345028,8.337860259353866,True
5002785975.0,Woodstock town,3027.0,1361.0,0.0,120028.38935974761,0.0,0.0,0.0,0.0,0.0,0.0,0.0,120028.38935974761,240056.77871949523,1.0,1.0,0.0,240056.77871949523,0.0,240056.77871949523,240056.77871949523,0.0,0.5,0.0,0.0,0.0,0.0,0.0,0.0,0.0,0.5,79.30517962322274,4.385834122274986,176.38264417303103,5.178309230664526,True
5002386125.0,Worcester town,831.0,404.0,,,,,,,,,,,,,,,,,,,,,,,,,,,,,,,,,False
