GEOID,town_name,IFLD_EALT_weighted,IFLD_EALP_weighted,IFLD_EALPE_weighted,IFLD_EALB_weighted,IFLD_EALA_weighted,POPULATION_weighted,BUILDVALUE_weighted,AGRIVALUE_weighted,AREA_weighted,ALAND_sqmi,EAL_per_capita,EAL_per_building_value,EAL_per_agricultural_value,weight,RISK_SCORE_avg,SOVI_SCORE_avg,IFLD_RISKS_avg,RESL_SCORE_avg,CRF_VALUE_avg
5000100325,Addison town,442982.27171678585,0.00011503373327543593,1575.9621458764254,437428.46587012295,3977.843699464467,1741.7415579741073,677950139.2629905,23211493.96061321,49.48107687917438,41.587203265588236,254.3329518025838,0.0006534142351506239,0.01908460836120533,0.35158287403595223,62.3333690081,43.24527631,83.2399843031,73.7922047151,1.068012043
5000108575,Bridport town,248277.64694873043,6.206967630578627e-05,850.3545653876427,244570.50871520356,2856.783668252027,1337.3289733032868,431756287.035428,22393368.859880842,46.74632396175126,43.69088628183697,185.6518866374883,0.0005750411850478923,0.011087105674105863,0.2506708478544118,60.2975277371,53.22987621,77.1657569596,73.7922047151,1.148067341
5000109025,Bristol town,801320.926477,0.000357561907174,4898.59812828,795192.6046,1229.72374883,3782.0,909102707.0,5316545.0,41.63910816,40.54770737398326,211.87755856081438,0.0008814415800403068,0.1507221186836564,1.0,35.9649435744,41.89717467,63.9672743272,73.7922047151,1.05777261
5000116000,Cornwall town,154186.10152177274,3.8546689683601706e-05,528.0896486643315,151883.88382696811,1774.1280462103305,830.5119022186024,268130536.61353204,13906794.618353568,29.03053714547504,28.56799716752412,185.6518866374883,0.0005750411850478924,0.011087105674105865,0.1556723340615937,60.2975277371,53.22987621,77.1657569596,73.7922047151,1.148067341
5000126300,Ferrisburgh town,655683.709121,0.00017348638125,2376.76342312,650788.0814,2518.86429834,2646.0,861390046.0,23046091.0,61.82344818,47.48342994672881,247.8018552989418,0.0007611925772369559,0.02845097284051339,1.0,13.9203025222,9.209856068,34.0503965847,73.7922047151,0.724109523
5000128600,Goshen town,109578.73549782536,5.921055473233351e-05,811.1845998338066,108663.75758783356,103.79330973724822,290.1751084254401,88322771.84506607,393528.9036679069,20.949424225034335,20.58060992144281,377.62968744089017,0.001240662325340582,0.2784515558488614,0.1008953784511266,45.7933478411,37.53598294,76.2941029574,73.7922047151,1.024681172
5000129575,Granville town,269367.4587447085,0.00014555193201175128,1994.0614685630512,267118.25160335645,255.1456717547157,713.311129138575,217115852.75289372,967376.3823065741,51.498067941971485,50.88543668368519,377.62968744089017,0.001240662325340582,0.2784515558488614,0.24802195032634736,45.7933478411,37.53598294,76.2941029574,73.7922047151,1.024681172
5000131525,Hancock town,203828.15923833114,0.00011013795992208276,1508.8900509340917,202126.20253760734,193.06664900707042,539.7567140963621,164289795.11598936,732005.8191700875,38.968168025413945,38.478072004381275,377.62968744089017,0.001240662325340582,0.2784515558488614,0.18767618709887418,45.7933478411,37.53598294,76.2941029574,73.7922047151,1.024681172
5000139325,Leicester town,159127.91088155372,5.278524211215291e-05,723.1578169388027,157040.86278084433,1363.8902835943552,917.693680334388,282360509.9583114,4199957.096345921,21.977143883191825,20.836663220434197,173.39981116963878,0.0005635629107804341,0.03788798486060713,0.4196130225580192,10.5823314664,29.05348575,22.5928436374,73.7922047151,0.961693803
5000140075,Lincoln town,242010.06729306144,0.00013076944418213246,1791.5413852970644,239989.29323901905,229.2326678160975,640.8661059809895,195065218.27091488,869128.0842561363,46.26784150609282,45.610597024970446,377.62968744089017,0.001240662325340582,0.2784515558488614,0.222832442969746,45.79334784110001,37.53598294,76.2941029574,73.7922047151,1.024681172
5000144350,Middlebury town,1397647.4707829999,0.00038119316481,5222.3463579,1388116.8902,4308.2342247026,9148.0,2593680426.0,12200923.0,40.01843625,39.23132140819684,152.7817523811762,0.000538866491327332,0.11455260153539203,2.0,36.85146207175,46.476040985,58.5203286837,73.7922047151,1.102941626
5000145550,Monkton town,374006.4294704332,0.0001692771556875667,2319.0970329194424,370192.3201706192,1495.0122668813012,1699.0244221346534,435986773.5419601,5602314.282040592,36.634567892324434,35.893396818698065,220.1301079595617,0.0008578389349566775,0.06675927315777164,0.4432623068444178,37.2492359649,39.30581058,65.6059362848,73.7922047151,1.037518976
5000148700,New Haven town,375349.99950998765,9.747097002602416e-05,1335.3522893590334,370644.1203926485,3370.5268268599607,1475.8213469772438,574444172.345683,19667681.537179925,41.926558619090656,41.15489664783517,254.3329518025838,0.000653414235150624,0.01908460836120533,0.29790499535269355,62.3333690081,43.24527631,83.2399843031,73.7922047151,1.068012043
5000153725,Orwell town,266720.8232014887,6.668049002231737e-05,913.5227133039976,262738.30212671723,3068.9983615886913,1436.6717625784167,463829078.91940796,24056848.65297352,50.218850395728424,47.22030055347782,185.65188663748827,0.0005750411850478923,0.011087105674105863,0.2692918017953921,60.29752773709999,53.22987621,77.1657569596,73.7922047151,1.148067341
5000153950,Panton town,199279.2196448024,5.174887137382604e-05,708.9595378227453,196780.79438978605,1789.4657165988685,783.5367703335793,304981448.09909886,10441881.534749843,22.25946954818666,15.479762567249313,254.3329518025838,0.000653414235150624,0.01908460836120533,0.15816244859377862,62.3333690081,43.24527631,83.2399843031,73.7922047151,1.068012043
5000159650,Ripton town,261278.5603060736,0.00014118111899269993,1934.181330201986,259096.89513218353,247.48384268486814,691.8909423586332,210596030.01513597,938326.8105992952,49.951620411487404,49.286048646547606,377.62968744089017,0.001240662325340582,0.2784515558488614,0.24057404115390585,45.7933478411,37.53598294,76.2941029574,73.7922047151,1.024681172
5000162575,Salisbury town,220097.4761464463,7.30098101728471e-05,1000.2343993711975,217210.7794191557,1886.4623276756452,1269.3063196656121,390546418.0416886,5809162.90365408,30.39764598680818,28.94125061843459,173.39981116963878,0.0005635629107804341,0.03788798486060713,0.5803869774419809,10.5823314664,29.05348575,22.5928436374,73.7922047151,0.961693803
5000165050,Shoreham town,247751.3217657765,6.193809444918731e-05,848.5518939522403,244052.04231548271,2850.7275564540805,1334.4939620761634,430841004.44934654,22345897.031035267,46.64722616614232,43.22414128205271,185.6518866374883,0.0005750411850478924,0.011087105674105865,0.25013944931137083,60.2975277371,53.22987621,77.1657569596,73.7922047151,1.148067341
5000170075,Starksboro town,469752.27433856676,0.0002126121975774333,2912.787106810558,464961.75102938083,1877.7362023586986,2133.9755778653466,547599619.4580399,7036509.717959408,46.01303675767557,45.36146344886446,220.13010795956168,0.0008578389349566774,0.06675927315777164,0.5567376931555822,37.2492359649,39.30581058,65.6059362848,73.7922047151,1.037518976
5000174650,Vergennes city,363293.84372,9.5727719341e-05,1311.46975497,361752.1495,230.224465483,2553.0,577571392.0,880042.0,2.55836958,2.455586562200443,142.3007613474344,0.0006290024899986736,0.41281421082175623,1.0,10.6453569263,42.33370846,24.8522469171,73.7922047151,1.06102194
5000176075,Waltham town,83516.07915911563,2.1687473715295995e-05,297.11838990011194,82469.01222587998,749.9485430863018,328.37301878185957,127814906.17489174,4376096.044437823,9.328737959431129,9.116058450529723,254.33295180258378,0.0006534142351506239,0.019084608361205325,0.06628442042427525,62.3333690081,43.24527631,83.2399843031,73.7922047151,1.068012043
5000183275,Weybridge town,158837.8731993086,4.124705367741788e-05,565.0846353816839,156846.4736215625,1426.314941890402,624.52730593321,243089092.11733592,8322825.923019197,17.742175064117184,17.097383892721915,254.33295180258384,0.000653414235150624,0.01908460836120533,0.12606526159330037,62.3333690081,43.24527631,83.2399843031,73.7922047151,1.068012043
5000183800,Whiting town,73516.92177323168,1.8379308784107334e-05,251.79653034178804,72419.20961562841,845.915627294872,395.9933998235306,127846358.98228544,6630848.837756799,13.841946240902963,13.601455875189291,185.6518866374883,0.0005750411850478924,0.011087105674105865,0.0742255669772316,60.297527737100005,53.22987621,77.1657569596,73.7922047151,1.148067341
5000301450,Arlington town,630795.0101730203,0.00010339327233832113,1416.4878310342856,629367.1894021559,11.332938551019655,1265.6425829472528,395055497.9623416,719515.5367393387,42.66395235296659,42.026445050313036,498.3990098564102,0.0015967250511044664,0.8766940781176495,0.3245237392172443,74.1048600954,24.00165847,90.7257441166,61.0757019311,0.92218999
5000304825,Bennington town,4275964.820615,0.0020406070661834,27956.31680678,4247995.3243,13.179506316592,15333.0,3914446929.0,4836332.0,42.629292029999995,41.94937133742479,278.8733333734429,0.0010923547817028023,0.884133847844813,4.0,59.614355534925004,53.55742463,68.70815644585,61.0757019311,1.166232668
5000317725,Dorset town,541610.4386797684,7.250927990166655e-05,993.3771346568465,540581.2304464343,35.83109727958112,1457.1605018278203,628791110.503683,3379644.183772886,47.97947825934172,47.37181939575895,371.68893749205233,0.0008613519333088536,0.16025664514633559,0.5147158254425364,57.0427978548,42.0191909,76.4808010179,61.0757019311,1.062755099
5000327962,Glastenbury town,183867.30427346137,2.0317891259852384e-05,278.3551102594377,183588.54611241646,0.40305071793197683,481.46317378665213,135314100.09194446,70134.46587317917,44.94885734663248,44.41232163999295,381.8927683032667,0.0013588185129895965,2.621639759914047,0.23474557473751934,44.7326174592,54.88361073,67.8046924239,61.0757019311,1.168481314
5000339025,Landgrove town,78808.38238745744,1.6953766320536727e-06,23.226659859205746,78784.95973163572,0.1959960030564726,184.88563097989467,116609290.66087411,39919.64459802932,8.981439475715986,8.855092387673041,426.25477150264555,0.000675832791202288,1.974175451235052,0.09782308517454745,39.4218305923,36.09133448,62.2965050599,61.0757019311,1.017610493
5000342850,Manchester town,1275258.5162,0.0002698380369084,3696.781105647,1271558.6143999998,3.120694903927,4484.0,1456087758.0,1276366.0,42.50083344,41.955058236117964,284.40198844781446,0.0008758115774227943,0.9991323148689325,2.0,38.97827405375,53.084167505,55.4219732915,61.0757019311,1.1733390245000002
5000355000,Peru town,332256.8541405451,7.1477232406586806e-06,97.92380839732085,332158.10401139414,0.8263209245876925,779.4794952541265,491625825.89322025,168301.5832927534,37.86583020044368,37.37124723226751,426.2547715026455,0.0006758327912022881,1.9741754512350518,0.4124230133619717,39.4218305923,36.09133448,62.29650505989999,61.07570193109999,1.017610493
5000357025,Pownal town,882432.242095,0.00045965460592,6297.2681011,876061.5807,73.3932940752,3258.0,852657640.0,3900102.0,47.50888077,46.77479928055873,270.85090303713935,0.0010349197622799696,0.2262587599234584,1.0,45.1654715612,23.68714091,61.7637615497,61.0757019311,0.919254633
5000358600,Readsboro town,150152.6477448261,1.659232010450829e-05,227.3147854313226,149925.00381364013,0.32914569946014294,393.18012857888857,110502356.50268602,57274.325039130854,36.706852098421145,36.13045196097837,381.8927683032667,0.0013588185129895965,2.621639759914047,0.1917016716620617,44.7326174592,54.883610729999994,67.8046924239,61.0757019311,1.168481314
5000361000,Rupert town,510640.9433602318,6.836317110433346e-05,936.5754441331536,509670.58565356565,33.78226121541888,1373.8394981721797,592836590.496317,3186394.8162271143,45.23599305065829,44.74556332421367,371.68893749205233,0.0008613519333088536,0.16025664514633559,0.4852841745574637,57.0427978548,42.0191909,76.4808010179,61.0757019311,1.062755099
5000362875,Sandgate town,632331.892887247,0.00010364518196103757,1419.9389928654991,630900.5933427297,11.360550369565395,1268.7262221275744,396018019.7898557,721268.5800786145,42.76789973656095,42.24624065390218,498.3990098564102,0.0015967250511044666,0.8766940781176495,0.32531441593014726,74.1048600954,24.00165847,90.7257441166,61.0757019311,0.92218999
5000363175,Searsburg town,88625.93047291083,9.793432417292172e-06,134.17002411664248,88491.56617417297,0.19427458865318206,232.0701983089967,65222787.020998865,33805.53340242922,21.665811231531816,21.283666430750017,381.8927683032667,0.0013588185129895965,2.621639759914047,0.11314977977035431,44.7326174592,54.883610729999994,67.8046924239,61.0757019311,1.168481314
5000363550,Shaftsbury town,605531.450488,7.38161829373e-05,1011.28170624,604510.0003,10.1684821093,3598.0,879287784.0,3094767.0,43.55015028,42.99058499753312,168.29667884602554,0.0006886612796249196,0.19566301776127248,1.0,55.6574268964,70.79547474,61.0062668712,61.0757019311,1.319508002
5000369775,Stamford town,163884.42619662624,1.810972300814312e-05,248.10320521107948,163635.9637445824,0.35924677254298654,429.1372861674175,120608031.63187473,62512.183673167725,40.06377166160536,39.481028346008266,381.8927683032667,0.0013588185129895967,2.621639759914047,0.2092331965711446,44.7326174592,54.883610729999994,67.8046924239,61.0757019311,1.168481314
5000371425,Sunderland town,680629.2353797326,0.0001115615735066413,1528.3935570402155,679088.6135551144,12.228266197714948,1365.6311949251728,426265771.2478027,776358.8831820468,46.03450059047246,45.23520997353187,498.39900985641026,0.0015967250511044666,0.8766940781176497,0.35016184485260843,74.1048600954,24.00165847,90.7257441166,61.07570193109999,0.9221899899999999
5000385075,Winhall town,394556.2816119974,8.487948611687647e-06,116.28489598047338,394439.01545697014,0.9812592497658347,925.6348737659788,583807543.4459056,199858.77210921727,44.96581779384033,44.051676741171846,426.2547715026455,0.0006758327912022881,1.9741754512350518,0.48975390146348086,39.4218305923,36.09133448,62.2965050599,61.0757019311,1.017610493
5000385675,Woodford town,196731.75910217542,2.1739452289204034e-05,297.83049636151753,196433.49735518807,0.43125055354171155,515.149213158045,144781482.7524959,75041.49201209302,48.09374788180919,47.35661855377713,381.8927683032667,0.0013588185129895965,2.621639759914047,0.25116977725892004,44.7326174592,54.88361073,67.8046924239,61.0757019311,1.168481314
5000502875,Barnet town,436102.76871856157,0.00031518058398869147,4317.974000643607,427524.8917382051,4259.902979655225,1531.1999010928396,480491048.4397805,4245263.770101965,44.07361132864739,42.32576688770148,284.811126494528,0.0009076189247118054,0.10272689574435724,0.5236661768443364,36.6962767412,38.44992004,64.9019537893,58.5286103542,1.035619262
5000510450,Burke town,327745.5227798977,0.00013083071782732757,1792.3808342344455,325421.47032528545,531.6716201615537,1283.557355899338,336704045.6971469,2688409.152069498,34.04053319279997,33.56311044560077,255.34154845013478,0.0009733934800257582,0.12191058140372868,0.5766205552108437,29.9192560617,70.53604217,57.7943467352,58.52861035419999,1.319077282
5000517125,Danville town,415072.993342,5.85965824631e-05,802.773179744,414209.7529,60.4672617893,2327.0,643323927.0,7222213.0,61.64692053,60.61626320733686,178.37257986334336,0.000645200614995935,0.05747171861893301,1.0,11.8880287301,28.99662382,26.5063679498,58.5286103542,0.964829493
5000530550,Groton town,401634.13527251035,0.0003254536975129279,4458.715655939963,396251.7502804031,923.6693375903671,1128.9787296161635,333040272.87576246,3492923.0090560457,55.5884785381999,53.8282498068741,355.7499576710893,0.0012059626657294272,0.11498510967209982,0.3941964838045263,56.7478862688,68.744299,82.67751180239999,58.5286103542,1.3003626729999997
5000531825,Hardwick town,873676.121075,0.00144029774717,19732.0791363,850125.0201,3819.02183857,2920.0,659807300.0,6076538.0,39.05161221,38.26565133812245,299.2041510530822,0.0013241383068586844,0.1437785991093942,1.0,42.6313724091,56.50891429,73.3140689475,58.5286103542,1.184306624
5000537900,Kirby town,240644.7640701023,9.60615020996724e-05,1316.0425787655543,238938.3454747145,390.3760164634462,942.4426441006619,247222494.30285305,1973944.847930502,24.994013677200023,24.69568054955366,255.34154845013478,0.0009733934800257582,0.1219105814037287,0.4233794447891563,29.9192560617,70.53604217,57.7943467352,58.5286103542,1.319077282
5000541725,Lyndon town,1494924.547007,0.001452230119663,19895.55263938,1470419.242,4609.752367,5491.0,1486399032.0,5902821.0,40.096254900000005,39.34078291455226,272.24996303168825,0.0010057356839068502,0.25325595118113864,2.0,32.8772906187,44.403542025,61.65911550305,58.5286103542,1.0831153035
5000547725,Newark town,168816.51969868442,0.0002296714812692032,3146.4992933947774,164873.5106277601,796.5097776094965,761.3751906823009,213642269.32612538,1760349.455491495,37.61152008657809,36.77368889065828,221.72579533015875,0.0007901831422740865,0.09589943586033622,0.18592800749262536,38.7570903642,26.82165492,64.7307148038,58.5286103542,0.9471274979999998
5000554400,Peacham town,348254.5921166612,0.00028219898341888143,3866.1260728498182,343587.55780502496,800.9082400203462,978.9308040863968,288777258.2130635,3028692.9595472845,48.20044219242336,46.682225882617956,355.7499576710894,0.0012059626657294274,0.11498510967209985,0.34180544835418886,56.7478862688,68.744299,82.6775118024,58.5286103542,1.300362673
5000561525,Ryegate town,268979.15138082847,0.00021796020727019074,2986.0548396102195,265374.504214572,618.5923275992866,756.0904662974399,223041026.91117412,2339252.0313966703,37.22826440937675,36.565061678107135,355.74995767108936,0.0012059626657294272,0.11498510967209984,0.2639980678412849,56.7478862688,68.744299,82.6775118024,58.5286103542,1.300362673
5000562200,St. Johnsbury town,1718082.5594970002,0.001405043179145,19249.09155432,1696090.5485,2742.91944178,7364.0,1949812390.0,3999406.0,37.17867699,36.45100439775859,233.308332359723,0.0008811527551617416,0.42958443316257466,2.0,48.0087522148,58.151098735000005,72.989428371,58.5286103542,1.2283325775
5000564075,Sheffield town,149697.36571062042,0.00020366025662785746,2790.145515807583,146200.9183727415,706.3018221422494,675.146369360024,189446417.8010719,1560982.7562346999,33.351863238160945,32.757191301929794,221.72579533015872,0.0007901831422740864,0.0958994358603362,0.16487090826862613,38.7570903642,26.821654920000004,64.7307148038,58.5286103542,0.947127498
5000569925,Stannard town,57711.87443842611,7.851584497034791e-05,1075.6670760960546,56363.91130770335,272.29605465404103,260.2848908603114,73036073.98195787,601795.7657485617,12.857931963940683,12.642054559760998,221.72579533015872,0.0007901831422740864,0.09589943586033621,0.06356163390972196,38.7570903642,26.82165492,64.7307148038,58.5286103542,0.947127498
5000571575,Sutton town,174508.40870536026,0.00023741518183663837,3252.5879911688653,170432.4554769324,823.3652373416203,787.0460378573009,220845522.22050503,1819702.1404745982,38.87964596719254,38.298385851328,221.72579533015872,0.0007901831422740865,0.09589943586033622,0.19219683464158752,38.7570903642,26.82165492,64.7307148038,58.5286103542,0.947127498
5000575700,Walden town,176680.43166984167,0.00024037017541483533,3293.0714031902494,172553.7469948321,833.6132719029873,796.8420246582375,223594281.1452152,1842351.105455421,39.36356238427609,38.621200846757276,221.72579533015872,0.0007901831422740864,0.09589943586033622,0.1945890170105586,38.7570903642,26.82165492,64.7307148038,58.5286103542,0.947127498
5000577125,Waterford town,396684.9651514385,0.0002866925136553086,3927.6874370763944,388882.4124617949,3874.865252514776,1392.8000989071606,437061143.5602196,3861549.2298980355,40.089951791352625,38.28422401025482,284.811126494528,0.0009076189247118054,0.10272689574435724,0.4763338231556637,36.6962767412,38.44992004,64.9019537893,58.5286103542,1.035619262
5000583500,Wheelock town,180552.53165406713,0.0002456380896011177,3365.2418275424716,176335.40722003055,851.8826065796054,814.3054865818253,228494537.5251246,1882727.7765952244,40.226247899851664,39.50374041938237,221.72579533015875,0.0007901831422740865,0.09589943586033621,0.19885359867688043,38.7570903642,26.82165492,64.7307148038,58.528610354200005,0.9471274979999998
5000706550,Bolton town,492817.83955976076,0.0004817740128386887,6600.303975873532,485306.7689036516,910.7666812289223,2058.7293894458658,508288169.36069125,1251444.3754173007,42.55868929799563,41.764767015076,239.37961059195314,0.0009695638601614738,0.39379923649856835,0.3173623230223317,50.4322595222,9.209856068,71.7396216094,91.1124274375,0.643043388
5000710300,Buels gore,110986.80986517186,6.842542925323513e-05,937.4283807696675,109900.80252190979,148.57896244046506,226.55501370865528,54292448.83454901,181591.05677753143,5.055766592400692,4.997922943484361,489.88900333010696,0.0020442402626448743,0.6111909464855565,0.11541264070741482,28.2223252827,9.209856068,47.6187078592,91.1124274375,0.643043388
5000710675,Burlington city,6560159.681051,0.0011776350322436,16133.599941751,6541523.1194,2502.96170726021,44723.0,9236104662.0,654323.0,15.56068566,10.302961582529505,146.6842492912148,0.0007102734238213422,10.025873583919562,11.0,23.553035978554544,39.87582991,44.54073033859091,91.1124274375,1.0378663634545455
5000713300,Charlotte town,763859.940069,0.000140508415875,1924.96529748,761837.2744,97.7003712506,3912.0,1101470204.0,11916384.0,50.87118465,41.251680489814845,195.26072087653375,0.0006934912422460771,0.06410165534016024,1.0,14.4661267882,9.209856068,35.6997609789,91.1124274375,0.643043388
5000714875,Colchester town,2186657.1666820417,0.0014922421196684626,20443.717039470117,2156315.5812398596,9897.86840425424,17555.330167644286,4186124214.366009,4693508.019692498,59.576347431584665,36.30913038739785,124.55802003155745,0.0005223584047453336,0.4658897263001382,5.020400934329433,11.287345502252752,24.37725414318396,23.845500249485596,91.1124274375,0.8838720034463263
5000724175,Essex town,1323935.080703,0.0007807601182480001,10696.41361999,1295925.8336,17312.83348365,11482.0,2416432753.0,6461614.0,35.018544989999995,34.34067270233975,115.30526743624804,0.0005478882369307962,0.2048923195819187,2.0,12.746601976400001,9.209856068,29.04998037885,91.1124274375,0.643043388
5000724400,Essex Junction city,1177694.550451,0.000696621799378,9543.71865148,1166720.454,1430.37779977504,10612.0,1647556671.0,743005.0,4.80209028,4.569080048195584,110.97762442998493,0.0007148127716518469,1.585042564250577,2.0,9.403874282065,9.209856068,24.109022154,91.1124274375,0.643043388
5000733475,Hinesburg town,833124.2575268637,0.0008764907026044408,12007.922625715528,820026.2107477721,1090.1241533486516,5026.61329606129,1290127910.649208,3680455.6856593816,40.08579324881455,39.29823407057872,165.74265981026946,0.000645768726224693,0.22636443111462248,0.9152609788895284,54.3909719002,27.85286975,64.8222800947,91.1124274375,0.94610299
5000734600,Huntington town,850665.3036718281,0.0005244509561567649,7184.978099350333,842341.5328780902,1138.7926939895349,1736.4449862913445,416127849.165451,1391815.9432224685,38.75023733759931,38.227882824973825,489.889003330107,0.0020442402626448743,0.6111909464855565,0.8845873592925851,28.2223252827,9.209856068000002,47.6187078592,91.1124274375,0.643043388
5000736700,Jericho town,680843.481517,0.000570424957625,7814.82191946,668612.6288,4416.03079786,5104.0,1013465129.0,2991614.0,35.97546108,35.455375502896416,133.39409904329938,0.0006717976396373871,0.22758400031454593,1.0,11.2387475771,9.209856068,30.310489577,91.1124274375,0.643043388
5000745250,Milton town,2215641.511627,0.0010724777005519,14692.944497552002,2198975.4528,1973.114329314,10634.0,2842694888.0,4724711.0,61.81904937,51.59747315699578,208.3544773017679,0.0007794158708273583,0.46894752115568544,3.0,25.260128667066667,18.534225752666668,45.870643216433336,91.1124274375,0.8194828576666667
5000759275,Richmond town,1922617.41997,0.00363931617472,49858.6315937,1861419.0656,11339.7227736,4167.0,1037678775.0,3907901.0,33.2219784,32.37597874112313,461.3912694912407,0.001852805961045122,0.4919821203172752,1.0,73.9443235465,27.35473553,90.950495285,91.1124274375,0.942232414
5000762050,St. George town,77134.43015113617,8.114949272855919e-05,1111.7480503844724,75921.75345222781,100.92864852134821,465.38670393870973,119445905.35079193,340753.31434061815,3.711324921185447,3.6702600919533923,165.7426598102695,0.0006457687262246932,0.2263644311146225,0.08473902111047155,54.3909719002,27.85286975,64.8222800947,91.1124274375,0.94610299
5000764300,Shelburne town,1620066.106415,0.00037527458740499995,5141.26184745,1614293.6255,631.219067308,7704.0,2529052636.0,3403674.0,45.41213625,24.275956615045338,210.28895462292317,0.0006405822019494734,0.4759756975594608,2.0,27.3096452737,43.160575729,55.40175757795,91.1124274375,0.9992111535000001
5000766175,South Burlington city,3194753.101551,0.0017317017535221002,23724.314023223,3166742.6957,4286.09182781189,20258.0,6097111617.0,2890125.0,29.45428824,16.43453297338805,157.70328273032877,0.0005239781231236397,1.1054030886383808,5.0,21.142544563753198,13.7423443698,39.310287419871,91.1124274375,0.7613099732
5000773975,Underhill town,601290.8065554678,0.0005878161493017768,8053.081245414206,592126.4919337783,1111.233377487296,2511.8714374568394,620166273.9938834,1526896.8317505964,51.92618156192416,51.215231633936604,239.37961059195314,0.0009695638601614737,0.3937992364985683,0.38721619199273,50.4322595222,9.209856068,71.7396216094,91.1124274375,0.643043388
5000780350,Westford town,458746.8877947714,0.0004484665758195346,6143.992088712262,451755.09486257005,847.8008444137816,1916.3991730972948,473147676.6454254,1164925.7928321026,39.61639514008022,38.9214802174989,239.37961059195314,0.0009695638601614737,0.39379923649856835,0.2954214849849383,50.4322595222,9.209856068,71.7396216094,91.1124274375,0.643043388
5000784475,Williston town,2231319.620243,0.0006469097206871,8862.663173404999,2214502.5344,7954.422671336,10103.0,3660233334.0,4175679.0,31.31959935,30.47998625358891,220.8571335487479,0.000609611305245547,0.5343609075896398,2.0,38.953301701665,23.17242196,56.94053012735,91.1124274375,0.9070348484999999
5000785150,Winooski city,1495390.460557958,0.0007846802991007212,10750.12009767982,1484640.3404601405,0.0,7965.669832355716,1165359248.6339908,408.9803075013861,1.5182761584153397,1.380888192392521,187.72940531426985,0.0012832012637397634,3656.387442451346,2.979599065670567,7.997982878393736,20.014639589018678,25.73118161584444,91.1124274375,0.8322791403857339
5000902125,Averill town,96984.3463690566,4.1534120285289784e-05,569.0174479082507,96115.06765463305,300.2612665455939,175.7144847609451,65606510.2803332,903437.903815002,38.79426835750767,36.01171666687692,551.9428093876337,0.0014782732072571388,0.10735031811208598,0.10446758903742277,36.8948663979,32.29106202,68.4813242482,29.534415353599996,1.000556928
5000902162,Avery's gore,46519.91321676894,1.9922428139630075e-05,272.9372655128268,46102.95138869943,144.02456257121062,84.28393743978941,31469090.41467665,433346.7663150922,18.60821941751111,18.227011858319194,551.9428093876338,0.0014782732072571388,0.107350318112086,0.05010935638513045,36.8948663979,32.29106202,68.4813242482,29.5344153536,1.000556928
5000906325,Bloomfield town,102930.39004982398,4.408054868022688e-05,603.9035169188754,102007.8164543167,318.67007862057295,186.48741916580556,69628800.37635677,958827.0613446428,41.17271831209487,40.16784037919911,551.9428093876338,0.0014782732072571388,0.10735031811208598,0.11087242518775599,36.8948663979,32.29106202,68.4813242482,29.5344153536,1.000556928
5000908725,Brighton town,485219.327823,0.000462672449315,6338.61255561,478154.2724,726.442867383,1157.0,365501957.0,1211189.0,54.8957643,52.86782802344077,419.3771199853069,0.0013275423524558585,0.400614047702712,1.0,8.12552768958,9.209856068,26.4754497996,29.5344153536,0.824569891
5000910075,Brunswick town,64503.296064786235,2.762391826983812e-05,378.44768029663635,63925.14768952257,199.70069498718155,116.86590524904378,43634218.45713408,600867.3024837936,25.80167079704604,24.789548548032027,551.9428093876337,0.0014782732072571385,0.10735031811208598,0.06948032416708905,36.8948663979,32.29106202,68.4813242482,29.5344153536,1.000556928
5000911800,Canaan town,85053.67103043299,3.64247379658639e-05,499.0189101321431,84291.32794540573,263.3241749216783,154.09870295220955,57535826.67458729,792300.1303231094,34.021933046697804,33.02191452489125,551.9428093876337,0.0014782732072571388,0.107350318112086,0.09161635133900686,36.8948663979,32.29106202,68.4813242482,29.534415353600004,1.000556928
5000915250,Concord town,193166.1562655902,0.0001865092468435078,2555.17668175308,190034.12017593873,576.8594079090316,649.332372762322,174189970.35466626,1382618.0633739606,54.00536632699891,51.2846419911821,297.48425362475444,0.0011089396012427509,0.1397104242904311,0.2126170179313432,56.0462820924,63.68358704,77.9375215535,29.5344153536,1.277030055
5000921250,East Haven town,134760.6783393347,0.00013011654374191643,1782.5966492621785,132575.64077279335,402.44091728658566,453.0010469371644,121522108.31709228,964571.3913171801,37.676371166096835,37.25282236430153,297.48425362475444,0.0011089396012427509,0.13971042429043112,0.14833040174759804,56.04628209239999,63.68358704,77.9375215535,29.534415353600004,1.277030055
5000925975,Ferdinand town,135229.03645941184,5.791263514831567e-05,793.4031015316189,134016.96742593244,418.6659319900128,245.00552260014936,91477702.35944577,1259698.516386484,54.09235331824036,52.859880496609335,551.9428093876338,0.001478273207257139,0.10735031811208601,0.14566321200960128,36.8948663979,32.29106202,68.4813242482,29.534415353600004,1.000556928
5000929125,Granby town,140247.24678411984,0.0001354140335723051,1855.1722599384188,137973.24885977243,418.825664416717,471.4442699916051,126469689.2661688,1003842.3939832348,39.21030518677164,38.71934454053934,297.4842536247544,0.0011089396012427509,0.1397104242904311,0.15436944007583664,56.046282092400006,63.68358703999999,77.9375215535,29.534415353600004,1.277030055
5000930775,Guildhall town,119219.50414906799,0.00011511095089207442,1577.0200272195823,117286.45440161723,356.0297202377506,400.7590408447334,107507662.2887872,853332.9188180945,33.33137190989657,32.96975752870238,297.4842536247544,0.0011089396012427507,0.1397104242904311,0.131224309379415,56.0462820924,63.683587040000006,77.9375215535,29.5344153536,1.277030055
5000939700,Lemington town,90623.64902956682,3.881011400708713e-05,531.6985618968887,89811.38177125053,280.56869644772763,164.19028835634512,61303721.52094566,844186.1246740358,36.24995467424526,35.430067664710435,551.9428093876338,0.0014782732072571388,0.10735031811208598,0.09761610484919449,36.8948663979,32.29106202,68.4813242482,29.5344153536,1.000556928
5000939775,Lewis town,99391.2514512075,4.256489163076978e-05,583.1390153413212,98500.39944754828,307.7129883489409,180.0752718591977,67234697.18809484,925858.9373478305,39.75704353890336,38.885553025544375,551.9428093876338,0.001478273207257139,0.107350318112086,0.10706020919096178,36.8948663979,32.29106202,68.4813242482,29.534415353600004,1.000556928
5000941425,Lunenburg town,165461.28626033006,0.0001597591445560564,2188.700280415423,162778.46267453083,494.12330539293055,556.2018299934703,149206761.19321847,1184315.9671204481,46.25964273544611,45.1731903838052,297.48425362475444,0.0011089396012427509,0.1397104242904311,0.18212240667762616,56.0462820924,63.68358703999999,77.9375215535,29.5344153536,1.277030055
5000942475,Maidstone town,82039.85251289402,3.513405234996914e-05,481.33651719439166,81304.52253239874,253.99346332651788,148.63832106792933,55497084.104713514,764225.518430556,32.816389175676406,30.69471735516445,551.9428093876338,0.0014782732072571388,0.10735031811208598,0.08836998874430994,36.8948663979,32.29106202,68.4813242482,29.534415353600004,1.000556928
5000952750,Norton town,98841.09444565845,4.232928363731777e-05,579.9111858310299,97955.17354472273,306.00971513558665,179.07850734629568,66862535.26102466,920734.0619378237,39.53697773126451,38.38948318071666,551.9428093876338,0.0014782732072571388,0.107350318112086,0.10646760246509851,36.8948663979,32.29106202,68.4813242482,29.5344153536,1.000556928
5000975175,Victory town,155662.0387715572,0.00015029759961413984,2059.0771147113173,153138.1022153475,464.8594415069847,523.2614394707048,140370168.58006698,1114176.265387082,43.51997052478995,42.953985987822726,297.4842536247544,0.001108939601242751,0.13971042429043112,0.17133642418818099,56.04628209239999,63.683587040000006,77.9375215535,29.5344153536,1.277030055
5000976562,Warren's gore,26251.30476039264,1.124227661869176e-05,154.01918967601776,26016.012145569843,81.27342515497685,47.56163920228941,17758087.362687584,244538.67694163029,10.500665310812641,9.471930354466929,551.9428093876338,0.0014782732072571388,0.107350318112086,0.028276836624428904,36.8948663979,32.29106202,68.4813242482,29.5344153536,1.000556928
5001102500,Bakersfield town,202274.5184093401,4.646952635417983e-05,636.6325110496315,201022.5843616741,615.3015365133275,1263.0489285916728,242013732.18084112,13757538.248100411,42.67116986003069,42.081580824655056,160.14780886982786,0.0008357976904310269,0.014702813451183346,0.38147053113611384,14.2449430987,23.062251969999995,34.6901644608,86.2018718161,0.90734534
5001105425,Berkshire town,577460.4960929252,8.014335758304042e-05,1097.9639988870483,575772.9003547244,589.6317370459586,2028.9173293083852,479271581.2316493,18326501.48829924,42.33509064424532,41.69020682723987,284.6150938489787,0.0012048711392587611,0.03150958716597444,0.4656684253634118,50.6272817,34.63898596,80.34913726469999,86.2018718161,0.999018761
5001124050,Enosburgh town,662607.4678070749,9.196055416595959e-05,1259.8595920729515,660671.0348452756,676.5733671240413,2328.082670691615,549940525.7683507,21028757.51170076,48.57743066575468,47.59811773190226,284.6150938489787,0.0012048711392587614,0.03150958716597444,0.5343315746365882,50.6272817,34.63898596,80.3491372647,86.2018718161,0.999018761
5001124925,Fairfax town,788263.8775244728,0.00014899522354420977,2041.2345625535283,785814.2824819004,408.36048027369674,3249.006617747297,814249583.5473489,11666289.79836076,40.733177801602956,39.739111384047106,242.6168888726415,0.0009680863134007792,0.06756765785427621,0.5108500971300781,41.9642538618,9.209856068,73.3033665109,86.2018718161,0.670423029
5001125225,Fairfield town,327974.87675865996,7.534729188282017e-05,1032.2578987903685,325944.94773832586,997.6711213766724,2047.9510714083272,392409407.8191589,22306946.75189959,69.18850572996931,67.31054451728106,160.14780886982786,0.0008357976904310269,0.014702813451183348,0.6185294688638862,14.2449430987,23.06225197,34.6901644608,86.2018718161,0.9073453400000001
5001126500,Fletcher town,754779.5357055274,0.00014266611582179023,1954.525786756472,752433.9960180996,391.01390091530334,3110.9933822527037,779661405.4526513,11170722.201639242,39.002889648397044,38.347393412209634,242.61688887264154,0.0009680863134007793,0.06756765785427621,0.48914990286992194,41.9642538618,9.209856068,73.3033665109,86.2018718161,0.670423029
5001127100,Franklin town,391937.8444234844,9.626933104273162e-05,1318.8898352830804,389819.8245246867,799.1300635401141,1779.2334548011615,518892437.75740016,20493438.62130739,41.256517500365554,38.58503311315797,220.28466436816493,0.0007553354335195162,0.01912504053936462,0.5093711579734216,33.2738753523,41.85452822,61.6484130665,86.2018718161,1.051475925
5001127700,Georgia town,1073772.16801,9.451801964e-05,1294.89686907,1072136.1091,341.162036266,4845.0,1382438400.0,17368985.0,45.64559961,39.3475169222994,221.62480247884415,0.0007767233375534128,0.06182123872005186,1.0,26.5242053441,9.209856068,55.6324545444,86.2018718161,0.670423029
5001133025,Highgate town,518755.130938,5.23029332756e-05,716.550185876,517582.9615,455.619252479,3472.0,678382451.0,22960980.0,60.68860317,51.02604852608966,149.41104001670507,0.0007646942077780841,0.022592900256783465,1.0,7.96023450228,9.209856068,20.8079150464,86.2018718161,0.670423029
5001145850,Montgomery town,591322.8747007156,0.0001822234794043917,2496.461667836655,588423.224699265,403.1883360905694,1995.1597069938641,437390974.8025847,7272051.883317621,57.00085270147681,56.348736667006094,296.3787172665342,0.00135193204424853,0.0813144466223122,0.5663240723797514,52.5216129761,68.25801102,82.7762120509,86.2018718161,1.272265282
5001159125,Richford town,452819.3462292842,0.00013954189892160826,1911.7240152233444,450598.8713007349,308.75091522243054,1527.8402930061357,334942387.19741523,5568744.116682377,43.649738508523185,42.932499016597674,296.3787172665342,0.0013519320442485299,0.0813144466223122,0.43367592762024854,52.521612976099995,68.25801102,82.7762120509,86.2018718161,1.272265282
5001161675,St. Albans city,871936.855943,1.7179857142e-05,235.364042846,871701.4919,0.0,6877.0,1422830586.0,12142.0,1.97612337,1.9553919880130215,126.79029459691725,0.0006128184651935785,71.81163366356448,2.0,19.842912014059998,56.51098738500001,38.2986693304,86.2018718161,1.189026643
5001161750,St. Albans town,1095070.05838,0.000340653675965,4666.95536072,1090006.1468,396.956223513,6988.0,2029196883.0,21976417.0,61.4462433,37.1332179542412,156.70722071837437,0.0005396568798001648,0.04982932651760294,1.0,59.4116038196,50.72854351,79.9507687917,86.2018718161,1.119703732
5001164600,Sheldon town,377516.4882145157,9.272710021526837e-05,1270.36127294692,375476.4008753134,769.726066279886,1713.7665451988387,499799786.2425999,19739382.37869261,39.73848359963445,38.64139283134257,220.2846643681649,0.0007553354335195161,0.019125040539364615,0.49062884202657847,33.2738753523,41.85452822,61.6484130665,86.2018718161,1.051475925
5001171725,Swanton town,1021780.56294,0.000292695691543,4009.93097413,1017339.0379,431.594064527,6693.0,1256138032.0,25333911.0,62.11621182,48.22441944870418,152.664061398476,0.0008134301620604064,0.04033252358627138,1.0,54.2256787129,50.16288574,77.248998133,86.2018718161,1.115424682
5001300860,Alburgh town,715621.0876369431,0.00016719945095330016,2290.6324780592363,713191.6015500778,138.8536071642857,1497.0775680116558,560217160.4500412,5799930.910251869,47.94062826308332,29.101813903779576,478.0120301898555,0.0012773994410704248,0.12338441590261398,0.4242214701081484,68.3945155958,43.17242196,90.3523479957,99.30576945860001,1.043101468
5001329275,Grand Isle town,624737.9684400377,0.00011613388336740447,1591.0342021329254,622949.4673621821,197.46687534619815,1616.1617201127578,643033934.7618976,4050452.0120822554,35.833581157160836,16.413466467413656,386.5565931090426,0.0009715474326737756,0.15423907420122046,0.42983024471083986,54.3564862712,21.55007996,81.60845730319998,99.3057694586,0.8832743769999999
5001335875,Isle La Motte town,277630.1969970816,6.486619428621244e-05,888.666861720732,276687.6609084298,53.86922629414411,580.8016942310286,217340158.50549877,2250123.688361197,18.598901428120215,7.884612643009689,478.01203018985547,0.0012773994410704246,0.12338441590261397,0.1645796809949075,68.3945155958,43.17242196,90.3523479957,99.30576945860001,1.043101468
5001350650,North Hero town,693653.1699059752,0.00016206681323948738,2220.3153413800314,691298.2634414923,134.59112151157018,1451.1207377573155,543019785.0444599,5621886.401386933,46.468961488796445,13.455980689995828,478.01203018985547,0.0012773994410704246,0.12338441590261398,0.411198848896944,68.3945155958,43.17242196,90.3523479957,99.3057694586,1.043101468
5001367000,South Hero town,828714.8216499623,0.00015405157890859553,2110.5066310470743,826342.375237818,261.93978059780187,2143.838279887242,852984418.2381024,5372923.987917745,47.53324004283917,14.915315960654526,386.5565931090425,0.0009715474326737754,0.15423907420122046,0.5701697552891601,54.3564862712,21.55007996,81.6084573032,99.3057694586,0.883274377
5001504375,Belvidere town,171171.47274888784,0.00011501658206232946,1575.7271742549342,169513.17948755648,82.56608707053945,733.6320309886157,163403293.03012785,681325.1806172858,36.030084732075984,35.600937561075554,233.3206096770658,0.00104753992147103,0.2512331521253995,0.30928837731391895,16.9027148514,35.96754131,42.3804597291,74.2269873238,1.012684848
5001511500,Cambridge town,1992599.24422,0.00099968005228,13695.6167162,1956147.863,22755.7645034,3833.0,1560696472.0,9871141.0,64.10454024,62.94215998499369,519.8537031620141,0.0012767372003260349,0.20186108619256882,1.0,70.6015958522,29.39880353,92.0956559999,74.2269873238,0.964217447
5001523500,Eden town,306767.7421394684,0.0002061288404033372,2823.965113527549,303795.8048685307,147.97215739960217,1314.790590355731,292845872.36416084,1221048.0167296934,64.57190304465904,62.92317920287974,233.32060967706576,0.0010475399214710302,0.2512331521253995,0.5542962016676775,16.9027148514,35.96754131,42.3804597291,74.2269873238,1.012684848
5001523725,Elmore town,398098.04432119627,0.00022601158000831967,3096.3586461089685,393625.1871595397,1376.4985156478106,1280.6762195172766,330726608.4199893,1804985.3644158703,39.943238321369996,38.929259789891375,310.8498762249609,0.0012037073346564606,0.22055472147832558,0.5010470342399361,31.7731559107,44.16099035,64.3965609504,74.2269873238,1.075112606
5001535050,Hyde Park town,595377.371379,0.0003154062335,4321.06539895,589482.5635,1573.74248,3020.0,883240069.0,4637535.0,39.4056858,37.67052659841851,197.14482495993377,0.0006740832897822257,0.12838229175176036,1.0,24.4740941577,42.6819878,48.8673254611,74.2269873238,1.06348531
5001537075,Johnson town,843622.835426,0.00122272173992,16751.2878369,822723.2307,4148.31688938,3491.0,815844702.0,3990143.0,46.15804986,45.319954764106036,241.65649826009738,0.0010340483101231193,0.21142671714422265,1.0,36.1528307945,40.22804004,65.9674408096,74.2269873238,1.044671899
5001546675,Morristown town,1198769.58639,0.000467228320634,6401.02799269,1189030.1287,3338.42970013,5424.0,1775727486.0,6754914.0,51.82646625,50.78034392325369,221.01209188606197,0.0006750864622196877,0.17746629881446307,1.0,52.2290797094,26.25718178,76.7317136979,74.2269873238,0.938763238
5001570525,Stowe town,2291186.19982,0.000499826502008,6847.62307751,2282135.514,2203.06274397,5223.0,2427981118.0,4654991.0,73.38109428,72.45619014662377,438.6724487497607,0.0009436589859921638,0.4921999204337882,1.0,75.0561877921,21.41444056,93.2824373016,74.2269873238,0.896469045
5001577425,Waterville town,75497.27126564382,5.072947002533335e-05,694.993739347517,74765.86074391285,36.41678238085841,323.5773786556534,72071020.60571131,300506.80265302095,15.891509473264994,15.684540341279789,233.3206096770658,0.0010475399214710302,0.25123315212539954,0.13641542101840362,16.9027148514,35.96754131,42.3804597291,74.2269873238,1.012684848
5001585375,Wolcott town,396434.2393098037,0.00022506699059168036,3083.417771101031,391980.07594046026,1370.7455983421896,1275.3237804827234,329344374.5800107,1797441.6355841297,39.77630014863001,38.94751856096885,310.84987622496084,0.0012037073346564608,0.22055472147832558,0.49895296576006387,31.7731559107,44.16099035,64.3965609504,74.2269873238,1.075112606
5001707375,Bradford town,651199.979581,0.000176343154771,2415.90122036,648273.3677,510.71066079,2790.0,743675686.0,5072134.0,30.20200833,29.659826504004414,233.40501060250898,0.0008756504909870081,0.1283877712183866,1.0,22.7486235477,28.86098442,48.5593331193,46.3902381234,0.967117523
5001707600,Braintree town,350298.54956893175,0.00016858900631128845,2309.669386468372,345256.6712305393,2732.2089520835075,1184.2108498020468,287692817.7491691,4318541.088201856,38.995289473939444,38.4445023522068,295.8075832758058,0.001217613120513654,0.08111502065499351,0.4831541614859432,31.77553423,49.06947817,62.0943479243,46.390238123399996,1.126065011
5001709325,Brookfield town,374725.83704006835,0.00018034518436771155,2470.729025841628,369332.37456946075,2922.733444936492,1266.7891501979534,307754434.2508309,4619684.911798145,41.71453894606055,40.87921082628622,295.80758327580577,0.001217613120513654,0.0811150206549935,0.5168458385140569,31.775534230000005,49.06947817,62.094347924299996,46.3902381234,1.126065011
5001713525,Chelsea town,406792.18937082705,0.00026917582080768974,3687.7087450772365,401793.3273983309,1311.1532286076258,1051.432492663515,281491876.41929936,3146583.0105622555,40.48753488633497,40.0510633952458,386.89330243193353,0.001445129410288506,0.1292806158316282,0.24260094431553184,65.2420534408,30.6930048,88.8480610752,46.3902381234,0.981115877
5001715700,Corinth town,428625.2930358339,0.00021565894070912564,2954.527487719093,424542.32410703186,1128.4414411177593,1317.8463884210532,333896756.491087,2533463.847393972,48.8134385062552,48.24163149682985,325.2467789886963,0.0012837060699248679,0.16918547840212364,0.4965510129695001,33.6044617269,34.40798436,65.3930767127,46.3902381234,1.009477477
5001725675,Fairlee town,298753.36155850283,0.00011414651085855494,1563.8071987632097,296430.1640185231,759.3903412741215,771.6675771652139,196890283.06489915,1903883.2812157809,21.243793967854035,19.967641470481837,387.15292750279673,0.0015173596020481492,0.15691789749197496,0.47959451657253815,15.2248106263,22.60735651,43.1831424732,46.3902381234,0.91328914
5001748175,Newbury town,826896.342005,0.000387218622185,5304.89512394,775199.6587,46391.7881809,2293.0,619176960.0,10747232.0,65.22485112,64.04942954679409,360.61768076973397,0.0013354766010754018,0.07694040121260991,1.0,36.3716361647,46.97980217,67.9164734282,46.3902381234,1.109139378
5001753425,Orange town,248631.08130000375,0.0002112093033106306,2893.567455359286,245050.47524736167,687.038597142898,1039.1527459011618,245915938.4578343,1431747.6508586186,39.400770430746434,38.68735095737603,239.26326738846157,0.0010110409388638915,0.17365565862873933,0.4995926662986355,24.8629493537,74.11301309,52.6785820461,46.3902381234,1.369410911
5001758075,Randolph town,1145950.86481,0.000392342795131,5375.09629329,1135863.1528,4712.61572102,4774.0,1446206456.0,11160084.0,48.62208819,47.96946576866033,240.0399800607457,0.0007923840057937066,0.10268299636543954,1.0,55.0021999453,39.2264408,79.1587884842,46.3902381234,1.046403293
5001770675,Strafford town,448960.5437882325,0.0002970787690672678,4069.979136234688,443443.4963912179,1447.0682620918376,1160.4246984017473,310671515.3617986,3472759.940847956,44.684500229289704,44.08503712597639,386.89330243193353,0.001445129410288506,0.1292806158316282,0.26774912284304275,65.2420534408,30.6930048,88.8480610752,46.3902381234,0.9811158770000001
5001772400,Thetford town,878053.390746,0.000296740408523,4065.34359676,872535.3704,1452.67674899,2774.0,700620698.0,5220501.0,44.82458565,43.552413059288675,316.52970106200434,0.0012532507150481015,0.1681933191366116,1.0,23.7487067889,9.209856068,54.1614640933,46.3902381234,0.798116459
5001773075,Topsham town,434579.658400166,0.00021865482580487434,2995.5711135309066,430439.9697929682,1144.1174937022408,1336.1536115789468,338535174.508913,2568658.152606028,49.49154372374479,48.92169871141312,325.2467789886963,0.0012837060699248679,0.16918547840212367,0.5034489870304999,33.6044617269,34.40798436,65.3930767127,46.3902381234,1.009477477
5001773675,Tunbridge town,454315.592800519,0.00030062222381151225,4118.524466230993,448732.7399343538,1464.3284012618428,1174.2658504160772,314377099.7711682,3514181.8429470365,45.21748178441327,44.63688869405736,386.89330243193353,0.001445129410288506,0.1292806158316282,0.2709427435200917,65.2420534408,30.693004799999997,88.8480610752,46.3902381234,0.981115877
5001774950,Vershire town,366727.2467804213,0.0002426647075435302,3324.5064933570798,362220.72247609723,1182.0178120386936,947.8769585186602,253767755.4477338,2836676.2056427514,36.499919579962054,36.10056224847697,386.8933024319335,0.001445129410288506,0.1292806158316282,0.21870718932133368,65.2420534408,30.6930048,88.8480610752,46.3902381234,0.981115877
5001776750,Washington town,249036.51486799621,0.00021155371456036938,2898.285889480713,245450.0700526383,688.1589257371018,1040.8472540988378,246316944.54216564,1434082.349141381,39.46501981925356,38.98128087812044,239.26326738846157,0.0010110409388638913,0.17365565862873933,0.5004073337013644,24.8629493537,74.11301309,52.6785820461,46.3902381234,1.369410911
5001779975,West Fairlee town,324175.6987934971,0.0001238597776084451,1696.8789532367905,321654.8093814769,824.0104588458785,837.3324228347861,213644608.93510085,2065893.7187842191,23.051528922145966,22.621242069099406,387.15292750279673,0.0015173596020481492,0.156917897491975,0.5204054834274618,15.2248106263,22.60735651,43.1831424732,46.3902381234,0.91328914
5001784175,Williamstown town,665070.363118,0.000644360693985,8827.74150759,655759.9941,482.627510875,3515.0,728917891.0,4844991.0,40.76809542,40.16022335581539,189.20920714594595,0.0009124077915080287,0.1372696797822741,1.0,35.533278632,59.78321388,61.8672184367,46.3902381234,1.222015599
5001900475,Albany town,347029.5074240688,0.0001785573853295126,2446.236179011726,343689.84549755673,893.4257470920649,982.1462877899327,281831794.6698746,6634578.803726883,39.38062004069137,38.544698565063676,353.3379006145504,0.0012313355483208129,0.052306185168699754,0.22190381558742264,62.7721689082,33.4454777,87.4412852437,71.820874304,0.99543614
5001903550,Barton town,1363612.30091,0.000688680335683,9434.92059886,1353498.5073,678.873014718,2872.0,709035607.0,7826884.0,44.81832186,42.734505443594955,474.7953693976323,0.0019231929785297793,0.17422160605804302,1.0,60.040669259,54.33039152,87.8455995148,71.820874304,1.159046665
5001909850,Brownington town,255166.55314040574,0.00014683376309614427,2011.6225544153913,252793.36546923092,361.5651168471497,754.1831806340996,201880558.7987317,4546800.37961799,28.647079710939785,28.08154551356786,338.33498239229846,0.0012639481218931954,0.05612002547643056,0.3025203291753308,34.8673492443,44.02594326,67.3789732796,71.820874304,1.075083788
5001913150,Charleston town,370200.3093711656,0.00026101247383121745,3575.870891475912,366263.8224516816,360.6160283437466,792.2239404338733,275019469.04851145,4955716.192580687,38.91885258476232,37.10553365726939,467.2925046526868,0.001346087644820029,0.07470167680816765,0.34610045453642346,42.3269475462,36.27613576,75.301154674,71.820874304,1.015848504
5001916150,Coventry town,250228.27531304938,0.00014399206653489474,1972.6913115263073,247901.0163104735,354.56769113560154,739.5873567188817,197973533.07368883,4458805.447587349,28.09266833995888,27.022190071336098,338.33498239229846,0.0012639481218931952,0.05612002547643055,0.2966656063854319,34.8673492443,44.02594326,67.3789732796,71.820874304,1.075083788
5001916300,Craftsbury town,352082.1652011317,0.00018115713359972155,2481.852730313551,348693.8786809043,906.4337894996999,996.4460777877647,285935191.0056283,6731176.515082948,39.95399144530513,38.999900268613985,353.33790061455034,0.001231335548320813,0.05230618516869975,0.22513467640934584,62.7721689082,33.4454777,87.4412852437,71.820874304,0.99543614
5001917350,Derby town,1279197.658586,0.00035477974188900005,4860.48246387,1274088.064,249.112122187,4579.0,1595493430.0,12552231.0,58.058381159999996,48.98391251052554,279.36179484297884,0.0008017567697448933,0.10190998385753099,2.0,25.044296195850002,45.662796895,52.254646641250005,71.820874304,1.0883386395
5001928075,Glover town,508121.5855325275,0.0002528250033369678,3463.702545718088,504584.7958452428,73.08713951108257,946.5501640677057,364420546.82210374,4630812.598863295,38.920238793874134,37.557874729927065,536.8142173774766,0.0013943274877433658,0.10972622508137207,0.49350894894040964,49.3525025864,61.74435823,80.9972292581,71.820874304,1.224280078
5001930175,Greensboro town,521488.0833974727,0.0002594757439540322,3554.817692171913,517858.25595475733,75.00974843391744,971.4498359322945,374006887.1778964,4752629.401136706,39.944063216125876,37.80191754907267,536.8142173774766,0.0013943274877433658,0.10972622508137206,0.5064910510595905,49.3525025864,61.74435823,80.9972292581,71.820874304,1.224280078
5001933775,Holland town,371563.5837078144,0.0002619736605134321,3589.0391490222096,367612.6005508664,361.94400826267304,795.1413301267853,276032236.9331992,4973965.774047909,39.0621724891426,37.93109150113247,467.29250465268683,0.0013460876448200291,0.07470167680816765,0.3473749803961491,42.3269475462,36.27613576,75.301154674,71.820874304,1.015848504
5001935575,Irasburg town,360881.3377668377,0.00018568457928599193,2543.878736215389,357408.3718145336,929.0872156641246,1021.3490744671524,293081230.58655775,6899400.837643015,40.9525142339137,40.27132386583382,353.33790061455034,0.0012313355483208129,0.05230618516869975,0.2307612007381727,62.7721689082,33.4454777,87.4412852437,71.820874304,0.99543614
5001936325,Jay town,286801.1940348193,7.917101635302364e-05,1084.642924035475,285123.0800964571,593.4710138832809,956.1121300493626,405386166.5823881,6318430.713151638,34.282049239772846,33.91547075040603,299.9660657165935,0.0007074765191242205,0.04539120662316524,0.22065823449096758,66.7653669152,62.11336848,88.07035068319999,71.820874304,1.227459201
5001940525,Lowell town,503880.53772796184,0.000259262078325774,3551.8904730593335,499031.4093070056,1297.2379473041108,1426.0585599551507,409214643.7379395,9633287.843547156,57.1799445800898,56.52604636127354,353.33790061455034,0.0012313355483208129,0.05230618516869975,0.3222003072650589,62.77216890820001,33.4454777,87.4412852437,71.820874304,0.99543614
5001946450,Morgan town,327868.65007102,0.00023116622347535036,3166.977261601878,324382.2924974518,319.38031226358027,701.6347294393413,243571547.0182893,4389040.033371404,34.46856022609507,31.2056478859723,467.2925046526868,0.0013460876448200291,0.07470167680816765,0.30652456506742737,42.3269475462,36.27613576,75.301154674,71.820874304,1.015848504
5001948850,Newport city,948831.0515660001,0.0003269407311648,4479.0880169600005,944334.8131,17.15044898974,4455.0,1184204586.0,822192.0,7.70091036,5.857899864270707,212.9811563560045,0.000801239129440426,1.1540261296217915,2.0,26.619338113749997,78.13569863000001,51.188565041100006,71.820874304,1.420378571
5001948925,Newport town,367452.0244311359,0.00010143455062344413,1389.6533435399688,365302.01119303744,760.3598939903127,1224.9786440120288,519384056.5705301,8095224.863302225,43.92244055048482,41.527297199077424,299.96606571659356,0.0007074765191242206,0.045391206623165245,0.2827091262432561,66.7653669152,62.11336848,88.0703506832,71.820874304,1.227459201
5001973525,Troy town,307628.0804538066,8.492024543419694e-05,1163.4073624474804,305828.10548725026,636.5676036332097,1025.5429383950786,434824438.88684386,6777261.57420124,36.77153798869415,36.12774461264267,299.96606571659356,0.0007074765191242205,0.04539120662316524,0.23668196131896577,66.7653669152,62.11336848,88.0703506832,71.820874304,1.227459201
5001980200,Westfield town,337871.66383023805,9.326893882833529e-05,1277.7844619470757,335894.7294232553,699.1499445131965,1126.36628754353,477572971.9602379,7443548.849344896,40.38662759104818,39.910989779250336,299.96606571659356,0.0007074765191242205,0.04539120662316524,0.25995067794681054,66.7653669152,62.11336848,88.0703506832,71.820874304,1.227459201
5001981700,Westmore town,338074.2826505449,0.00019454242147596103,2665.2311742183015,334930.0080202956,479.0434561472487,999.2294626470186,267474809.12757942,6024129.172794661,37.95497804910133,34.44731102971191,338.33498239229846,0.0012639481218931952,0.05612002547643056,0.40081406443923734,34.8673492443,44.02594326,67.3789732796,71.820874304,1.075083788
5002105200,Benson town,207497.9118602079,0.0003045589571874789,4172.457713456317,201604.60365846366,1720.8504882988757,905.7427753254268,297538928.4014611,3135232.4346529315,45.878106293274676,43.88097634365433,229.09143469088718,0.0006973807191381581,0.06618262479259462,0.36360609206159245,25.8392494024,54.12308239,51.1469444544,69.2311337519,1.158930458
5002107750,Brandon town,899935.325728,0.00349443456875,47873.7535919,845241.4527,6820.11943614,4125.0,959337818.0,2428388.0,40.38360768,39.734988585198195,218.16613957042424,0.0009380796929325265,0.37058959512565537,1.0,50.8853293378,63.54735533,76.5010167315,69.2311337519,1.243191186
5002111950,Castleton town,820379.300773,0.00350185651218,47975.4342168,768295.0457,4108.82085615,4456.0,1084315947.0,1856334.0,42.81783636,38.941861778244046,184.10666534403052,0.0007565869551607729,0.4419351801847081,1.0,43.5137288478,51.04779956,68.4908375251,69.2311337519,1.132544627
5002114350,Chittenden town,480424.7950569228,0.0011291973443285257,15470.003617331326,464742.7669488908,212.0244908337986,1362.56676265773,462247877.70114166,410282.0787602453,74.69261024769091,72.73529104176502,352.5880773136128,0.0010393228789847104,1.170962174386531,0.782634556380086,17.9325270831,31.82372801,46.3225238724,69.2311337519,0.9839881260000001
5002114500,Clarendon town,557834.277006,0.00103596023951,14192.6552812,528937.9368,14703.6849252,2412.0,736220690.0,2776409.0,31.97613237,31.28656679025747,231.27457587313435,0.0007576998101017781,0.20091934473847334,1.0,25.3707205118,58.17745661,51.5060706599,69.2311337519,1.194003843
5002116825,Danby town,227365.29159480182,0.0005737766096720167,7860.739552508084,219117.93558750773,386.6164548835132,723.6109220004988,201417198.59260368,675432.5964175996,42.092375180224195,41.54430963238712,314.20931426273455,0.0011288275935893738,0.33662173368699655,0.48499391554993215,18.464081433699995,65.29349049,45.1143376975,69.2311337519,1.259449147
5002125375,Fair Haven town,415549.087177,0.0020157078126,27615.1970326,386532.8243,1401.0658448,2724.0,629391156.0,1157274.0,18.40633977,17.508608560414242,152.5510599034508,0.0006602397939906864,0.3590757998339201,1.0,22.6261401068,76.89332465,43.5910242232,69.2311337519,1.379652601
5002134450,Hubbardton town,130581.19071269908,0.0001916629951367988,2625.783033366501,126872.45362073676,1082.954058602697,569.9959533139777,187245197.8226109,1973043.3950288144,28.87170137623176,27.22237979341661,229.09143469088716,0.0006973807191381581,0.06618262479259462,0.22882214103331097,25.8392494024,54.12308239,51.1469444544,69.2311337519,1.158930458
5002135425,Ira town,159988.33970706625,0.0004735428878249473,6487.537563206309,152716.32913582237,784.473008164465,518.0184960667469,146279939.8679779,692721.5175845625,22.494251003279615,22.263016100301567,308.8467707655977,0.0010937134637289338,0.23095621493746368,0.3020516012051003,7.68553862985,9.209856068,25.3183974885,69.2311337519,0.735797176
5002137685,Killington town,361040.99683093175,0.0009165020663786023,12556.078309405422,348343.947462009,140.97105874159536,1279.5591904591581,543860389.24905,249608.64262732991,48.063488610536076,47.331342375968156,282.16044988225633,0.0006638486714015869,1.4464282687918475,0.35037217701510354,38.5418524729,18.07794823,66.7308812862,69.2311337519,0.868043182
5002144125,Mendon town,288187.82729504595,0.0007315643972275915,10022.432242032828,278052.8700386508,112.52501374309874,1021.3615246761367,434116749.3588465,199241.00870605872,38.36492940267631,37.95761247230059,282.1604498822563,0.000663848671401587,1.4464282687918475,0.2796718304151524,38.5418524729,18.07794823,66.7308812862,69.2311337519,0.868043182
5002144800,Middletown Springs town,163131.3310651342,0.0004828456983099706,6614.9860668512165,155716.46091785468,799.8840805576964,528.1950355535508,149153627.9611574,706330.1202321206,22.936153435912942,22.699485671528034,308.8467707655976,0.0010937134637289336,0.23095621493746366,0.30798544347145823,7.68553862985,9.209856068,25.3183974885,69.2311337519,0.735797176
5002147200,Mount Holly town,543328.8581062902,0.0027244169976844523,37324.512868257174,505225.70298153214,778.6422574543523,1876.945751044055,474378978.79222006,870624.8219648092,49.951768485135105,49.09780685576318,289.47499297945205,0.0011453476701046453,0.6240677320457234,0.53565803397376,27.4993162332,9.209856068,57.566028088,69.2311337519,0.735797176
5002147425,Mount Tabor town,241435.00528519813,0.0006092827881379832,8347.174197491915,232677.29021249225,410.5408753174868,768.3890779995012,213881204.4073963,717229.4035824003,44.697116049775794,44.108117540809744,314.20931426273455,0.0011288275935893738,0.33662173368699655,0.5150060844500678,18.4640814337,65.29349049,45.1143376975,69.2311337519,1.259449147
5002154250,Pawlet town,502280.448807,0.00122721462669,16812.8403856,476595.2992,8872.30922115,1424.0,391225901.0,5064518.0,43.48590168,42.84469282200843,352.72503427457866,0.0012838629741107044,0.09917635771202708,1.0,15.0559499602,42.38464728,39.8534955347,69.2311337519,1.063257651
5002155450,Pittsfield town,133431.0475460772,0.00031361825220147427,4296.570055168675,129075.59075110928,58.8867398362014,378.4332373422703,128382671.29885836,113949.92123975475,20.744793632309104,20.4783306874406,352.58807731361287,0.0010393228789847102,1.1709621743865313,0.217365443619914,17.9325270831,31.82372801,46.3225238724,69.2311337519,0.983988126
5002155600,Pittsford town,530654.134401,0.00230713516377,31607.7517437,489165.4271,9880.95555745,2862.0,595336586.0,2501834.0,43.9760919,43.28707400338434,185.41374367610064,0.0008913514587880544,0.2121060527600952,1.0,18.3534895889,36.80921637,40.599098617,69.2311337519,1.020871727
5002156875,Poultney town,687362.21210592,0.003576464316535825,48997.561136493816,636242.4590598888,2122.1919109404093,2763.376870651688,647134945.2118529,2061541.801193354,44.06568778739075,42.557710809607,248.73994546528107,0.0010621620995616267,0.33342142842217903,0.6526634082786226,58.820591488,65.22774388,82.7072407929,69.2311337519,1.258885484
5002157250,Proctor town,538995.080999,0.00226756851341,31065.6886337,502182.7538,5746.63856495,1763.0,404676364.0,473941.0,7.66296648,7.414686933643361,305.72608111117415,0.0013319163878792782,1.1372619819745495,1.0,7.26457612405,9.209856068,26.0604330919,69.2311337519,0.735797176
5002161225,Rutland city,2677038.2133919997,0.012748835447035001,174659.04562389,2499785.8841,2593.28366794169,15807.0,4227952028.0,226919.0,7.743224189999999,7.552984093607363,169.35776639412916,0.0006331761088259916,11.797329502562587,4.0,30.312570606375,40.1073565125,49.67892690235,69.2311337519,1.0508064424999999
5002161300,Rutland town,745158.527401,0.00151391057826,20740.5749221,716751.9349,7666.01757917,3898.0,1440849747.0,1703635.0,19.43378112,19.05525195387767,191.16432206285276,0.0005171660188388817,0.43739329574762204,1.0,46.6923525145,67.21554226,69.5777294186,69.2311337519,1.278260015
5002165275,Shrewsbury town,381221.13884402235,0.0009677293287038061,13257.891803261753,367814.3964993402,148.85054060130588,1351.0792848647052,574259097.3921034,263560.34866661136,50.74996475678763,50.06228000914609,282.16044988225633,0.0006638486714015869,1.4464282687918475,0.36995599256974404,38.5418524729,18.07794823,66.7308812862,69.2311337519,0.868043182
5002171050,Sudbury town,101181.46276174212,0.00014851099227533706,2034.600594166196,98307.73001420498,839.1321533762831,441.6641019262294,145087840.80922812,1528822.15050896,22.371376472547638,21.3936190590511,229.09143469088716,0.0006973807191381581,0.06618262479259462,0.17730393493626231,25.8392494024,54.12308239,51.14694445440001,69.2311337519,1.158930458
5002172925,Tinmouth town,206552.5410907995,0.0006113663469150822,8375.718952742476,197164.03024632297,1012.7918918978388,668.7864683797021,188854346.17086467,894336.3621833168,29.041145830807434,28.591015806012106,308.8467707655977,0.0010937134637289338,0.23095621493746368,0.3899629553234415,7.68553862985,9.209856068,25.3183974885,69.2311337519,0.735797176
5002175925,Wallingford town,470991.51729370985,0.0023616954563255477,32355.227751642822,437961.3136184679,674.9759244256478,1627.0542489559452,411221439.20778,754712.1780351909,43.301324564864906,42.507129882429304,289.47499297945205,0.0011453476701046453,0.6240677320457234,0.46434196602624006,27.4993162332,9.209856068,57.566028088,69.2311337519,0.735797176
5002177950,Wells town,365802.7169940801,0.0019033347210241746,26075.685678006186,338597.6361401111,1129.3951767095907,1470.623129348312,344394435.7881471,1097118.198806646,23.45102485260924,22.342799864240618,248.73994546528107,0.0010621620995616267,0.33342142842217903,0.34733659172137743,58.820591488000005,65.22774388,82.7072407929,69.2311337519,1.258885484
5002180875,West Haven town,131406.19848035078,0.00019287391578238513,2642.3726462109857,127674.02970659459,1089.7961275521438,573.5971694343659,188428206.96669978,1985509.0198092933,29.054111857945916,28.123230647012736,229.09143469088716,0.000697380719138158,0.06618262479259462,0.23026783196883419,25.8392494024,54.12308239,51.1469444544,69.2311337519,1.158930458
5002182300,West Rutland town,393774.774462,0.00315083141505,43166.3903862,349691.0211,917.362976055,2214.0,456057642.0,580237.0,18.26760624,18.028389711002365,177.85671836585365,0.0008634320274409523,0.6786447166623294,1.0,9.75705468945,33.72564118,25.7001177268,69.2311337519,0.998528903
5002303175,Barre city,3259147.5745900003,0.00881840065108,120812.08891969999,3138335.3628000002,0.122873339241,8491.0,1587292964.0,191660.0,4.0622322,3.987495911191732,383.83554052408437,0.002053274126772983,17.004839687936972,2.0,63.9214916818,44.597820295,88.7719548595,90.4276744462,1.0768373814999999
5002303250,Barre town,1230303.8038010001,0.00026173905627639997,3585.825070983,1225826.5915,891.38723016295,7923.0,1424920377.0,4065626.0,31.03448907,30.573064673153056,155.28257021342927,0.0008634193346236357,0.3026111609383156,2.0,13.409558465,15.443641534000001,32.8005898232,90.4276744462,0.7705165039999999
5002305650,Berlin town,1202564.70484,0.00223403909699,30606.3356287,1163180.0615,8778.3077097,2849.0,1076855822.0,2239811.0,37.092861,36.04068475352589,422.10063349947353,0.0011167369672631998,0.5369045445530896,1.0,55.9321227688,55.36634484,84.2174735115,90.4276744462,1.154904818
5002311125,Cabot town,421765.7389064097,0.0006861908083856174,9400.814074923523,409177.4369367544,3187.487895155966,1586.0607480385656,398263715.5294295,2499559.543745682,38.811376234517454,37.1360631410475,265.9202930455185,0.0010590112090571393,0.16873602389738562,0.3721400159639994,56.4850819926,57.615352720000004,82.8237784358,90.42767444619999,1.173830273
5002311350,Calais town,233944.21215609857,0.00039682813263893505,5436.545417161234,227695.17187933082,812.4948594282473,1281.9087700705386,296677879.84462005,1174752.7830901,38.8610876262079,37.930489567867305,182.49677170336037,0.0007885461911707837,0.19914335639258984,0.49513664351894116,19.347627032,58.57608245,42.1783025936,90.4276744462,1.181837836
5002318550,Duxbury town,644175.0886961068,0.0007319190044986156,10027.290361638812,624934.1955875016,9213.602745980896,1639.4353669173117,424272279.80365056,1399839.7455070124,43.35711179434144,42.96749994947387,392.924967763366,0.0015183058600817035,0.4601777387473671,0.5186445324002884,43.5922133828,18.07794823,74.8754355297,90.4276744462,0.865256497
5002321925,East Montpelier town,343664.703333,0.000714073283569,9782.8039849,325201.8985,8680.00084839,2592.0,548402372.0,8723753.0,32.32462233,31.74813454619783,132.58669110069445,0.0006266652386634826,0.039394134993620294,1.0,7.06598646736,24.87946455,17.5817249949,90.4276744462,0.921705694
5002325825,Fayston town,491615.985703,0.000187931688344,2574.66413032,488967.8613,73.4602728671,1364.0,454328294.0,485286.0,36.84481203,36.50634750895975,360.4222769083578,0.0010820721319702797,1.0130438250907712,1.0,4.24886732546,9.209856068,17.6982626378,90.4276744462,0.647070547
5002343600,Marshfield town,480149.806736953,0.0007811786345787998,10702.147293775735,465818.9348801054,3628.7245635547633,1805.6155144758507,453394451.947719,2845567.861839326,44.183946392890654,43.310930097454204,265.9202930455186,0.0010590112090571393,0.1687360238973856,0.4236545083237566,56.4850819926,57.61535272,82.82377843579998,90.4276744462,1.173830273
5002344500,Middlesex town,363118.84849049244,0.0002623976554708538,3594.8478799537374,355516.8630439217,4007.1375666271692,1390.0165094725216,367383539.9468096,955469.882736525,40.194314502108476,39.490614104298395,261.23347889464094,0.0009883917187554602,0.38004217092693443,0.5067504591587757,24.8034913726,30.19131671,53.4479683208,90.4276744462,0.964714796
5002346000,Montpelier city,3040002.702999,0.0101987241246363,139722.52050743,2899617.0324999997,663.1499942536,8055.0,2054824743.0,578709.0,10.35569925,10.057239991198557,377.4056738670391,0.00147944622204649,5.253076594625278,4.0,24.380745127435,34.40472665,53.467589454525,90.4276744462,0.99545417
5002346225,Moretown town,597860.7344038932,0.0006792961125513847,9306.35674196119,580003.2067124984,8551.170948519106,1521.5646330826887,393768311.1963495,1299195.2544929879,40.23985893565856,39.71357999271133,392.924967763366,0.0015183058600817033,0.46017773874736706,0.4813554675997117,43.5922133828,18.07794823,74.8754355297,90.4276744462,0.865256497
5002350275,Northfield town,859648.616979067,0.0021041587339672213,28826.97465537144,829930.0233039128,891.6190196981636,3375.0703777515528,662079681.2122765,1313187.7560378832,45.21961792484953,44.63182959747398,254.70539004041706,0.0012984065836381495,0.6546273470998366,1.292569817208775,31.493207191206604,67.26106572221916,62.822364506190446,90.4276744462,1.2749149884927815
5002355825,Plainfield town,231436.7433166375,0.00037653548246558305,5158.536109800747,224529.12768314025,1749.0795239292713,870.3237374855842,218540409.52285168,1371590.5944149925,21.297079612591908,21.00271263134991,265.9202930455186,0.0010590112090571393,0.1687360238973856,0.20420547571224407,56.48508199260001,57.61535272,82.8237784358,90.4276744462,1.173830273
5002360625,Roxbury town,626274.2070259331,0.0004196993062957789,5749.880496248563,619838.9936960873,685.3328335598364,3220.9296222484477,688114509.7877237,717728.2439621169,42.161988075150475,41.69926903100302,194.43896032374258,0.0009101307967174421,0.8725784616872191,0.707430182791225,38.1898612251,31.315524490000005,64.8270367331,90.4276744462,0.972967647
5002375325,Waitsfield town,675525.787449,0.000478627962294,6557.20308343,653012.6733,15955.9110657,1844.0,596780786.0,3517244.0,26.18815524,25.748427081137653,366.3371949289588,0.0011319496258865814,0.19206111018996694,1.0,16.151165971,18.27933424,44.6398630088,90.4276744462,0.86617966
5002376525,Warren town,552444.757887,0.000268965323891,3684.82493731,548364.0421,395.890849211,1977.0,654242389.0,1750583.0,40.53918882,40.08390640315789,279.4358916980273,0.0008444037976985927,0.3155775863737966,1.0,12.5266074465,18.67262927,34.5581677429,90.4276744462,0.868284506
5002376975,Waterbury town,1785732.77739,0.0046125461812,63191.8826824,1713922.7287,8618.16600785,5331.0,1528897949.0,2310043.0,50.33805309,48.153231091018604,334.97144576814856,0.0011679869009949204,0.773030102638782,1.0,74.3200979868,53.0989753,93.0648210909,90.4276744462,1.135931173
5002385525,Woodbury town,238539.92978390137,0.0004046236238270648,5543.343646438765,232168.1302206691,828.4559166117525,1307.091229929461,302505969.1553799,1197830.2169098998,39.6244943537921,37.72257703041162,182.4967717033604,0.0007885461911707836,0.19914335639258984,0.5048633564810587,19.347627032,58.57608245,42.1783025936,90.4276744462,1.181837836
5002386125,Worcester town,353444.58411750756,0.00025540681954914617,3499.0734278262616,346045.13185607834,3900.37883361283,1352.9834905274781,357595655.05319035,930014.1172634749,39.12345181789152,38.55619745954939,261.23347889464094,0.0009883917187554605,0.38004217092693443,0.49324954084122424,24.8034913726,30.19131671,53.4479683208,90.4276744462,0.964714796
5002501900,Athens town,156798.06985859032,0.00031335965433144583,4293.02726434311,152037.8079496005,467.23464502637285,344.6213326949896,110121975.74958897,310315.7694209517,14.167650818005301,13.95293548097092,454.9865460515933,0.0014238581245140398,0.505285535927404,0.10458917532473128,72.4840355321,63.27666884,91.5545883724,65.340599455,1.243484735
5002507900,Brattleboro town,3264232.16127,0.0103407381843515,141668.11312571002,3120742.8857,1821.1624443085502,12175.0,3394051530.0,2070753.0,32.97015735,32.05568383448266,268.1094177634497,0.000961750914038126,1.5763503234185825,3.0,54.867428521600004,49.213607376666666,75.83667288993334,65.340599455,1.1314346516666667
5002509475,Brookline town,144843.10044350507,0.0002894677461795619,3965.708122662124,140445.78168541688,431.61063577679414,318.3458976984356,101725795.53383504,286655.94034402585,13.087447264698731,12.853409584062243,454.9865460515933,0.00142385812451404,0.5052855359274041,0.09661483996917619,72.4840355321,63.27666884,91.5545883724,65.340599455,1.243484735
5002517875,Dover town,438757.428872,0.00125886553576,17246.4578399,421314.9422,196.028831963,1798.0,689681975.0,538137.0,36.20959563,35.76825493147992,244.02526633592882,0.0006361735477746827,0.8153266340578701,1.0,27.0284090233,76.62915359,46.4997086559,65.340599455,1.380856827
5002518325,Dummerston town,489633.338667,0.000340796696729,4668.91474519,482920.3543,2044.06962188,1865.0,461961539.0,2237285.0,31.24629378,30.69592546881853,262.5379831994638,0.0010599006569397545,0.2188515717340437,1.0,18.91477293,49.41894213,41.2460014508,65.340599455,1.120915706
5002528900,Grafton town,427405.5696999018,0.0008541665194047561,11702.081315851434,414429.88412566343,1273.604259421868,939.3806770968476,300174267.60533077,845869.3932638287,38.61866969816586,38.13650132439648,454.98654605159334,0.00142385812451404,0.5052855359274041,0.2850927699838688,72.4840355321,63.27666883999999,91.5545883724,65.340599455,1.243484735
5002530925,Guilford town,762443.4874840626,0.001756626147078793,24065.77821495886,732216.0355472501,6161.673721880169,2864.0448135702372,726238208.2578235,5038482.271559258,40.06085681953335,39.545677291434615,266.21213602227897,0.0010498531732626574,0.1513240389447891,0.6646657724693055,53.97357687320001,32.07782977,76.9921396549,65.340599455,0.9867612999999998
5002531150,Halifax town,230943.31514612003,0.0001860013107571883,2548.2179573762974,228308.51908050597,86.57810845029788,1232.2253465678089,255289954.67760146,758569.3905064053,40.22561868972052,39.71784217443948,187.41970840754112,0.0009046314236600962,0.3044458661744142,0.49427410612427153,32.0549867409,76.91760943,50.0350802088,65.340599455,1.383920949
5002536175,Jamaica town,614936.729016,0.0016298684277,22329.1974595,591372.2812,1235.25035675,1004.0,379324553.0,692059.0,49.98535854,48.94613086990353,612.4867818884462,0.0016211361066732742,0.8885611328167108,1.0,19.7971293687,44.32742996,51.3764522612,65.340599455,1.080449855
5002540225,Londonderry town,851171.363976,0.00192832131903,26418.0020707,823546.4715,1206.89040538,1916.0,688739169.0,1351881.0,36.34425249,35.468183669801746,444.24392691858037,0.001235839926472949,0.6296200360653046,1.0,20.1931195224,9.209856068,49.0896983102,65.340599455,0.74689627
5002543375,Marlboro town,236294.01791387997,0.0001903107566818117,2607.257366543703,233598.17651949404,88.58402805970213,1260.7746534321911,261204742.32239857,776144.6094935948,41.157602060279494,40.34909989854845,187.41970840754112,0.0009046314236600961,0.3044458661744142,0.5057258938757285,32.0549867409,76.91760943,50.0350802088,65.340599455,1.383920949
5002548400,Newfane town,799543.4124,0.00169964383097,23285.1204843,775245.5256,1012.76631528,1645.0,476395867.0,898215.0,40.45196337,39.76120723837617,486.0446275987842,0.001678317273058962,0.8901470276047495,1.0,38.4098557549,58.89889238,70.0379341919,65.340599455,1.202681744
5002557700,Putney town,424911.35692,0.000542009779095,7425.5339736,395332.3616,22153.4613463,2603.0,523106215.0,4505368.0,26.99786856,26.658249790591828,163.2390921705724,0.0008122850479228201,0.09431224195670586,1.0,18.8779089817,52.95563585,35.464307374,65.340599455,1.150689016
5002560250,Rockingham town,1813857.0390030001,0.002164605918816,29655.10108773,1776996.0287000001,7205.9092144059,4831.0,1287291157.0,2874256.0,42.609821280000006,41.41038199055134,375.4620242192093,0.0014090495604973693,0.6310701061432942,2.0,50.90911253015,74.56139311499999,78.37751061325,65.340599455,1.3588410605
5002565762,Somerset town,138656.6779767018,0.00010646366359180191,1458.5521912071267,137154.03916024414,44.0866251540918,350.3215870866943,215708999.81003124,107863.88346186881,27.890262111440922,25.331282695150552,395.7982696121673,0.0006427950530520876,1.2854782669281382,0.26640424873512875,18.3915426968,42.33903927,41.7680425243,65.340599455,1.064396502
5002570750,Stratton town,234902.8659126997,0.00018036361506859383,2470.981526438788,232357.1957757238,74.68861037371161,593.4913918215839,365439753.771199,182735.7738797395,47.24981585188917,46.02730164059897,395.7982696121673,0.0006427950530520876,1.2854782669281382,0.45132425233580525,18.3915426968,42.33903927,41.7680425243,65.340599455,1.064396502
5002573300,Townshend town,477593.3311743222,0.0009544663483597733,13076.188972535903,463093.9859691993,1423.1562337434727,1049.6867112201717,335421993.9134202,945194.9387344812,43.153436488013384,42.28267132307145,454.98654605159334,0.0014238581245140398,0.505285535927404,0.3185695633445134,72.4840355321,63.27666884,91.5545883724,65.340599455,1.243484735
5002574800,Vernon town,384664.60663593747,0.0008862452325512069,12141.55968594114,369414.38665274985,3108.6602972598307,1444.9551864297628,366398479.7421765,2541992.7284407415,20.211325800466653,19.448315148236478,266.21213602227897,0.0010498531732626574,0.1513240389447891,0.33533422753069453,53.9735768732,32.07782977,76.9921396549,65.340599455,0.9867613
5002576225,Wardsboro town,146915.18065059852,0.00011280472457260424,1545.4247266440855,145323.04346403203,46.71245982019657,371.1870210917217,228556800.41876975,114288.34265839166,29.551428436669898,29.22214534420444,395.79826961216736,0.0006427950530520877,1.2854782669281382,0.28227149892906594,18.3915426968,42.33903927,41.7680425243,65.340599455,1.064396502
5002581400,Westminster town,797220.619024,0.00333812873105,45732.3636153,719036.8472,32451.4082087,3007.0,812393333.0,6350989.0,45.74353017,45.02488545589178,265.1215892996342,0.0009813234385861215,0.12552700359329863,1.0,40.2875387963,50.08351596,66.8866611965,65.340599455,1.126227687
5002583950,Whitingham town,351410.859925,0.000751076826278,10289.75252,341022.5187,98.5887051086,1344.0,445530310.0,1200011.0,39.44172843,36.75872125438023,261.4664136346726,0.0007887473692306142,0.2928396989069267,1.0,6.45713674146,18.44044305,16.5019680592,65.340599455,0.871622682
5002584700,Wilmington town,1206559.89924,0.00145815711129,19976.7524247,1184503.4528,2079.69401787,2253.0,1191468886.0,1600471.0,42.49358178,40.45038183067515,535.5347977097204,0.001012665889489287,0.7538780141845743,1.0,52.421723568,34.30373749,79.4941314973,65.340599455,1.003592902
5002584850,Windham town,292540.5980636805,0.0005846399816644626,8009.567748807431,283659.30337011995,871.7269454614919,642.9653812895554,205456283.19782498,578960.9582367123,26.432806521116735,26.09335298888018,454.9865460515933,0.0014238581245140398,0.505285535927404,0.19513365137771027,72.4840355321,63.27666884,91.5545883724,65.340599455,1.243484735
5002701300,Andover town,196660.1244566445,0.0002727711933328635,3736.965348657136,192662.13779873896,261.0213092196869,533.9865876074131,214833235.09115472,353454.7342016716,29.211921650457754,28.849800005570863,368.2866368194795,0.0009154082904034876,0.5563940879185837,0.44835145894828976,8.97696597814,27.35473553,28.2270819212,60.9027366426,0.950965912
5002702575,Baltimore town,78949.76690109198,0.00017430544172528095,2387.9845516382793,76508.62493060778,53.157418819745125,173.8502009930355,52109590.265822664,80195.8858073709,4.808272948410062,4.754543833949289,454.12525524922887,0.001515071726688918,0.9844615606681859,0.10724873596115699,20.452356319799996,21.55007996,51.268238735699995,60.9027366426,0.900615531
5002702725,Barnard town,438999.9812801732,0.000866262031051312,11867.789825392998,426398.05133045954,734.1401242347354,1158.6685818369635,336142958.2050881,885424.5450830138,48.79010539904994,48.03400351666501,378.88313203779,0.0013059919018512647,0.49580733188169557,0.27712714227145746,59.6292200302,23.30154593,85.5564672446,60.9027366426,0.915818106
5002705800,Bethel town,546258.4434646665,0.0008221116160767692,11262.929140257074,529205.1460104645,5790.368312566422,1349.131722561058,381088104.6501909,1601499.840125521,46.16353465200835,45.49645287163623,404.8963005833882,0.0014334177236156166,0.34109178769687065,0.4446709698619176,56.3923275421,51.30190132,84.4243872855,60.9027366426,1.137722162
5002708275,Bridgewater town,465287.331636119,0.0006799736480897582,9315.638978879131,455527.81644065573,443.87621666441044,777.9667509952031,297366034.79407406,352431.5511507459,50.13251524424597,49.48304105665323,598.0812560959793,0.0015646956181741818,1.3202204232761816,0.504517996754347,34.6877861415,40.29852514,70.3459265337,60.9027366426,1.049473534
5002712250,Cavendish town,657187.2718579081,0.001450939277134719,19877.868096761722,636866.9150693923,442.4886915362549,1447.1497990069647,433766441.73417735,667560.1141926291,40.024637251589944,39.40014496312168,454.12525524922887,0.0015150717266889182,0.984461560668186,0.8927512640388431,20.4523563198,21.550079959999998,51.2682387357,60.9027366426,0.900615531
5002713675,Chester town,1453716.92206,0.00210975187279,28903.6006572,1412272.9296,12540.3917994,3005.0,917369948.0,2620172.0,56.53463751,55.71076385415576,483.7660306356073,0.001584657231501113,0.5548173639211471,1.0,58.0726100865,31.7627199,85.1806928044,60.9027366426,0.985216501
5002732275,Hartford town,2210457.709653,0.002576126827593,35292.937538,2174548.6994000003,616.0727154553999,10675.0,2519236798.0,1849337.0,46.45638621,45.11093179684239,207.0686379066042,0.0008774314948907792,1.1952703642727096,3.0,39.634293777900005,59.361882763333334,65.110849496,60.9027366426,1.226805681
5002732425,Hartland town,642681.182768,0.00160013652321,21921.870368,613357.3324,7401.98000038,3446.0,726449355.0,3814503.0,46.00385322,45.2302439275687,186.50063342077772,0.0008846882144564641,0.1684835960983646,1.0,27.5361801815,37.83273115,51.2135373931,60.9027366426,1.030336354
5002741275,Ludlow town,1448058.04861,0.00233208738421,31949.5971637,1415875.3177,233.133749816,2172.0,1198221467.0,684141.0,35.63521026,34.75009311464521,666.6933925460405,0.0012085061806107668,2.1166076124804682,1.0,72.0595055474,74.61707043,92.5404016981,60.9027366426,1.360776807
5002752900,Norwich town,1495426.18076,0.00210541958932,28844.2483737,1465373.3978,1208.53458853,3612.0,1093902348.0,1586753.0,45.18292896,44.49436757647891,414.0161076301218,0.0013670563771017703,0.9424442120229172,1.0,45.6613511232,9.209856068,77.1669461192,60.9027366426,0.760399413
5002756050,Plymouth town,456953.965263881,0.0006677952173702417,9148.794478020869,447369.24445934437,435.9263265945896,764.033249004797,292040164.205926,346119.4488492542,49.23463432575402,48.1744717290665,598.0812560959791,0.001564695618174182,1.3202204232761816,0.495482003245653,34.6877861415,40.29852514,70.3459265337,60.9027366426,1.049473534
5002756350,Pomfret town,359664.27830968547,0.0007097118941021327,9723.052949191046,349339.75841459166,601.4669458324055,949.2749819060627,275395488.8999354,725411.3749078339,39.972799078101744,39.47517619559124,378.88313203779,0.0013059919018512645,0.49580733188169557,0.2270449609916438,59.6292200302,23.30154593,85.5564672446,60.9027366426,0.915818106
5002758375,Reading town,476372.26086808904,0.0003841187520441385,5262.426903006509,470620.888419144,488.9455461385113,1266.0746061489133,453868360.43484867,1070039.786495109,41.69878289550138,41.09458980728379,376.25923350370005,0.0010495824393039416,0.4451911666092674,0.6246051337685808,27.1568382624,32.91654327,58.4043856207,60.9027366426,0.994134284
5002760100,Rochester town,682196.9325053333,0.0010266972151632308,14065.751847742924,660899.8571895353,7231.323466333577,1684.8682774389417,475923327.3498091,2000039.1598744788,57.65150563799164,56.84493778656771,404.89630058338827,0.0014334177236156166,0.3410917876968707,0.5553290301380823,56.3923275421,51.30190132,84.4243872855,60.9027366426,1.137722162
5002760850,Royalton town,842409.544766,0.000846576148409,11598.0932332,828449.6329,2361.81863315,2750.0,734531454.0,1697275.0,41.36525016,40.37433437732431,306.33074355127275,0.0011468665367269622,0.4963306151130489,1.0,44.6053773798,64.99081917,74.3973933621,60.9027366426,1.261178791
5002763775,Sharon town,366590.94570313534,0.0007233800244450298,9910.306334888577,356067.58894927293,613.0504189021107,967.5567865253272,280699248.7346106,739381.856883487,40.74262333004151,39.80838660553711,378.88313203779,0.0013059919018512647,0.49580733188169557,0.23141755238587114,59.6292200302,23.30154593,85.5564672446,60.9027366426,0.915818106
5002769550,Springfield town,2052776.526123,0.0027656828666429998,37889.855273049994,2005342.9403999997,9543.730454419,9062.0,2215416018.0,3145112.0,50.13683766,49.21210583606298,226.5257698215626,0.0009265873810807664,0.6526878935068131,2.0,56.30908636865,54.173428895,76.9279250354,60.9027366426,1.168379788
5002770375,Stockbridge town,418855.169757006,0.0008265110376815253,11323.201216227379,406831.5166056759,700.4519350207482,1105.4996497316465,320718045.1603659,844794.2231256654,46.551227222806816,45.78469705199393,378.88313203778995,0.0013059919018512645,0.49580733188169557,0.2644103443510276,59.6292200302,23.30154593,85.5564672446,60.90273664259999,0.915818106
5002777500,Weathersfield town,741371.063754,0.000925984187522,12685.9833691,723354.7044,5330.37598485,2830.0,740480075.0,2719483.0,44.514327,43.508751854996376,261.9685737646643,0.0010012032582429717,0.2726147079257344,1.0,28.9381993745,30.93111414,56.0427146136,60.9027366426,0.978857626
5002782000,Weston town,241969.25999535553,0.0003356157939041365,4597.936376482864,237050.16480126104,321.1588175763131,657.0134123925869,264329329.90884528,434888.2657983284,35.94214680954225,35.37135812878895,368.28663681947944,0.0009154082904034876,0.5563940879185837,0.5516485410517102,8.97696597814,27.35473553,28.2270819212,60.9027366426,0.9509659120000001
5002783050,West Windsor town,286305.20544391096,0.00023085978603886153,3162.779068733492,282848.5644808561,293.86189444148874,760.9253938510867,272780102.5651514,643106.2135048909,25.06144791449862,24.720350160871572,376.25923350370005,0.0010495824393039416,0.4451911666092674,0.3753948662314192,27.1568382624,32.91654327,58.40438562069999,60.9027366426,0.994134284
5002784925,Windsor town,964512.874665,0.00656291363863,89911.9168493,869024.1604,5576.7974156,3559.0,774222686.0,1266759.0,19.8851211,19.408338516843152,271.00670825091316,0.0012457822434112967,0.761402030429624,1.0,49.8507604676,57.36006634,77.5379639209,60.9027366426,1.190615811
5002785975,Woodstock town,1872067.67704,0.00248989459705,34111.5559796,1833825.5105,4130.6105589,2999.0,1331704495.0,2131931.0,44.78374719,44.0523933467781,624.230635891964,0.0014057680844878427,0.8781089430380251,1.0,75.7922775974,54.11123615,94.1493346652,60.9027366426,1.162466114
