GEOID,town_name,total_population,occupied_housing_units,nfip_claims,total_nfip_claims_paid,2011_2022_nfip_claims,2023_plus_nfip_claims,pre_2011_nfip_claims,2011_2022_nfip_claims_count,2023_plus_nfip_claims_count,pre_2011_nfip_claims_count,claims_paid_per_capita,claims_paid_per_housing_unit,irene_policies,flood2023_policies,today_policies,current_insurance_penetration
5000100325,Addison town,1175,490,,,,,,,,,,,,,1.0,0.0020408163265306124
5001900475,Albany town,934,394,,,,,,,,,,,,,,
5001300860,Alburgh town,1832,786,,,,,,,,,,,15.0,13.0,14.0,0.017811704834605598
5002701300,Andover town,616,238,3.0,54002.36103948191,10216.16362519105,0.0,43786.197414290866,1.0,1.0,1.0,87.66617051863946,226.9006766364786,2.0,5.0,6.0,0.025210084033613446
5000301450,Arlington town,2598,864,5.0,64229.48489232477,64229.48489232477,0.0,0.0,5.0,0.0,0.0,24.722665470486824,74.33968158833885,20.0,25.0,21.0,0.024305555555555556
5002501900,Athens town,431,179,,,,,,,,,,,,,,
5000902125,Averill town,9,9,,,,,,,,,,,,,,
5000902162,Avery's gore,0,0,,,,,,,,,,,,,,
5001102500,Bakersfield town,1109,448,,,,,,,,,,,2.0,1.0,1.0,0.002232142857142857
5002702575,Baltimore town,361,134,,,,,,,,,,,,,,
5002702725,Barnard town,1211,478,1.0,0.0,0.0,0.0,0.0,0.0,1.0,0.0,0.0,0.0,6.0,8.0,14.0,0.029288702928870293
5000502875,Barnet town,1855,751,4.0,127686.3788949987,77750.7802436286,49935.59865137011,0.0,2.0,2.0,0.0,68.83362743665698,170.02180944740175,14.0,6.0,11.0,0.014647137150466045
5002303175,Barre city,8412,4094,206.0,10457388.10373423,1530004.8329797555,8824868.599941848,102514.6708126271,58.0,137.0,11.0,1243.1512248851914,2554.320494317106,65.0,99.0,152.0,0.03712750366389839
5002303250,Barre town,8005,3525,6.0,76640.01917029273,21898.44017292644,54741.57899736629,0.0,2.0,4.0,0.0,9.574018634639941,21.741849410012122,190.0,6.0,14.0,0.003971631205673759
5001903550,Barton town,2815,1176,15.0,1305453.1042357534,35388.984970205966,1270064.1192655475,0.0,5.0,10.0,0.0,463.74888249937953,1110.0791702684978,21.0,8.0,18.0,0.015306122448979591
5001504375,Belvidere town,422,194,,,,,,,,,,,,1.0,1.0,0.005154639175257732
5000304825,Bennington town,15249,6358,11.0,140244.8104991312,140244.8104991312,0.0,0.0,11.0,0.0,0.0,9.196984097260884,22.05800731348399,204.0,144.0,182.0,0.028625353884869455
5002105200,Benson town,784,314,,,,,,,,,,,2.0,,,
5001105425,Berkshire town,1745,651,,,,,,,,,,,2.0,3.0,2.0,0.0030721966205837174
5002305650,Berlin town,2880,1195,40.0,5531846.285813551,1369042.1060538134,4162804.1797597385,0.0,11.0,29.0,0.0,1920.7799603519275,4629.160071810503,16.0,43.0,49.0,0.04100418410041841
5002705800,Bethel town,1736,864,9.0,889934.1807404123,614394.4847038038,275539.69603660854,0.0,5.0,4.0,0.0,512.6348967398689,1030.0164128939957,17.0,17.0,11.0,0.01273148148148148
5000906325,Bloomfield town,234,113,,,,,,,,,,,,3.0,3.0,0.02654867256637168
5000706550,Bolton town,1163,548,13.0,607122.5184650312,143398.58635956186,463723.9321054694,0.0,3.0,10.0,0.0,522.0314002278858,1107.8878074179402,5.0,11.0,21.0,0.03832116788321168
5001707375,Bradford town,2827,1029,2.0,51749.63213780801,46903.598376449336,4846.033761358676,0.0,1.0,1.0,0.0,18.305494212171208,50.29118769466279,22.0,8.0,8.0,0.007774538386783284
5001707600,Braintree town,1026,511,,,,,,,,,,,1.0,6.0,7.0,0.0136986301369863
5002107750,Brandon town,4120,1703,7.0,92052.95548553445,92052.95548553445,0.0,0.0,7.0,0.0,0.0,22.342950360566615,54.053408975651465,33.0,12.0,14.0,0.008220786846741044
5002507900,Brattleboro town,12122,5503,26.0,1621808.5155357248,1611154.340886302,0.0,10654.174649422703,22.0,1.0,3.0,133.79050614879762,294.71352272137466,114.0,74.0,59.0,0.010721424677448665
5002708275,Bridgewater town,980,459,15.0,1377470.027617991,1169251.6186476555,208218.40897033561,0.0,7.0,8.0,0.0,1405.5816608346847,3001.024025311527,9.0,20.0,20.0,0.04357298474945534
5000108575,Bridport town,1235,530,,,,,,,,,,,5.0,6.0,6.0,0.011320754716981131
5000908725,Brighton town,1167,554,,,,,,,,,,,1.0,1.0,6.0,0.010830324909747292
5000109025,Bristol town,3778,1861,1.0,17616.578490681364,0.0,0.0,17616.578490681364,0.0,0.0,1.0,4.662937662964892,9.466189409286063,6.0,8.0,12.0,0.006448146157979581
5001709325,Brookfield town,1486,636,,,,,,,,,,,1.0,2.0,4.0,0.006289308176100629
5002509475,Brookline town,531,212,5.0,792522.5061172345,496871.4096561531,295651.0964610814,0.0,3.0,2.0,0.0,1492.5094277160724,3738.313708100163,3.0,4.0,3.0,0.014150943396226415
5001909850,Brownington town,1144,410,,,,,,,,,,,,,,
5000910075,Brunswick town,109,41,,,,,,,,,,,1.0,2.0,2.0,0.04878048780487805
5000710300,Buels gore,19,13,,,,,,,,,,,,,,
5000510450,Burke town,1317,562,1.0,15369.988933008806,0.0,15369.988933008806,0.0,0.0,1.0,0.0,11.670454770697651,27.348734756243427,,5.0,6.0,0.010676156583629894
5000710675,Burlington city,44675,17504,9.0,83604.36369548715,46298.81333620435,37305.55035928279,0.0,6.0,3.0,0.0,1.8713903457299865,4.776300485345472,28.0,38.0,30.0,0.0017138939670932358
5002311125,Cabot town,1579,571,6.0,163972.26505490142,0.0,163972.26505490142,0.0,0.0,6.0,0.0,103.8456396801149,287.16683897530896,7.0,5.0,8.0,0.014010507880910683
5002311350,Calais town,1713,674,4.0,31757.66123559336,6768.496098212197,24989.165137381162,0.0,1.0,3.0,0.0,18.539206792523853,47.1181917442038,6.0,8.0,11.0,0.016320474777448073
5001511500,Cambridge town,3767,1578,30.0,1838343.6322995669,243789.45100553674,1594554.1812940303,0.0,10.0,20.0,0.0,488.01264462425456,1164.9832904306506,22.0,29.0,41.0,0.025982256020278833
5000911800,Canaan town,810,384,3.0,469079.39050101594,469079.39050101594,0.0,0.0,3.0,0.0,0.0,579.1103586432296,1221.5609127630623,7.0,6.0,4.0,0.010416666666666666
5002111950,Castleton town,4453,1663,7.0,44916.07439854522,38826.80652850605,6089.267870039171,0.0,5.0,2.0,0.0,10.086699842475909,27.009064581205784,24.0,15.0,12.0,0.0072158749248346366
5002712250,Cavendish town,1242,459,26.0,2128823.3005324868,255832.01254941392,1872991.287983073,0.0,6.0,20.0,0.0,1714.0284223288943,4637.959260419361,15.0,28.0,39.0,0.08496732026143791
5001913150,Charleston town,936,464,,,,,,,,,,,,,,
5000713300,Charlotte town,3916,1807,2.0,191683.11885596628,176453.557296206,0.0,15229.561559760263,1.0,0.0,1.0,48.9487024657728,106.07809565908482,6.0,10.0,10.0,0.005534034311012728
5001713525,Chelsea town,1223,527,13.0,368440.2122438871,157031.61044265504,179870.90881399263,31537.692987239396,5.0,6.0,2.0,301.25937223539415,699.1275374646814,19.0,12.0,22.0,0.04174573055028463
5002713675,Chester town,2992,1304,25.0,497042.812637161,82354.08999715507,405694.83948261687,8993.883157389097,8.0,14.0,3.0,166.12393470493348,381.1678011021173,47.0,33.0,40.0,0.03067484662576687
5002114350,Chittenden town,1318,509,,,,,,,,,,,2.0,2.0,3.0,0.005893909626719057
5002114500,Clarendon town,2460,1028,,,,,,,,,,,2.0,7.0,7.0,0.006809338521400778
5000714875,Colchester town,17648,7092,6.0,220683.15024452007,220683.15024452007,0.0,0.0,6.0,0.0,0.0,12.504711595904356,31.117195465950378,44.0,38.0,40.0,0.0056401579244218835
5000915250,Concord town,1145,518,,,,,,,,,,,2.0,1.0,3.0,0.005791505791505791
5001715700,Corinth town,1539,638,1.0,5370.085800336721,0.0,5370.085800336721,0.0,0.0,1.0,0.0,3.4893345031427687,8.417062382972917,4.0,4.0,4.0,0.006269592476489028
5000116000,Cornwall town,1208,492,,,,,,,,,,,,2.0,3.0,0.006097560975609756
5001916150,Coventry town,917,378,3.0,208964.02477337906,71794.24888427036,137169.77588910869,0.0,1.0,2.0,0.0,227.8778896111004,552.8148803528546,6.0,2.0,1.0,0.0026455026455026454
5001916300,Craftsbury town,1352,527,1.0,0.0,0.0,0.0,0.0,0.0,1.0,0.0,0.0,0.0,3.0,3.0,1.0,0.0018975332068311196
5002116825,Danby town,1133,487,1.0,12893.878568576803,12893.878568576803,0.0,0.0,1.0,0.0,0.0,11.3802988248692,26.4761366911228,2.0,6.0,4.0,0.008213552361396304
5000517125,Danville town,2360,1064,,,,,,,,,,,,,,
5001917350,Derby town,4537,2224,12.0,297485.83677888894,297485.83677888894,0.0,0.0,11.0,0.0,1.0,65.56884213773175,133.76161725669468,16.0,10.0,9.0,0.0040467625899280575
5000317725,Dorset town,2092,838,6.0,137617.95867776222,82951.07652705394,54666.8821507083,0.0,4.0,2.0,0.0,65.78296303908328,164.22190773002652,10.0,17.0,10.0,0.011933174224343675
5002517875,Dover town,1466,697,5.0,193684.37327244924,193684.37327244924,0.0,0.0,5.0,0.0,0.0,132.11758067697767,277.88288848271054,35.0,20.0,19.0,0.027259684361549498
5002518325,Dummerston town,2090,900,1.0,0.0,0.0,0.0,0.0,0.0,0.0,1.0,0.0,0.0,4.0,6.0,9.0,0.01
5002318550,Duxbury town,1548,624,6.0,639411.4635009108,364844.39599392604,274567.06750698475,0.0,1.0,5.0,0.0,413.0565009695806,1024.6978581745366,2.0,10.0,7.0,0.011217948717948718
5000921250,East Haven town,225,115,,,,,,,,,,,,,,
5002321925,East Montpelier town,2612,1150,4.0,454653.47586458246,62600.71603419029,392052.7598303922,0.0,1.0,3.0,0.0,174.0633521686763,395.3508485778978,16.0,7.0,21.0,0.018260869565217393
5001523500,Eden town,1351,571,,,,,,,,,,,,,,
5001523725,Elmore town,964,400,,,,,,,,,,,,,,
5001124050,Enosburgh town,2804,1167,1.0,13052.391549078162,13052.391549078162,0.0,0.0,1.0,0.0,0.0,4.654918526775378,11.18456859389731,1.0,3.0,3.0,0.002570694087403599
5000724400,Essex Junction city,10803,4761,,,,,,,,,,,7.0,8.0,13.0,0.0027305187985717286
5000724175,Essex town,11516,4912,1.0,0.0,0.0,0.0,0.0,1.0,0.0,0.0,0.0,0.0,2.0,11.0,12.0,0.0024429967426710096
5002125375,Fair Haven town,2724,1003,4.0,45667.5609531737,38005.152379953666,0.0,7662.408573220026,2.0,1.0,1.0,16.76489021775833,45.53096804902662,10.0,5.0,7.0,0.006979062811565304
5001124925,Fairfax town,5226,1845,1.0,94678.35577105377,94678.35577105377,0.0,0.0,1.0,0.0,0.0,18.11679214907267,51.31618198973104,7.0,7.0,10.0,0.005420054200542005
5001125225,Fairfield town,1938,733,,,,,,,,,,,,,,
5001725675,Fairlee town,1066,507,,,,,,,,,,,3.0,3.0,3.0,0.005917159763313609
5002325825,Fayston town,1342,547,,,,,,,,,,,,6.0,8.0,0.014625228519195612
5000925975,Ferdinand town,68,41,,,,,,,,,,,,,,
5000126300,Ferrisburgh town,2661,1085,2.0,164590.58151350784,164590.58151350784,0.0,0.0,2.0,0.0,0.0,61.85290549173538,151.6963884917123,19.0,16.0,20.0,0.018433179723502304
5001126500,Fletcher town,1196,484,,,,,,,,,,,,1.0,2.0,0.004132231404958678
5001127100,Franklin town,1590,617,,,,,,,,,,,3.0,2.0,3.0,0.004862236628849271
5001127700,Georgia town,4890,1821,2.0,56661.49125457884,56661.49125457884,0.0,0.0,2.0,0.0,0.0,11.587217025476246,31.11559102393127,4.0,7.0,9.0,0.004942339373970346
5000327962,Glastenbury town,0,0,,,,,,,,,,,,,,
5001928075,Glover town,1051,433,3.0,111549.25405791652,0.0,111549.25405791652,0.0,0.0,3.0,0.0,106.13630262408803,257.61952438317905,10.0,4.0,5.0,0.011547344110854504
5000128600,Goshen town,142,70,,,,,,,,,,,1.0,1.0,1.0,0.014285714285714285
5002528900,Grafton town,666,316,10.0,264093.22736484907,174602.93084107168,89490.29652377739,0.0,7.0,2.0,1.0,396.5363774246983,835.7380612811679,18.0,19.0,27.0,0.08544303797468354
5000929125,Granby town,67,41,,,,,,,,,,,,,,
5001329275,Grand Isle town,2192,925,1.0,0.0,0.0,0.0,0.0,1.0,0.0,0.0,0.0,0.0,6.0,11.0,12.0,0.012972972972972972
5000129575,Granville town,414,206,2.0,27028.822723158188,27028.822723158188,0.0,0.0,2.0,0.0,0.0,65.28701140859465,131.20787729688442,9.0,2.0,2.0,0.009708737864077669
5001930175,Greensboro town,633,289,,,,,,,,,,,3.0,2.0,3.0,0.010380622837370242
5000530550,Groton town,967,429,10.0,137064.30148194876,31133.982712241326,105930.31876970743,0.0,2.0,8.0,0.0,141.74178022952302,319.4972062516288,13.0,6.0,14.0,0.03263403263403263
5000930775,Guildhall town,371,158,,,,,,,,,,,7.0,5.0,4.0,0.02531645569620253
5002530925,Guilford town,2461,1091,3.0,48027.674295549354,48027.674295549354,0.0,0.0,3.0,0.0,0.0,19.515511700751464,44.02169962928447,8.0,11.0,11.0,0.01008249312557287
5002531150,Halifax town,847,306,,,,,,,,,,,,1.0,2.0,0.006535947712418301
5000131525,Hancock town,435,210,3.0,8267.227096910978,2031.101362094422,0.0,6236.125734816555,2.0,0.0,1.0,19.00511976301374,39.367748080528465,16.0,19.0,17.0,0.08095238095238096
5000531825,Hardwick town,2965,1333,33.0,1700287.186431733,33122.62494581926,1661718.0735890667,5446.4878968469575,8.0,24.0,1.0,573.4526767054749,1275.5342733921477,30.0,20.0,37.0,0.0277569392348087
5002732275,Hartford town,10736,4685,10.0,1612826.7744487445,1408881.9847082011,203944.78974054314,0.0,7.0,3.0,0.0,150.22604083911554,344.25331364967866,34.0,53.0,50.0,0.010672358591248666
5002732425,Hartland town,3460,1578,3.0,8512.84009987361,2765.3113024336008,5747.528797440011,0.0,1.0,1.0,1.0,2.4603584103680953,5.39470221791737,8.0,8.0,8.0,0.005069708491761723
5001133025,Highgate town,3528,1470,2.0,6344.641816870102,6344.641816870102,0.0,0.0,2.0,0.0,0.0,1.7983678619246322,4.316082868619117,4.0,8.0,7.0,0.004761904761904762
5000733475,Hinesburg town,4718,2181,1.0,0.0,0.0,0.0,0.0,0.0,1.0,0.0,0.0,0.0,10.0,4.0,7.0,0.0032095369096744614
5001933775,Holland town,790,361,,,,,,,,,,,,,,
5002134450,Hubbardton town,831,299,,,,,,,,,,,1.0,2.0,1.0,0.0033444816053511705
5000734600,Huntington town,1853,849,18.0,318718.036799634,203745.8447937534,114972.19200588058,0.0,11.0,6.0,1.0,172.00109919030436,375.404048056106,13.0,16.0,23.0,0.027090694935217905
5001535050,Hyde Park town,3000,1271,2.0,87636.39361201374,0.0,87636.39361201374,0.0,0.0,2.0,0.0,29.212131204004578,68.9507424170053,4.0,5.0,5.0,0.003933910306845004
5002135425,Ira town,381,161,1.0,16461.46438801481,16461.46438801481,0.0,0.0,1.0,0.0,0.0,43.20594327562942,102.24512042245225,1.0,2.0,2.0,0.012422360248447204
5001935575,Irasburg town,1384,534,,,,,,,,,,,,,,
5001335875,Isle La Motte town,577,254,,,,,,,,,,,,9.0,9.0,0.03543307086614173
5002536175,Jamaica town,882,447,12.0,172170.25023290137,159763.09948525528,12407.150747646067,0.0,9.0,3.0,0.0,195.2043653434256,385.1683450400478,42.0,36.0,47.0,0.10514541387024609
5001936325,Jay town,471,232,1.0,6624.723099678961,6624.723099678961,0.0,0.0,1.0,0.0,0.0,14.065229510995671,28.554840946892075,2.0,6.0,8.0,0.034482758620689655
5000736700,Jericho town,5114,2106,,,,,,,,,,,11.0,13.0,13.0,0.006172839506172839
5001537075,Johnson town,3450,1431,35.0,2859438.379988965,542130.9824384155,2208918.602168091,108388.79538245853,9.0,25.0,1.0,828.8227188373812,1998.2099091467262,38.0,24.0,41.0,0.0286512928022362
5002137685,Killington town,785,385,,,,,,,,,,,,,,
5000537900,Kirby town,756,263,,,,,,,,,,,,,1.0,0.0038022813688212928
5000339025,Landgrove town,225,107,,,,,,,,,,,1.0,1.0,1.0,0.009345794392523364
5000139325,Leicester town,1026,454,,,,,,,,,,,,1.0,5.0,0.011013215859030838
5000939700,Lemington town,108,54,1.0,0.0,0.0,0.0,0.0,0.0,0.0,1.0,0.0,0.0,1.0,1.0,,
5000939775,Lewis town,0,0,,,,,,,,,,,,,,
5000140075,Lincoln town,1394,578,3.0,71121.79983136855,71121.79983136855,0.0,0.0,3.0,0.0,0.0,51.01994249022135,123.04809659406324,5.0,8.0,5.0,0.00865051903114187
5002540225,Londonderry town,1873,776,18.0,1597502.9550045966,729276.2842092201,868226.6707953764,0.0,7.0,11.0,0.0,852.9113481070991,2058.6378286141708,25.0,16.0,22.0,0.028350515463917526
5001940525,Lowell town,1070,371,,,,,,,,,,,3.0,2.0,3.0,0.008086253369272238
5002741275,Ludlow town,1990,934,68.0,5662923.872198746,1143561.1657545012,4519362.706444245,0.0,21.0,47.0,0.0,2845.6903880395707,6063.08765760037,89.0,130.0,224.0,0.2398286937901499
5000941425,Lunenburg town,1267,582,,,,,,,,,,,,,,
5000541725,Lyndon town,5590,2309,22.0,1563563.8647382332,148813.6277576973,1333372.0911537432,81378.14582679258,5.0,15.0,2.0,279.70731032884316,677.1606170369134,38.0,16.0,35.0,0.015158077089649198
5000942475,Maidstone town,241,122,,,,,,,,,,,,,,
5000342850,Manchester town,4486,1847,16.0,449199.54331810644,410743.1304713373,38456.41284676911,0.0,13.0,3.0,0.0,100.13364764112939,243.2049503617252,35.0,39.0,33.0,0.017866811044937737
5002543375,Marlboro town,1362,351,1.0,0.0,0.0,0.0,0.0,1.0,0.0,0.0,0.0,0.0,2.0,2.0,2.0,0.005698005698005698
5002343600,Marshfield town,1863,711,8.0,409818.430969757,0.0,409818.430969757,0.0,0.0,8.0,0.0,219.97768704764198,576.397230618505,6.0,10.0,16.0,0.02250351617440225
5002144125,Mendon town,1113,451,,,,,,,,,,,,1.0,,
5000144350,Middlebury town,9175,2795,6.0,5115.530237972414,0.0,5115.530237972414,0.0,2.0,3.0,1.0,0.557550979615522,1.8302433767343165,21.0,26.0,33.0,0.011806797853309481
5002344500,Middlesex town,1943,747,14.0,565465.6721865614,169070.11639451224,396395.55579204916,0.0,6.0,8.0,0.0,291.0271086909734,756.9821582149416,6.0,9.0,17.0,0.022757697456492636
5002144800,Middletown Springs town,747,272,1.0,9071.2688799763,9071.2688799763,0.0,0.0,1.0,0.0,0.0,12.143599571588085,33.350253235206985,4.0,3.0,2.0,0.007352941176470588
5000745250,Milton town,10769,4220,13.0,446718.2767929967,174545.1153152776,272173.1614777191,0.0,4.0,9.0,0.0,41.4818717423156,105.85741156232149,23.0,16.0,15.0,0.0035545023696682463
5000145550,Monkton town,1999,847,1.0,14238.85925544257,14238.85925544257,0.0,0.0,1.0,0.0,0.0,7.122991123282927,16.810931824607522,6.0,3.0,3.0,0.0035419126328217238
5001145850,Montgomery town,1047,576,3.0,62418.042226558566,16537.452298102216,0.0,45880.58992845635,2.0,0.0,1.0,59.616086176273704,108.36465664333085,26.0,14.0,13.0,0.022569444444444444
5002346000,Montpelier city,8014,3721,208.0,12012995.511660034,1890215.9937354277,9642912.412606182,479867.1053184232,84.0,115.0,9.0,1499.0011868804634,3228.432010658434,293.0,157.0,245.0,0.06584251545283526
5002346225,Moretown town,1532,656,24.0,2921595.076586848,1872880.4941257474,883117.2198518422,165597.36260925868,8.0,13.0,3.0,1907.0463946389348,4453.65103138239,24.0,39.0,34.0,0.051829268292682924
5001946450,Morgan town,827,382,,,,,,,,,,,,,,
5001546675,Morristown town,5722,3031,7.0,548646.1523083729,304322.4112020676,244323.74110630527,0.0,3.0,4.0,0.0,95.8836337484049,181.01159759431636,3.0,10.0,8.0,0.0026393929396238865
5002147200,Mount Holly town,1415,599,4.0,165141.7730628876,39027.49180347049,126114.28125941713,0.0,1.0,3.0,0.0,116.70796682889583,275.69578140715794,3.0,7.0,9.0,0.015025041736227046
5002147425,Mount Tabor town,304,156,,,,,,,,,,,,,,
5000148700,New Haven town,1792,779,3.0,15255.98368443429,0.0,15255.98368443429,0.0,1.0,2.0,0.0,8.513383752474493,19.58406121236751,9.0,4.0,6.0,0.007702182284980745
5000547725,Newark town,727,292,,,,,,,,,,,,,,
5001748175,Newbury town,2169,987,5.0,12649.252210157912,12649.252210157912,0.0,0.0,3.0,0.0,2.0,5.831835965955699,12.815858368954318,15.0,10.0,13.0,0.013171225937183385
5002548400,Newfane town,1456,720,16.0,350484.1366588569,340834.7574625665,9649.379196290396,0.0,14.0,2.0,0.0,240.71712682613796,486.78352313730124,28.0,31.0,28.0,0.03888888888888889
5001948850,Newport city,4394,2031,1.0,25856.551743978645,25856.551743978645,0.0,0.0,1.0,0.0,0.0,5.884513369134876,12.730946205799432,3.0,6.0,4.0,0.0019694731659281144
5001948925,Newport town,1601,744,1.0,3553.5707138605603,0.0,3553.5707138605603,0.0,0.0,1.0,0.0,2.2195944496318303,4.776304722930861,5.0,3.0,2.0,0.002688172043010753
5001350650,North Hero town,1263,518,10.0,226430.06217712892,226430.06217712892,0.0,0.0,8.0,0.0,2.0,179.2795424997062,437.12367215661953,36.0,36.0,29.0,0.055984555984555984
5002350275,Northfield town,5920,2138,27.0,999140.3643428767,939659.4224099602,59480.94193291649,0.0,19.0,8.0,0.0,168.7737101930535,467.32477284512476,48.0,38.0,36.0,0.01683816651075772
5000952750,Norton town,108,56,,,,,,,,,,,,1.0,1.0,0.017857142857142856
5002752900,Norwich town,3640,1393,4.0,46511.813102059794,46511.813102059794,0.0,0.0,4.0,0.0,0.0,12.777970632434009,33.389672004350174,23.0,16.0,15.0,0.010768126346015794
5001753425,Orange town,957,401,,,,,,,,,,,1.0,4.0,4.0,0.00997506234413965
5000153725,Orwell town,1294,519,,,,,,,,,,,,2.0,2.0,0.0038535645472061657
5000153950,Panton town,690,264,,,,,,,,,,,,,,
5002154250,Pawlet town,1480,600,1.0,113343.55178566936,113343.55178566936,0.0,0.0,1.0,0.0,0.0,76.58348093626309,188.90591964278227,8.0,6.0,7.0,0.011666666666666667
5000554400,Peacham town,887,410,1.0,46185.43379785211,0.0,46185.43379785211,0.0,0.0,1.0,0.0,52.0692602005097,112.64739950695636,,1.0,,
5000355000,Peru town,434,167,1.0,0.0,0.0,0.0,0.0,0.0,1.0,0.0,0.0,0.0,,2.0,3.0,0.017964071856287425
5002155450,Pittsfield town,391,189,2.0,39261.938111200085,39261.938111200085,0.0,0.0,2.0,0.0,0.0,100.41416396726365,207.73512228148192,6.0,6.0,5.0,0.026455026455026454
5002155600,Pittsford town,2892,1391,2.0,69939.82374535852,69939.82374535852,0.0,0.0,2.0,0.0,0.0,24.183894794383995,50.28024712103416,7.0,7.0,9.0,0.006470165348670022
5002355825,Plainfield town,1314,585,16.0,1559553.344126702,27313.89951366517,1532239.444613037,0.0,4.0,12.0,0.0,1186.8746911162116,2665.9031523533367,17.0,11.0,17.0,0.02905982905982906
5002756050,Plymouth town,533,227,12.0,699240.2595573133,498713.748121826,200526.51143548722,0.0,5.0,7.0,0.0,1311.89542130828,3080.3535663317766,8.0,12.0,18.0,0.07929515418502203
5002756350,Pomfret town,908,433,,,,,,,,,,,2.0,2.0,1.0,0.0023094688221709007
5002156875,Poultney town,3010,1028,5.0,254166.651209128,254166.651209128,0.0,0.0,5.0,0.0,0.0,84.4407479100093,247.243824133393,23.0,20.0,22.0,0.021400778210116732
5000357025,Pownal town,3265,1409,,,,,,,,,,,11.0,19.0,16.0,0.0113555713271824
5002157250,Proctor town,1794,690,13.0,236155.0553291487,116496.53812841405,119658.51720073464,0.0,5.0,8.0,0.0,131.63603975983762,342.2537033755778,24.0,13.0,12.0,0.017391304347826087
5002557700,Putney town,2622,898,2.0,0.0,0.0,0.0,0.0,2.0,0.0,0.0,0.0,0.0,11.0,7.0,5.0,0.005567928730512249
5001758075,Randolph town,4843,2062,4.0,25330.291357769245,0.0,25330.291357769245,0.0,2.0,2.0,0.0,5.230289357375438,12.284331405319712,17.0,14.0,13.0,0.006304558680892337
5002758375,Reading town,699,298,4.0,459174.00278909795,98047.93164537926,361126.0711437187,0.0,1.0,3.0,0.0,656.9012915437739,1540.8523583526778,6.0,10.0,10.0,0.03355704697986577
5000358600,Readsboro town,807,390,,,,,,,,,,,2.0,2.0,1.0,0.002564102564102564
5001159125,Richford town,2467,981,,,,,,,,,,,6.0,5.0,5.0,0.0050968399592252805
5000759275,Richmond town,4159,1842,38.0,906087.0467342936,292974.58575580356,613112.4609784901,0.0,10.0,28.0,0.0,217.8617568488323,491.90393416628314,32.0,49.0,57.0,0.030944625407166124
5000159650,Ripton town,508,187,6.0,18783.86337392695,11655.060330319104,6491.78497570958,637.0180678982634,1.0,2.0,3.0,36.976109003793205,100.44846724025106,3.0,6.0,5.0,0.026737967914438502
5002760100,Rochester town,1389,713,4.0,323720.48472267616,317572.4524546865,0.0,6148.032267989645,3.0,0.0,1.0,233.06010419199148,454.0259252772457,12.0,9.0,9.0,0.012622720897615708
5002560250,Rockingham town,4807,2194,3.0,111775.54759941685,111775.54759941685,0.0,0.0,2.0,1.0,0.0,23.25266228404761,50.94601075634314,2.0,9.0,11.0,0.005013673655423883
5002360625,Roxbury town,942,350,1.0,20755.7594457578,20755.7594457578,0.0,0.0,1.0,0.0,0.0,22.033714910570914,59.30216984502229,3.0,,,
5002760850,Royalton town,2752,1256,6.0,575177.8371609706,563697.9267419154,0.0,11479.910419055184,5.0,0.0,1.0,209.0035745497713,457.9441378670148,6.0,10.0,9.0,0.007165605095541401
5000361000,Rupert town,676,287,2.0,15960.606441113385,15960.606441113385,0.0,0.0,2.0,0.0,0.0,23.610364557860038,55.61186913279925,3.0,12.0,11.0,0.03832752613240418
5002161225,Rutland city,15712,7414,54.0,1182535.153865578,650640.0615032571,355921.27581127733,175973.81655104348,28.0,16.0,10.0,75.26318443645481,159.5002905132962,42.0,67.0,76.0,0.01025087671971945
5002161300,Rutland town,3927,1677,3.0,201472.87275529653,117018.95343650536,84453.91931879119,0.0,1.0,2.0,0.0,51.304525784389234,120.13886270441057,80.0,6.0,10.0,0.005963029218843173
5000561525,Ryegate town,1059,445,6.0,99932.96885954036,36998.63734262095,62934.33151691941,0.0,4.0,2.0,0.0,94.36540968795123,224.5684693472817,6.0,7.0,7.0,0.015730337078651686
5000162575,Salisbury town,1200,471,,,,,,,,,,,2.0,4.0,3.0,0.006369426751592357
5000362875,Sandgate town,435,212,,,,,,,,,,,,2.0,,
5000363175,Searsburg town,129,50,,,,,,,,,,,,,,
5000363550,Shaftsbury town,3607,1280,2.0,34541.23060104204,34541.23060104204,0.0,0.0,2.0,0.0,0.0,9.576165955376226,26.985336407064096,4.0,8.0,9.0,0.00703125
5002763775,Sharon town,1577,641,3.0,160412.7620520477,160412.7620520477,0.0,0.0,3.0,0.0,0.0,101.72020421816595,250.25391895795275,9.0,10.0,10.0,0.015600624024960999
5000564075,Sheffield town,573,252,,,,,,,,,,,,,,
5000764300,Shelburne town,7969,3333,3.0,24931.603790420606,2713.397758115139,0.0,22218.20603230547,2.0,0.0,1.0,3.128573696877978,7.480229160042186,13.0,13.0,14.0,0.0042004200420042
5001164600,Sheldon town,2267,913,,,,,,,,,,,6.0,4.0,3.0,0.0032858707557502738
5000165050,Shoreham town,1269,544,1.0,0.0,0.0,0.0,0.0,1.0,0.0,0.0,0.0,0.0,1.0,1.0,2.0,0.003676470588235294
5002165275,Shrewsbury town,1237,392,15.0,389377.51897525793,58581.94754742349,330795.57142783445,0.0,5.0,10.0,0.0,314.77568227587545,993.3099973858621,18.0,17.0,20.0,0.05102040816326531
5002565762,Somerset town,0,0,,,,,,,,,,,,,,
5000766175,South Burlington city,20756,9466,2.0,10969.897187386738,10969.897187386738,0.0,0.0,2.0,0.0,0.0,0.5285169198008642,1.1588735672286856,14.0,17.0,22.0,0.0023241073315022186
5001367000,South Hero town,1586,657,5.0,50086.95058148047,50086.95058148047,0.0,0.0,5.0,0.0,0.0,31.580675019848975,76.23584563391243,10.0,13.0,15.0,0.0228310502283105
5002769550,Springfield town,9084,3834,3.0,22283.188423793785,5301.307248783725,16981.881175010058,0.0,2.0,1.0,0.0,2.45301501803102,5.811994894051587,35.0,23.0,34.0,0.008868022952529996
5001161675,St. Albans city,6954,3113,1.0,1431.4316859143312,1431.4316859143312,0.0,0.0,1.0,0.0,0.0,0.20584292290973988,0.45982386312699364,1.0,4.0,4.0,0.00128493414712496
5001161750,St. Albans town,7057,2534,9.0,164152.5029072803,164152.5029072803,0.0,0.0,9.0,0.0,0.0,23.26094698983708,64.77999325464889,48.0,41.0,39.0,0.015390686661404893
5000762050,St. George town,812,305,,,,,,,,,,,,,,
5000562200,St. Johnsbury town,7368,3266,19.0,254380.81477744645,92613.5104572929,161767.30432015355,0.0,7.0,11.0,1.0,34.525083438849954,77.88757341624202,43.0,18.0,27.0,0.008266993263931415
5000369775,Stamford town,963,367,1.0,0.0,0.0,0.0,0.0,0.0,1.0,0.0,0.0,0.0,5.0,7.0,6.0,0.01634877384196185
5000569925,Stannard town,228,105,,,,,,,,,,,,1.0,,
5000170075,Starksboro town,1939,703,3.0,50688.29413857185,50688.29413857185,0.0,0.0,3.0,0.0,0.0,26.141461649598686,72.10283661247774,1.0,3.0,4.0,0.005689900426742532
5002770375,Stockbridge town,791,401,7.0,590426.4064687351,590426.4064687351,0.0,0.0,7.0,0.0,0.0,746.4303495179963,1472.3850535379927,20.0,9.0,9.0,0.022443890274314215
5001570525,Stowe town,5285,2426,9.0,30060.44376167613,21423.757378048056,8636.686383628077,0.0,4.0,5.0,0.0,5.687879614319041,12.390949613221819,31.0,37.0,46.0,0.018961253091508656
5001770675,Strafford town,1372,578,3.0,20428.78816764996,10075.17838232398,10353.609785325978,0.0,1.0,2.0,0.0,14.88978729420551,35.34392416548436,5.0,10.0,10.0,0.01730103806228374
5002570750,Stratton town,532,131,,,,,,,,,,,1.0,5.0,7.0,0.05343511450381679
5002171050,Sudbury town,679,263,,,,,,,,,,,1.0,,,
5000371425,Sunderland town,1269,407,,,,,,,,,,,1.0,6.0,5.0,0.012285012285012284
5000571575,Sutton town,790,360,,,,,,,,,,,,,,
5001171725,Swanton town,6820,2610,11.0,574465.4935784943,574465.4935784943,0.0,0.0,11.0,0.0,0.0,84.23247706429535,220.101721677584,37.0,29.0,33.0,0.01264367816091954
5001772400,Thetford town,2813,1355,2.0,38471.54447718876,38471.54447718876,0.0,0.0,2.0,0.0,0.0,13.676340020330167,28.39228374700278,14.0,22.0,18.0,0.013284132841328414
5002172925,Tinmouth town,827,321,,,,,,,,,,,,,1.0,0.003115264797507788
5001773075,Topsham town,999,434,1.0,30605.111647246555,30605.111647246555,0.0,0.0,1.0,0.0,0.0,30.635747394641196,70.51869043144367,2.0,3.0,3.0,0.0069124423963133645
5002573300,Townshend town,1538,598,,,,,,,,,,,10.0,6.0,7.0,0.011705685618729096
5001973525,Troy town,1749,709,3.0,165181.84458391555,151731.76730285527,13450.077281060276,0.0,2.0,1.0,0.0,94.44359324409122,232.97862423683435,2.0,2.0,3.0,0.004231311706629055
5001773675,Tunbridge town,1253,525,,,,,,,,,,,5.0,3.0,4.0,0.007619047619047619
5000773975,Underhill town,3141,1197,3.0,54156.924731883744,54156.924731883744,0.0,0.0,3.0,0.0,0.0,17.241937195760503,45.24388031067982,13.0,15.0,13.0,0.01086048454469507
5000174650,Vergennes city,2565,1129,1.0,66451.86847060792,66451.86847060792,0.0,0.0,1.0,0.0,0.0,25.9071611971181,58.859050903992845,10.0,6.0,8.0,0.0070859167404783
5002574800,Vernon town,2709,1028,2.0,6040.54384259344,6040.54384259344,0.0,0.0,1.0,0.0,1.0,2.229805774305441,5.876015411083113,5.0,5.0,7.0,0.006809338521400778
5001774950,Vershire town,842,372,1.0,3875.032831406916,0.0,3875.032831406916,0.0,0.0,1.0,0.0,4.602176759390637,10.416754923136871,1.0,1.0,3.0,0.008064516129032258
5000975175,Victory town,53,35,,,,,,,,,,,,,,
5002375325,Waitsfield town,1918,854,14.0,486012.2204489657,484049.97584520036,1962.2446037652776,0.0,12.0,2.0,0.0,253.39531827370473,569.1009607130745,31.0,29.0,29.0,0.03395784543325527
5000575700,Walden town,1037,464,,,,,,,,,,,,,,
5002175925,Wallingford town,2286,801,21.0,718938.4596878551,472654.95457394246,246283.50511391266,0.0,11.0,10.0,0.0,314.49626408042656,897.5511356902061,35.0,31.0,28.0,0.03495630461922597
5000176075,Waltham town,452,204,,,,,,,,,,,,,,
5002576225,Wardsboro town,820,344,4.0,349721.6388263357,336066.2349217288,13655.403904606957,0.0,3.0,1.0,0.0,426.4898034467509,1016.6326710067899,10.0,11.0,14.0,0.040697674418604654
5000976337,Warner's grant,0,0,,,,,,,,,,,,,,
5002376525,Warren town,1585,700,7.0,135420.1331701334,27325.54121984372,0.0,108094.59195028967,4.0,0.0,3.0,85.43856982342801,193.45733310019057,19.0,17.0,16.0,0.022857142857142857
5000976562,Warren's gore,0,0,,,,,,,,,,,,,,
5001776750,Washington town,1056,517,1.0,11261.307308440139,0.0,11261.307308440139,0.0,0.0,1.0,0.0,10.664116769356191,21.78202574166371,6.0,1.0,4.0,0.007736943907156673
5002376975,Waterbury town,5405,2315,132.0,6634788.436787433,4160868.294785627,2473920.1420018054,0.0,36.0,95.0,1.0,1227.5279254000802,2865.999324746191,91.0,123.0,140.0,0.06047516198704104
5000577125,Waterford town,1279,503,,,,,,,,,,,1.0,,1.0,0.0019880715705765406
5001577425,Waterville town,680,333,,,,,,,,,,,,,,
5002777500,Weathersfield town,2856,1050,6.0,196391.38117208265,188047.8104085075,8343.57076357514,0.0,4.0,2.0,0.0,68.76448920591129,187.0394106400787,6.0,8.0,5.0,0.004761904761904762
5002177950,Wells town,1148,467,2.0,9309.799552903556,9309.799552903556,0.0,0.0,2.0,0.0,0.0,8.109581492076268,19.93533094840162,22.0,10.0,12.0,0.02569593147751606
5001779975,West Fairlee town,711,334,1.0,0.0,0.0,0.0,0.0,1.0,0.0,0.0,0.0,0.0,1.0,3.0,4.0,0.011976047904191617
5002180875,West Haven town,234,93,,,,,,,,,,,,,,
5002182300,West Rutland town,2240,965,4.0,62704.852689340565,62704.852689340565,0.0,0.0,4.0,0.0,0.0,27.993237807741323,64.97912195786587,23.0,16.0,18.0,0.01865284974093264
5002783050,West Windsor town,1171,485,1.0,25067.746999138697,25067.746999138697,0.0,0.0,1.0,0.0,0.0,21.407128094909222,51.68607628688391,2.0,5.0,4.0,0.008247422680412371
5001980200,Westfield town,536,218,1.0,0.0,0.0,0.0,0.0,0.0,1.0,0.0,0.0,0.0,4.0,2.0,,
5000780350,Westford town,2290,797,,,,,,,,,,,2.0,1.0,2.0,0.002509410288582183
5002581400,Westminster town,2999,1284,5.0,47577.30210875985,0.0,47577.30210875985,0.0,2.0,3.0,0.0,15.864388832530794,37.05397360495316,21.0,25.0,35.0,0.027258566978193146
5001981700,Westmore town,465,195,,,,,,,,,,,,,,
5002782000,Weston town,685,278,13.0,1138483.7041507226,104760.35125747009,1033723.3528932524,0.0,6.0,7.0,0.0,1662.020006059449,4095.265122844326,14.0,13.0,15.0,0.0539568345323741
5000183275,Weybridge town,781,331,,,,,,,,,,,,3.0,3.0,0.00906344410876133
5000583500,Wheelock town,717,283,,,,,,,,,,,,,,
5000183800,Whiting town,532,217,,,,,,,,,,,1.0,,,
5002583950,Whitingham town,1368,559,7.0,178496.23630927328,178496.23630927328,0.0,0.0,7.0,0.0,0.0,130.47970490443953,319.31348176971966,8.0,6.0,6.0,0.01073345259391771
5001784175,Williamstown town,3579,1329,7.0,634570.7455302253,19244.31072860086,578815.1600587277,36511.274742896734,2.0,4.0,1.0,177.3039244286743,477.4798687210123,12.0,7.0,9.0,0.006772009029345372
5000784475,Williston town,10144,4421,3.0,32465.741167374534,32465.741167374534,0.0,0.0,3.0,0.0,0.0,3.2004871024620005,7.343528877488019,9.0,11.0,10.0,0.002261931689662972
5002584700,Wilmington town,1747,1016,24.0,2496659.8037715605,2480610.9199871435,0.0,16048.883784417234,20.0,0.0,4.0,1429.1126524164629,2457.3423265468114,36.0,25.0,39.0,0.038385826771653545
5002584850,Windham town,594,234,,,,,,,,,,,1.0,2.0,1.0,0.004273504273504274
5002784925,Windsor town,3554,1790,2.0,37009.56593527175,37009.56593527175,0.0,0.0,2.0,0.0,0.0,10.413496323936902,20.67573515936969,73.0,55.0,54.0,0.030167597765363128
5000385075,Winhall town,752,282,1.0,122689.8420322753,122689.8420322753,0.0,0.0,1.0,0.0,0.0,163.15138568121714,435.07036181657907,2.0,7.0,12.0,0.0425531914893617
5000785150,Winooski city,8293,4102,1.0,22769.051112330184,22769.051112330184,0.0,0.0,1.0,0.0,0.0,2.7455747151007097,5.550719432552459,2.0,5.0,3.0,0.0007313505607020966
5001585375,Wolcott town,1507,688,12.0,194814.82021645515,54926.28113627977,117680.58342837618,22207.955651799195,4.0,7.0,1.0,129.27327154376584,283.1610758960104,13.0,7.0,10.0,0.014534883720930232
5002385525,Woodbury town,659,294,5.0,142188.27471579926,0.0,142188.27471579926,0.0,0.0,5.0,0.0,215.76369456115214,483.63358746870495,9.0,7.0,8.0,0.027210884353741496
5000385675,Woodford town,282,122,,,,,,,,,,,,,,
5002785975,Woodstock town,3027,1361,46.0,5309897.918874029,3282788.987124552,2027108.9317494768,0.0,21.0,25.0,0.0,1754.1783676491673,3901.4679785995804,60.0,71.0,70.0,0.05143277002204261
5002386125,Worcester town,831,404,1.0,0.0,0.0,0.0,0.0,1.0,0.0,0.0,0.0,0.0,3.0,,1.0,0.0024752475247524753
