GEOID,town_name,total_population,occupied_housing_units,nfip_claims,total_nfip_claims_paid,2011_2022_nfip_claims,2023_plus_nfip_claims,pre_2011_nfip_claims,2011_2022_nfip_claims_count,2023_plus_nfip_claims_count,pre_2011_nfip_claims_count,claims_per_capita,claims_per_housing_unit
5000100325,Addison town,1175,490,0.0,0.0,0.0,0.0,0.0,0.0,0.0,0.0,0.0,0.0
5001900475,Albany town,934,394,0.0,0.0,0.0,0.0,0.0,0.0,0.0,0.0,0.0,0.0
5001300860,Alburgh town,1832,786,0.0,0.0,0.0,0.0,0.0,0.0,0.0,0.0,0.0,0.0
5002701300,Andover town,616,238,3.0,38465.7,9285.32,0.0,29180.379999999997,1.0,1.0,1.0,62.444318181818176,161.6205882352941
5000301450,Arlington town,2598,864,5.0,44870.8,44870.8,0.0,0.0,5.0,0.0,0.0,17.27128560431101,51.9337962962963
5002501900,Athens town,431,179,0.0,0.0,0.0,0.0,0.0,0.0,0.0,0.0,0.0,0.0
5000902125,Averill town,9,9,0.0,0.0,0.0,0.0,0.0,0.0,0.0,0.0,0.0,0.0
5000902162,Avery's gore,0,0,0.0,0.0,0.0,0.0,0.0,0.0,0.0,0.0,,
5001102500,Bakersfield town,1109,448,0.0,0.0,0.0,0.0,0.0,0.0,0.0,0.0,0.0,0.0
5002702575,Baltimore town,361,134,0.0,0.0,0.0,0.0,0.0,0.0,0.0,0.0,0.0,0.0
5002702725,Barnard town,1211,478,1.0,0.0,0.0,0.0,0.0,0.0,1.0,0.0,0.0,0.0
5000502875,Barnet town,1855,751,4.0,103197.02,54543.11,48653.91,0.0,2.0,2.0,0.0,55.6318167115903,137.41280958721705
5002303175,Barre city,8412,4094,206.0,9554298.45,1075729.05,8412549.73,66019.67,58.0,137.0,11.0,1135.7939194008559,2333.7319125549584
5002303250,Barre town,8005,3525,6.0,69485.01999999999,17388.37,52096.65,0.0,2.0,4.0,0.0,8.68020237351655,19.712062411347514
5001903550,Barton town,2815,1176,15.0,1228633.94,24722.79,1203911.15,0.0,5.0,10.0,0.0,436.4596589698046,1044.7567517006803
5001504375,Belvidere town,422,194,0.0,0.0,0.0,0.0,0.0,0.0,0.0,0.0,0.0,0.0
5000304825,Bennington town,15249,6358,11.0,98008.61,98008.61,0.0,0.0,11.0,0.0,0.0,6.4272155551183685,15.415006291286568
5002105200,Benson town,784,314,0.0,0.0,0.0,0.0,0.0,0.0,0.0,0.0,0.0,0.0
5001105425,Berkshire town,1745,651,0.0,0.0,0.0,0.0,0.0,0.0,0.0,0.0,0.0,0.0
5002305650,Berlin town,2880,1195,40.0,4898155.55,956414.56,3941740.99,0.0,11.0,29.0,0.0,1700.748454861111,4098.874937238494
5002705800,Bethel town,1736,864,9.0,689986.04,429216.77,260769.27000000002,0.0,5.0,4.0,0.0,397.4573963133641,798.5949537037037
5000906325,Bloomfield town,234,113,0.0,0.0,0.0,0.0,0.0,0.0,0.0,0.0,0.0,0.0
5000706550,Bolton town,1163,548,13.0,542290.3200000001,100900.04,441390.28,0.0,3.0,10.0,0.0,466.28574376612215,989.5808759124088
5001707375,Bradford town,2827,1029,2.0,40295.630000000005,35709.37,4586.26,0.0,1.0,1.0,0.0,14.25384860275911,39.15999028182702
5001707600,Braintree town,1026,511,0.0,0.0,0.0,0.0,0.0,0.0,0.0,0.0,0.0,0.0
5002107750,Brandon town,4120,1703,7.0,67671.88,67671.88,0.0,0.0,7.0,0.0,0.0,16.42521359223301,39.73686435701703
5002507900,Brattleboro town,12122,5503,26.0,1133352.35,1126890.7,0.0,6461.65,22.0,1.0,3.0,93.49549166804158,205.95172633109215
5002708275,Bridgewater town,980,459,15.0,1015620.82,818564.0499999999,197056.77,0.0,7.0,8.0,0.0,1036.347775510204,2212.681525054466
5000108575,Bridport town,1235,530,0.0,0.0,0.0,0.0,0.0,0.0,0.0,0.0,0.0,0.0
5000908725,Brighton town,1167,554,0.0,0.0,0.0,0.0,0.0,0.0,0.0,0.0,0.0,0.0
5000109025,Bristol town,3778,1861,1.0,8919.22,0.0,0.0,8919.22,0.0,0.0,1.0,2.3608311275807305,4.79270284793122
5001709325,Brookfield town,1486,636,0.0,0.0,0.0,0.0,0.0,0.0,0.0,0.0,0.0,0.0
5002509475,Brookline town,531,212,5.0,626917.59,347115.0,279802.58999999997,0.0,3.0,2.0,0.0,1180.6357627118643,2957.158443396226
5001909850,Brownington town,1144,410,0.0,0.0,0.0,0.0,0.0,0.0,0.0,0.0,0.0,0.0
5000910075,Brunswick town,109,41,0.0,0.0,0.0,0.0,0.0,0.0,0.0,0.0,0.0,0.0
5000710300,Buels gore,19,13,0.0,0.0,0.0,0.0,0.0,0.0,0.0,0.0,0.0,0.0
5000510450,Burke town,1317,562,1.0,14975.49,0.0,14975.49,0.0,0.0,1.0,0.0,11.370911161731208,26.646779359430603
5000710675,Burlington city,44675,17504,9.0,67650.18,32344.41,35305.77,0.0,6.0,3.0,0.0,1.5142737548964744,3.864841179159049
5002311125,Cabot town,1579,571,6.0,155182.46000000002,0.0,155182.46000000002,0.0,0.0,6.0,0.0,98.27894870170995,271.77313485113837
5002311350,Calais town,1713,674,4.0,28378.089999999997,4728.48,23649.61,0.0,1.0,3.0,0.0,16.566310566258025,42.103991097922844
5001511500,Cambridge town,3767,1578,30.0,1697883.87,188741.43,1509142.4400000002,0.0,10.0,20.0,0.0,450.7257419697372,1075.9720342205324
5000911800,Canaan town,810,384,3.0,327699.45999999996,327699.45999999996,0.0,0.0,3.0,0.0,0.0,404.5672345679012,853.3840104166666
5002111950,Castleton town,4453,1663,7.0,33789.770000000004,28026.92,5762.85,0.0,5.0,2.0,0.0,7.58809117448911,20.31856283824414
5002712250,Cavendish town,1242,459,26.0,1951313.3399999999,178724.57,1772588.77,0.0,6.0,20.0,0.0,1571.1057487922703,4251.227320261438
5001913150,Charleston town,936,464,0.0,0.0,0.0,0.0,0.0,0.0,0.0,0.0,0.0,0.0
5000713300,Charlotte town,3916,1807,2.0,130104.68999999999,123270.68,0.0,6834.01,1.0,0.0,1.0,33.22387385086823,72.00038184836745
5001713525,Chelsea town,1223,527,13.0,306156.0,114865.76000000001,170228.84999999998,21061.39,5.0,6.0,2.0,250.33197056418643,580.9411764705883
5002713675,Chester town,2992,1304,25.0,447506.99,57623.43,383947.39,5936.17,8.0,14.0,3.0,149.5678442513369,343.18020705521474
5002114350,Chittenden town,1318,509,0.0,0.0,0.0,0.0,0.0,0.0,0.0,0.0,0.0,0.0
5002114500,Clarendon town,2460,1028,0.0,0.0,0.0,0.0,0.0,0.0,0.0,0.0,0.0,0.0
5000714875,Colchester town,17648,7092,6.0,154169.53,154169.53,0.0,0.0,6.0,0.0,0.0,8.73580745693563,21.738512408347432
5000915250,Concord town,1145,518,0.0,0.0,0.0,0.0,0.0,0.0,0.0,0.0,0.0,0.0
5001715700,Corinth town,1539,638,1.0,5082.22,0.0,5082.22,0.0,0.0,1.0,0.0,3.302287199480182,7.965862068965517
5000116000,Cornwall town,1208,492,0.0,0.0,0.0,0.0,0.0,0.0,0.0,0.0,0.0,0.0
5001916150,Coventry town,917,378,3.0,186824.67,57007.94,129816.73000000001,0.0,1.0,2.0,0.0,203.73464558342422,494.2451587301588
5001916300,Craftsbury town,1352,527,1.0,0.0,0.0,0.0,0.0,0.0,1.0,0.0,0.0,0.0
5002116825,Danby town,1133,487,1.0,9007.68,9007.68,0.0,0.0,1.0,0.0,0.0,7.950291262135923,18.496262833675566
5000517125,Danville town,2360,1064,0.0,0.0,0.0,0.0,0.0,0.0,0.0,0.0,0.0,0.0
5001917350,Derby town,4537,2224,12.0,228064.86,228064.86,0.0,0.0,11.0,0.0,1.0,50.26776724707957,102.54714928057554
5000317725,Dorset town,2092,838,6.0,121479.65000000001,69743.21,51736.44,0.0,4.0,2.0,0.0,58.068666347992355,144.96378281622913
5002517875,Dover town,1466,697,5.0,135308.15000000002,135308.15000000002,0.0,0.0,5.0,0.0,0.0,92.29751023192362,194.12934002869443
5002518325,Dummerston town,2090,900,1.0,0.0,0.0,0.0,0.0,0.0,0.0,1.0,0.0,0.0
5002318550,Duxbury town,1548,624,6.0,520373.8,254880.75999999998,265493.04000000004,0.0,1.0,5.0,0.0,336.1587855297158,833.9323717948718
5000921250,East Haven town,225,115,0.0,0.0,0.0,0.0,0.0,0.0,0.0,0.0,0.0,0.0
5002321925,East Montpelier town,2612,1150,4.0,414769.54000000004,43732.94,371036.6,0.0,1.0,3.0,0.0,158.7938514548239,360.6691652173913
5001523500,Eden town,1351,571,0.0,0.0,0.0,0.0,0.0,0.0,0.0,0.0,0.0,0.0
5001523725,Elmore town,964,400,0.0,0.0,0.0,0.0,0.0,0.0,0.0,0.0,0.0,0.0
5001124050,Enosburgh town,2804,1167,1.0,10364.2,10364.2,0.0,0.0,1.0,0.0,0.0,3.696219686162625,8.881062553556127
5000724400,Essex Junction city,10803,4761,0.0,0.0,0.0,0.0,0.0,0.0,0.0,0.0,0.0,0.0
5000724175,Essex town,11516,4912,1.0,0.0,0.0,0.0,0.0,1.0,0.0,0.0,0.0,0.0
5002125375,Fair Haven town,2724,1003,4.0,32192.0,27395.09,0.0,4796.91,2.0,1.0,1.0,11.81791483113069,32.095712861415755
5001124925,Fairfax town,5226,1845,1.0,66142.42,66142.42,0.0,0.0,1.0,0.0,0.0,12.65641408342901,35.84955013550135
5001125225,Fairfield town,1938,733,0.0,0.0,0.0,0.0,0.0,0.0,0.0,0.0,0.0,0.0
5001725675,Fairlee town,1066,507,0.0,0.0,0.0,0.0,0.0,0.0,0.0,0.0,0.0,0.0
5002325825,Fayston town,1342,547,0.0,0.0,0.0,0.0,0.0,0.0,0.0,0.0,0.0,0.0
5000925975,Ferdinand town,68,41,0.0,0.0,0.0,0.0,0.0,0.0,0.0,0.0,0.0,0.0
5000126300,Ferrisburgh town,2661,1085,2.0,114983.18999999999,114983.18999999999,0.0,0.0,2.0,0.0,0.0,43.21051860202931,105.97529032258063
5001126500,Fletcher town,1196,484,0.0,0.0,0.0,0.0,0.0,0.0,0.0,0.0,0.0,0.0
5001127100,Franklin town,1590,617,0.0,0.0,0.0,0.0,0.0,0.0,0.0,0.0,0.0,0.0
5001127700,Georgia town,4890,1821,2.0,39583.78999999999,39583.78999999999,0.0,0.0,2.0,0.0,0.0,8.094844580777094,21.737391543108178
5000327962,Glastenbury town,0,0,0.0,0.0,0.0,0.0,0.0,0.0,0.0,0.0,,
5001928075,Glover town,1051,433,3.0,105607.56,0.0,105607.56,0.0,0.0,3.0,0.0,100.48293054234063,243.8973672055427
5000128600,Goshen town,142,70,0.0,0.0,0.0,0.0,0.0,0.0,0.0,0.0,0.0,0.0
5002528900,Grafton town,666,316,10.0,206670.96,121977.83,84693.13,0.0,7.0,2.0,1.0,310.3167567567567,654.0220253164557
5000929125,Granby town,67,41,0.0,0.0,0.0,0.0,0.0,0.0,0.0,0.0,0.0,0.0
5001329275,Grand Isle town,2192,925,1.0,0.0,0.0,0.0,0.0,1.0,0.0,0.0,0.0,0.0
5000129575,Granville town,414,206,2.0,18882.37,18882.37,0.0,0.0,2.0,0.0,0.0,45.609589371980675,91.66199029126213
5001930175,Greensboro town,633,289,0.0,0.0,0.0,0.0,0.0,0.0,0.0,0.0,0.0,0.0
5000530550,Groton town,967,429,10.0,124384.45000000001,21750.239999999998,102634.21,0.0,2.0,8.0,0.0,128.62921406411584,289.9404428904429
5000930775,Guildhall town,371,158,0.0,0.0,0.0,0.0,0.0,0.0,0.0,0.0,0.0,0.0
5002530925,Guilford town,2461,1091,3.0,33748.43,33748.43,0.0,0.0,3.0,0.0,0.0,13.713299471759447,30.933483043079743
5002531150,Halifax town,847,306,0.0,0.0,0.0,0.0,0.0,0.0,0.0,0.0,0.0,0.0
5000131525,Hancock town,435,210,3.0,5588.22,1418.93,0.0,4169.29,2.0,0.0,1.0,12.84648275862069,26.61057142857143
5000531825,Hardwick town,2965,1333,33.0,1618440.57,23741.22,1591191.8,3507.55,8.0,24.0,1.0,545.8484215851602,1214.1339609902477
5002732275,Hartford town,10736,4685,10.0,1177258.99,984246.75,193012.24,0.0,7.0,3.0,0.0,109.65527105067063,251.28260192102454
5002732425,Hartland town,3460,1578,3.0,7371.280000000001,1931.85,5439.43,0.0,1.0,1.0,1.0,2.1304277456647402,4.67128010139417
5001133025,Highgate town,3528,1470,2.0,5101.06,5101.06,0.0,0.0,2.0,0.0,0.0,1.4458786848072565,3.470108843537415
5000733475,Hinesburg town,4718,2181,1.0,0.0,0.0,0.0,0.0,0.0,1.0,0.0,0.0,0.0
5001933775,Holland town,790,361,0.0,0.0,0.0,0.0,0.0,0.0,0.0,0.0,0.0,0.0
5002134450,Hubbardton town,831,299,0.0,0.0,0.0,0.0,0.0,0.0,0.0,0.0,0.0,0.0
5000734600,Huntington town,1853,849,18.0,271909.44,159888.22,112021.22,0.0,11.0,6.0,1.0,146.74011872638965,320.2702473498233
5001535050,Hyde Park town,3000,1271,2.0,83235.52,0.0,83235.52,0.0,0.0,2.0,0.0,27.745173333333334,65.48821400472069
5002135425,Ira town,381,161,1.0,11500.0,11500.0,0.0,0.0,1.0,0.0,0.0,30.183727034120736,71.42857142857143
5001935575,Irasburg town,1384,534,0.0,0.0,0.0,0.0,0.0,0.0,0.0,0.0,0.0,0.0
5001335875,Isle La Motte town,577,254,0.0,0.0,0.0,0.0,0.0,0.0,0.0,0.0,0.0,0.0
5002536175,Jamaica town,882,447,12.0,123799.70000000001,112057.64000000001,11742.06,0.0,9.0,3.0,0.0,140.36247165532882,276.95682326621926
5001936325,Jay town,471,232,1.0,4628.04,4628.04,0.0,0.0,1.0,0.0,0.0,9.825987261146496,19.94844827586207
5000736700,Jericho town,5114,2106,0.0,0.0,0.0,0.0,0.0,0.0,0.0,0.0,0.0,0.0
5001537075,Johnson town,3450,1431,35.0,2562649.87,420031.04,2091318.83,51300.0,9.0,25.0,1.0,742.797063768116,1790.810531097135
5002137685,Killington town,785,385,0.0,0.0,0.0,0.0,0.0,0.0,0.0,0.0,0.0,0.0
5000537900,Kirby town,756,263,0.0,0.0,0.0,0.0,0.0,0.0,0.0,0.0,0.0,0.0
5000339025,Landgrove town,225,107,0.0,0.0,0.0,0.0,0.0,0.0,0.0,0.0,0.0,0.0
5000139325,Leicester town,1026,454,0.0,0.0,0.0,0.0,0.0,0.0,0.0,0.0,0.0,0.0
5000939700,Lemington town,108,54,1.0,0.0,0.0,0.0,0.0,0.0,0.0,1.0,0.0,0.0
5000939775,Lewis town,0,0,0.0,0.0,0.0,0.0,0.0,0.0,0.0,0.0,,
5000140075,Lincoln town,1394,578,3.0,49685.78,49685.78,0.0,0.0,3.0,0.0,0.0,35.64259684361549,85.9615570934256
5002540225,Londonderry town,1873,776,18.0,1347317.0,525632.0,821685.0,0.0,7.0,11.0,0.0,719.3363587827015,1736.2332474226805
5001940525,Lowell town,1070,371,0.0,0.0,0.0,0.0,0.0,0.0,0.0,0.0,0.0,0.0
5002741275,Ludlow town,1990,934,68.0,5095909.66,818809.37,4277100.29,0.0,21.0,47.0,0.0,2560.758623115578,5456.006059957173
5000941425,Lunenburg town,1267,582,0.0,0.0,0.0,0.0,0.0,0.0,0.0,0.0,0.0,0.0
5000541725,Lyndon town,5590,2309,22.0,1448291.89,103961.39,1298867.93,45462.57,5.0,15.0,2.0,259.08620572450803,627.2377176266782
5000942475,Maidstone town,241,122,0.0,0.0,0.0,0.0,0.0,0.0,0.0,0.0,0.0,0.0
5000342850,Manchester town,4486,1847,16.0,368587.57,332192.63,36394.94,0.0,13.0,3.0,0.0,82.16397012929113,199.56013535462913
5002543375,Marlboro town,1362,351,1.0,0.0,0.0,0.0,0.0,1.0,0.0,0.0,0.0,0.0
5002343600,Marshfield town,1863,711,8.0,387986.93,0.0,387986.93,0.0,0.0,8.0,0.0,208.25922168545355,545.6918846694796
5002144125,Mendon town,1113,451,0.0,0.0,0.0,0.0,0.0,0.0,0.0,0.0,0.0,0.0
5000144350,Middlebury town,9175,2795,6.0,4841.3099999999995,0.0,4841.3099999999995,0.0,2.0,3.0,1.0,0.5276632152588555,1.732132379248658
5002344500,Middlesex town,1943,747,14.0,493471.0,118235.59,375235.41000000003,0.0,6.0,8.0,0.0,253.97375193000514,660.6037483266399
5002144800,Middletown Springs town,747,272,1.0,6337.2,6337.2,0.0,0.0,1.0,0.0,0.0,8.483534136546185,23.298529411764704
5000745250,Milton town,10769,4220,13.0,379520.64,121937.44,257583.19999999998,0.0,4.0,9.0,0.0,35.24195747051723,89.9338009478673
5000145550,Monkton town,1999,847,1.0,11306.31,11306.31,0.0,0.0,1.0,0.0,0.0,5.655982991495748,13.348654073199528
5001145850,Montgomery town,1047,576,3.0,35575.869999999995,12700.55,0.0,22875.32,2.0,0.0,1.0,33.97886341929321,61.76366319444443
5002346000,Montpelier city,8014,3721,208.0,10661271.94,1323549.71,9128600.12,209122.11000000002,84.0,115.0,9.0,1330.3309134015471,2865.1631120666484
5002346225,Moretown town,1532,656,24.0,2247177.38,1308396.7,854939.2400000001,83841.44,8.0,13.0,3.0,1466.8259660574413,3425.5752743902435
5001946450,Morgan town,827,382,0.0,0.0,0.0,0.0,0.0,0.0,0.0,0.0,0.0,0.0
5001546675,Morristown town,5722,3031,7.0,444923.64999999997,213696.99,231226.65999999997,0.0,3.0,4.0,0.0,77.75666724921355,146.79104256021114
5002147200,Mount Holly town,1415,599,4.0,154825.38,35471.51,119353.87,0.0,1.0,3.0,0.0,109.4172296819788,258.4730884808013
5002147425,Mount Tabor town,304,156,0.0,0.0,0.0,0.0,0.0,0.0,0.0,0.0,0.0,0.0
5000148700,New Haven town,1792,779,3.0,14438.18,0.0,14438.18,0.0,1.0,2.0,0.0,8.057020089285714,18.534249037227216
5000547725,Newark town,727,292,0.0,0.0,0.0,0.0,0.0,0.0,0.0,0.0,0.0,0.0
5001748175,Newbury town,2169,987,5.0,9261.04,9261.04,0.0,0.0,3.0,0.0,2.0,4.269727985246658,9.383019250253295
5002548400,Newfane town,1456,720,16.0,257032.12,247900.0,9132.12,0.0,14.0,2.0,0.0,176.53304945054944,356.9890555555555
5001948850,Newport city,4394,2031,1.0,18063.42,18063.42,0.0,0.0,1.0,0.0,0.0,4.1109285389167045,8.893855243722303
5001948925,Newport town,1601,744,1.0,3363.08,0.0,3363.08,0.0,0.0,1.0,0.0,2.1006121174266084,4.520268817204301
5001350650,North Hero town,1263,518,10.0,158184.33,158184.33,0.0,0.0,8.0,0.0,2.0,125.24491686460807,305.3751544401544
5002350275,Northfield town,5920,2138,27.0,712739.71,656447.27,56292.44,0.0,19.0,8.0,0.0,120.39522128378378,333.36749766136575
5000952750,Norton town,108,56,0.0,0.0,0.0,0.0,0.0,0.0,0.0,0.0,0.0,0.0
5002752900,Norwich town,3640,1393,4.0,35411.09,35411.09,0.0,0.0,4.0,0.0,0.0,9.728321428571428,25.420739411342424
5001753425,Orange town,957,401,0.0,0.0,0.0,0.0,0.0,0.0,0.0,0.0,0.0,0.0
5000153725,Orwell town,1294,519,0.0,0.0,0.0,0.0,0.0,0.0,0.0,0.0,0.0,0.0
5000153950,Panton town,690,264,0.0,0.0,0.0,0.0,0.0,0.0,0.0,0.0,0.0,0.0
5002154250,Pawlet town,1480,600,1.0,90000.0,90000.0,0.0,0.0,1.0,0.0,0.0,60.810810810810814,150.0
5000554400,Peacham town,887,410,1.0,45000.0,0.0,45000.0,0.0,0.0,1.0,0.0,50.732807215332585,109.7560975609756
5000355000,Peru town,434,167,1.0,0.0,0.0,0.0,0.0,0.0,1.0,0.0,0.0,0.0
5002155450,Pittsfield town,391,189,2.0,27428.440000000002,27428.440000000002,0.0,0.0,2.0,0.0,0.0,70.14946291560103,145.12402116402117
5002155600,Pittsford town,2892,1391,2.0,48860.05,48860.05,0.0,0.0,2.0,0.0,0.0,16.894899723374827,35.12584471603164
5002355825,Plainfield town,1314,585,16.0,1498801.72,19215.3,1479586.42,0.0,4.0,12.0,0.0,1140.6405783866057,2562.054222222222
5002756050,Plymouth town,533,227,12.0,538179.26,348402.06,189777.2,0.0,5.0,7.0,0.0,1009.7171857410882,2370.8337444933923
5002756350,Pomfret town,908,433,0.0,0.0,0.0,0.0,0.0,0.0,0.0,0.0,0.0,0.0
5002156875,Poultney town,3010,1028,5.0,180506.94,180506.94,0.0,0.0,5.0,0.0,0.0,59.969083056478404,175.5904085603113
5000357025,Pownal town,3265,1409,0.0,0.0,0.0,0.0,0.0,0.0,0.0,0.0,0.0,0.0
5002157250,Proctor town,1794,690,13.0,194628.8,81384.62999999999,113244.17,0.0,5.0,8.0,0.0,108.48874024526198,282.07072463768117
5002557700,Putney town,2622,898,2.0,0.0,0.0,0.0,0.0,2.0,0.0,0.0,0.0,0.0
5001758075,Randolph town,4843,2062,4.0,23972.449999999997,0.0,23972.449999999997,0.0,2.0,2.0,0.0,4.949917406566177,11.625824442289039
5002758375,Reading town,699,298,4.0,410264.16000000003,68496.41,341767.75,0.0,1.0,3.0,0.0,586.9301287553649,1376.7253691275168
5000358600,Readsboro town,807,390,0.0,0.0,0.0,0.0,0.0,0.0,0.0,0.0,0.0,0.0
5001159125,Richford town,2467,981,0.0,0.0,0.0,0.0,0.0,0.0,0.0,0.0,0.0,0.0
5000759275,Richmond town,4159,1842,38.0,795928.52,206358.38999999998,589570.13,0.0,10.0,28.0,0.0,191.37497475354652,432.1001737242128
5000159650,Ripton town,508,187,6.0,14626.72,8142.24,6143.79,340.69,1.0,2.0,3.0,28.79275590551181,78.21775401069519
5002760100,Rochester town,1389,713,4.0,224969.25,221856.52,0.0,3112.73,3.0,0.0,1.0,161.9649028077754,315.5248948106592
5002560250,Rockingham town,4807,2194,3.0,78086.54,78086.54,0.0,0.0,2.0,1.0,0.0,16.244339504888703,35.59094804010939
5002360625,Roxbury town,942,350,1.0,14500.0,14500.0,0.0,0.0,1.0,0.0,0.0,15.392781316348195,41.42857142857143
5002760850,Royalton town,2752,1256,6.0,401475.22,393800.08999999997,0.0,7675.13,5.0,0.0,1.0,145.8848909883721,319.6458757961783
5000361000,Rupert town,676,287,2.0,11150.1,11150.1,0.0,0.0,2.0,0.0,0.0,16.49423076923077,38.850522648083626
5002161225,Rutland city,15712,7414,54.0,910841.71,456903.63,336841.96,117096.12,28.0,16.0,10.0,57.97108643075356,122.85429053142703
5002161300,Rutland town,3927,1677,3.0,161676.32,81749.59,79926.73,0.0,1.0,2.0,0.0,41.17044053985231,96.40806201550389
5000561525,Ryegate town,1059,445,6.0,87816.92,26564.41,61252.51,0.0,4.0,2.0,0.0,82.92438149197356,197.34139325842696
5000162575,Salisbury town,1200,471,0.0,0.0,0.0,0.0,0.0,0.0,0.0,0.0,0.0,0.0
5000362875,Sandgate town,435,212,0.0,0.0,0.0,0.0,0.0,0.0,0.0,0.0,0.0,0.0
5000363175,Searsburg town,129,50,0.0,0.0,0.0,0.0,0.0,0.0,0.0,0.0,0.0,0.0
5000363550,Shaftsbury town,3607,1280,2.0,28764.590000000004,28764.590000000004,0.0,0.0,2.0,0.0,0.0,7.974657610202385,22.472335937500002
5002763775,Sharon town,1577,641,3.0,112064.56,112064.56,0.0,0.0,3.0,0.0,0.0,71.06186429930247,174.82770670826832
5000564075,Sheffield town,573,252,0.0,0.0,0.0,0.0,0.0,0.0,0.0,0.0,0.0,0.0
5000764300,Shelburne town,7969,3333,3.0,13414.17,2165.16,0.0,11249.01,2.0,0.0,1.0,1.6832940143054336,4.0246534653465345
5001164600,Sheldon town,2267,913,0.0,0.0,0.0,0.0,0.0,0.0,0.0,0.0,0.0,0.0
5000165050,Shoreham town,1269,544,1.0,0.0,0.0,0.0,0.0,1.0,0.0,0.0,0.0,0.0
5002165275,Shrewsbury town,1237,392,15.0,354109.13,41046.0,313063.13,0.0,5.0,10.0,0.0,286.2644543249798,903.3396173469388
5002565762,Somerset town,0,0,0.0,0.0,0.0,0.0,0.0,0.0,0.0,0.0,,
5000766175,South Burlington city,20756,9466,2.0,7937.139999999999,7937.139999999999,0.0,0.0,2.0,0.0,0.0,0.3824021969550973,0.8384893302345235
5001367000,South Hero town,1586,657,5.0,37681.049999999996,37681.049999999996,0.0,0.0,5.0,0.0,0.0,23.758543505674652,57.353196347031954
5002769550,Springfield town,9084,3834,3.0,19775.059999999998,3703.5,16071.56,0.0,2.0,1.0,0.0,2.1769110523998236,5.157814293166405
5001161675,St. Albans city,6954,3113,1.0,1000.0,1000.0,0.0,0.0,1.0,0.0,0.0,0.1438021282714984,0.32123353678123995
5001161750,St. Albans town,7057,2534,9.0,116499.75,116499.75,0.0,0.0,9.0,0.0,0.0,16.508395918945727,45.97464483030782
5000762050,St. George town,812,305,0.0,0.0,0.0,0.0,0.0,0.0,0.0,0.0,0.0,0.0
5000562200,St. Johnsbury town,7368,3266,19.0,224241.4,66626.15,157615.25,0.0,7.0,11.0,1.0,30.434500542888163,68.65933864053888
5000369775,Stamford town,963,367,1.0,0.0,0.0,0.0,0.0,0.0,1.0,0.0,0.0,0.0
5000569925,Stannard town,228,105,0.0,0.0,0.0,0.0,0.0,0.0,0.0,0.0,0.0,0.0
5000170075,Starksboro town,1939,703,3.0,39656.399999999994,39656.399999999994,0.0,0.0,3.0,0.0,0.0,20.451985559566783,56.41024182076813
5002770375,Stockbridge town,791,401,7.0,412472.64,412472.64,0.0,0.0,7.0,0.0,0.0,521.457193426043,1028.6100748129677
5001570525,Stowe town,5285,2426,9.0,25426.46,17011.45,8415.01,0.0,4.0,5.0,0.0,4.811061494796594,10.480816158285243
5001770675,Strafford town,1372,578,3.0,17469.190000000002,7670.59,9798.6,0.0,1.0,2.0,0.0,12.732645772594754,30.22351211072665
5002570750,Stratton town,532,131,0.0,0.0,0.0,0.0,0.0,0.0,0.0,0.0,0.0,0.0
5002171050,Sudbury town,679,263,0.0,0.0,0.0,0.0,0.0,0.0,0.0,0.0,0.0,0.0
5000371425,Sunderland town,1269,407,0.0,0.0,0.0,0.0,0.0,0.0,0.0,0.0,0.0,0.0
5000571575,Sutton town,790,360,0.0,0.0,0.0,0.0,0.0,0.0,0.0,0.0,0.0,0.0
5001171725,Swanton town,6820,2610,11.0,436823.68,436823.68,0.0,0.0,11.0,0.0,0.0,64.05039296187684,167.3653946360153
5001772400,Thetford town,2813,1355,2.0,26876.27,26876.27,0.0,0.0,2.0,0.0,0.0,9.554308567365801,19.834885608856087
5002172925,Tinmouth town,827,321,0.0,0.0,0.0,0.0,0.0,0.0,0.0,0.0,0.0,0.0
5001773075,Topsham town,999,434,1.0,21380.77,21380.77,0.0,0.0,1.0,0.0,0.0,21.402172172172172,49.26444700460829
5002573300,Townshend town,1538,598,0.0,0.0,0.0,0.0,0.0,0.0,0.0,0.0,0.0,0.0
5001973525,Troy town,1749,709,3.0,131696.16,118967.07999999999,12729.080000000002,0.0,2.0,1.0,0.0,75.29797598627788,185.74916784203103
5001773675,Tunbridge town,1253,525,0.0,0.0,0.0,0.0,0.0,0.0,0.0,0.0,0.0,0.0
5000773975,Underhill town,3141,1197,3.0,38963.729999999996,38963.729999999996,0.0,0.0,3.0,0.0,0.0,12.404880611270295,32.55115288220551
5000174650,Vergennes city,2565,1129,1.0,46423.36,46423.36,0.0,0.0,1.0,0.0,0.0,18.098775828460038,41.11900797165633
5002574800,Vernon town,2709,1028,2.0,4796.47,4796.47,0.0,0.0,1.0,0.0,1.0,1.7705684754521964,4.6658268482490275
5001774950,Vershire town,842,372,1.0,3667.31,0.0,3667.31,0.0,0.0,1.0,0.0,4.355475059382423,9.858360215053763
5000975175,Victory town,53,35,0.0,0.0,0.0,0.0,0.0,0.0,0.0,0.0,0.0,0.0
5002375325,Waitsfield town,1918,854,14.0,340069.81,338157.93,1911.88,0.0,12.0,2.0,0.0,177.30438477580813,398.2082084309134
5000575700,Walden town,1037,464,0.0,0.0,0.0,0.0,0.0,0.0,0.0,0.0,0.0,0.0
5002175925,Wallingford town,2286,801,21.0,563558.0,330476.63,233081.37,0.0,11.0,10.0,0.0,246.52580927384076,703.5680399500624
5000176075,Waltham town,452,204,0.0,0.0,0.0,0.0,0.0,0.0,0.0,0.0,0.0,0.0
5002576225,Wardsboro town,820,344,4.0,247699.7,234776.3,12923.4,0.0,3.0,1.0,0.0,302.07280487804877,720.0572674418605
5000976337,Warner's grant,0,0,0.0,0.0,0.0,0.0,0.0,0.0,0.0,0.0,,
5002376525,Warren town,1585,700,7.0,75264.75,19197.82,0.0,56066.93,4.0,0.0,3.0,47.48564668769716,107.52107142857143
5000976562,Warren's gore,0,0,0.0,0.0,0.0,0.0,0.0,0.0,0.0,0.0,,
5001776750,Washington town,1056,517,1.0,10657.64,0.0,10657.64,0.0,0.0,1.0,0.0,10.09246212121212,20.61439071566731
5002376975,Waterbury town,5405,2315,132.0,5260666.11,2907197.02,2353469.09,0.0,36.0,95.0,1.0,973.2962275670676,2272.4259654427647
5000577125,Waterford town,1279,503,0.0,0.0,0.0,0.0,0.0,0.0,0.0,0.0,0.0,0.0
5001577425,Waterville town,680,333,0.0,0.0,0.0,0.0,0.0,0.0,0.0,0.0,0.0,0.0
5002777500,Weathersfield town,2856,1050,6.0,139266.75,131370.44,7896.31,0.0,4.0,2.0,0.0,48.762867647058826,132.635
5002177950,Wells town,1148,467,2.0,7087.88,7087.88,0.0,0.0,2.0,0.0,0.0,6.17411149825784,15.177473233404712
5001779975,West Fairlee town,711,334,1.0,0.0,0.0,0.0,0.0,1.0,0.0,0.0,0.0,0.0
5002180875,West Haven town,234,93,0.0,0.0,0.0,0.0,0.0,0.0,0.0,0.0,0.0,0.0
5002182300,West Rutland town,2240,965,4.0,43805.689999999995,43805.689999999995,0.0,0.0,4.0,0.0,0.0,19.556111607142856,45.39449740932642
5002783050,West Windsor town,1171,485,1.0,17512.36,17512.36,0.0,0.0,1.0,0.0,0.0,14.955046968403074,36.1079587628866
5001980200,Westfield town,536,218,1.0,0.0,0.0,0.0,0.0,0.0,1.0,0.0,0.0,0.0
5000780350,Westford town,2290,797,0.0,0.0,0.0,0.0,0.0,0.0,0.0,0.0,0.0,0.0
5002581400,Westminster town,2999,1284,5.0,45026.9,0.0,45026.9,0.0,2.0,3.0,0.0,15.013971323774593,35.06767912772586
5001981700,Westmore town,465,195,0.0,0.0,0.0,0.0,0.0,0.0,0.0,0.0,0.0,0.0
5002782000,Weston town,685,278,13.0,1052163.47,73853.31,978310.16,0.0,6.0,7.0,0.0,1536.0050656934307,3784.760683453237
5000183275,Weybridge town,781,331,0.0,0.0,0.0,0.0,0.0,0.0,0.0,0.0,0.0,0.0
5000583500,Wheelock town,717,283,0.0,0.0,0.0,0.0,0.0,0.0,0.0,0.0,0.0,0.0
5000183800,Whiting town,532,217,0.0,0.0,0.0,0.0,0.0,0.0,0.0,0.0,0.0,0.0
5002583950,Whitingham town,1368,559,7.0,124805.70000000001,124805.70000000001,0.0,0.0,7.0,0.0,0.0,91.23223684210527,223.26601073345262
5001784175,Williamstown town,3579,1329,7.0,584744.96,13444.1,547787.52,23513.34,2.0,4.0,1.0,163.3822184967868,439.9886832204665
5000784475,Williston town,10144,4421,3.0,23428.129999999997,23428.129999999997,0.0,0.0,3.0,0.0,0.0,2.3095554022082014,5.299282967654376
5002584700,Wilmington town,1747,1016,24.0,1742084.58,1732957.95,0.0,9126.63,20.0,0.0,4.0,997.1863651974815,1714.6501771653543
5002584850,Windham town,594,234,0.0,0.0,0.0,0.0,0.0,0.0,0.0,0.0,0.0,0.0
5002784925,Windsor town,3554,1790,2.0,28094.56,28094.56,0.0,0.0,2.0,0.0,0.0,7.905053460889139,15.695284916201118
5000385075,Winhall town,752,282,1.0,85711.28,85711.28,0.0,0.0,1.0,0.0,0.0,113.9777659574468,303.94070921985815
5000785150,Winooski city,8293,4102,1.0,16236.26,16236.26,0.0,0.0,1.0,0.0,0.0,1.9578270830821174,3.958132618235007
5001585375,Wolcott town,1507,688,12.0,160795.69,38371.57,111913.18,10510.94,4.0,7.0,1.0,106.69919708029197,233.71466569767443
5002385525,Woodbury town,659,294,5.0,134566.21000000002,0.0,134566.21000000002,0.0,0.0,5.0,0.0,204.1975872534143,457.70819727891165
5000385675,Woodford town,282,122,0.0,0.0,0.0,0.0,0.0,0.0,0.0,0.0,0.0,0.0
5002785975,Woodstock town,3027,1361,46.0,4211805.44,2293360.5700000003,1918444.87,0.0,21.0,25.0,0.0,1391.4124347538818,3094.6402939015434
5002386125,Worcester town,831,404,1.0,0.0,0.0,0.0,0.0,1.0,0.0,0.0,0.0,0.0
