"CID","Community Name","County","Init FHBM Identified","Init FIRM Identified","Curr Eff Map Date","Tribal","Reg-Emer Date","CRS Entry Date","Curr Eff Date","Curr Class","% Disc","Program","Participating Community"
"500163#","ADDISON, TOWN OF","ADDISON COUNTY","11/22/74",="09/18/86",="09/18/86","No",="09/18/86",,,,,"Regular","YES"
"500221#","ALBURGH, TOWN OF","GRAND ISLE COUNTY","11/08/74",="03/16/81",="03/16/81(M)","No",="03/16/81",,,,,"Regular","YES"
,"Village of Alburgh (CID 500222) has merged with the Town of Alburgh.",,,,,"No",,,,,,,"YES"
"500291#","ANDOVER, TOWN OF","WINDSOR COUNTY","12/20/74",="08/05/85",="09/28/07(M)","No",="08/05/85",,,,,"Regular","YES"
"500012A","ARLINGTON, TOWN OF","BENNINGTON COUNTY",="08/02/74",="07/17/86","12/02/15","No",="07/17/86",,,,,"Regular","YES"
"500306","AVERILL, TOWN OF","ESSEX COUNTY",,," ","No",="08/05/14(E)",,,,,"Emergency","YES"
"500100","AVERYS GORE, TOWN OF","ESSEX COUNTY",,," ","No",="08/05/14(E)",,,,,"Emergency","YES"
"500216","BAKERSFIELD, TOWN OF","FRANKLIN COUNTY",="02/07/75",="09/27/85",="09/27/85(M)","No",="09/27/85",,,,,"Regular","YES"
"500298#","BALTIMORE, TOWN OF","WINDSOR COUNTY",,="09/28/07","(NSFHA)","No",="02/29/12",,,,,"Regular","YES"
"500292#","BARNARD, TOWN OF","WINDSOR COUNTY",="09/06/74",="09/18/85",="09/28/07(M)","No",="09/18/85",,,,,"Regular","YES"
"500024#","BARNET, TOWN OF","CALEDONIA COUNTY",="02/22/74",="05/17/88",="05/17/88","No",="05/17/88",,,,,"Regular","YES"
"500105#","BARRE, CITY OF","WASHINGTON COUNTY",="07/26/74",="01/17/85",="03/19/13","No",="01/17/85",,,,,"Regular","YES"
"500273#","BARRE, TOWN OF","WASHINGTON COUNTY",="08/30/74",="06/15/78",="03/19/13","No",="06/15/78",,,,,"Regular","YES"
"500081#","BARTON, TOWN OF","ORLEANS COUNTY","11/15/74",="04/03/78",="02/02/94","No",="04/03/78",,,,,"Regular","YES"
"500082#","BARTON, VILLAGE OF","ORLEANS COUNTY","11/08/74",="04/03/78",="02/02/94","No",="04/03/78",,,,,"Regular","YES"
"500125#","BELLOWS FALLS, VILLAGE OF","WINDHAM COUNTY",="08/16/74",="07/16/79",="09/28/07","No",="07/16/79",,,,,"Regular","YES"
"500227#","BELVIDERE, TOWN OF","LAMOILLE COUNTY","12/06/74","10/15/80","10/15/80","No",="08/07/01",,,,,"Regular","YES"
"500013A","BENNINGTON, TOWN OF","BENNINGTON COUNTY",="09/13/74",="06/17/86","12/02/15","No",="06/17/86","10/01/93","10/01/93","9 ",="05%","Regular","YES"
"500259#","BENSON, TOWN OF","RUTLAND COUNTY","12/13/74",="09/27/85",="08/28/08(M)","No",="09/27/85",,,,,"Regular","YES"
"500049#","BERKSHIRE, TOWN OF","FRANKLIN COUNTY",="05/31/74",="06/01/83",="06/01/83","No",="06/01/83",,,,,"Regular","YES"
"500106#","BERLIN, TOWN OF","WASHINGTON COUNTY",="02/15/74",="08/15/84",="03/19/13","No",="08/15/84",="05/01/17",="04/01/22","7 ","15%","Regular","YES"
"500143#","BETHEL, TOWN OF","WINDSOR COUNTY",="02/08/74",="08/05/91",="09/28/07","No",="08/05/91",,,,,"Regular","YES"
"500045#","BLOOMFIELD, TOWN OF","ESSEX COUNTY",="09/06/74",="06/03/91",="06/03/91","No",="06/03/91",,,,,"Regular","YES"
"500308#","BOLTON, TOWN OF","CHITTENDEN COUNTY",="02/21/75",="04/01/81",="08/04/14","No",="04/01/81",,,,,"Regular","YES"
"500069#","BRADFORD, TOWN OF","ORANGE COUNTY",="01/31/75",="06/03/91",="06/03/91","No",="06/03/91",,,,,"Regular","YES"
"500235#","BRAINTREE, TOWN OF","ORANGE COUNTY","12/13/74",="09/27/85",="09/27/85(M)","No",="09/27/85",,,,,"Regular","YES"
"500090#","BRANDON, TOWN OF","RUTLAND COUNTY",="09/06/74",="05/15/78",="08/28/08","No",="05/15/78",,,,,"Regular","YES"
"500126#","BRATTLEBORO, TOWN OF","WINDHAM COUNTY",="02/08/74","12/04/85",="09/28/07","No","12/04/85","10/01/91",="04/01/23","9 ",="05%","Regular","YES"
"500144#","BRIDGEWATER, TOWN OF","WINDSOR COUNTY",="08/16/74",="07/02/80",="09/28/07","No",="07/02/80",,,,,"Regular","YES"
"500164#","BRIDPORT, TOWN OF","ADDISON COUNTY","11/22/74",="02/15/79",="08/15/79","No",="08/15/79",,,,,"Regular","YES"
"500205#","BRIGHTON, TOWN OF","ESSEX COUNTY",="09/20/74",="05/04/89",="03/05/90","No",="05/04/89",,,,,"Regular","YES"
"500001#","BRISTOL, TOWN OF","ADDISON COUNTY",="08/09/74",="08/05/86",="08/05/86","No",="08/05/86",,,,,"Regular","YES"
"500236#","BROOKFIELD, TOWN OF","ORANGE COUNTY","12/13/74",="09/29/78",="09/29/78","No",="09/09/08",,,,,"Regular","YES"
"500280#","BROOKLINE, TOWN OF","WINDHAM COUNTY","12/06/74",="09/04/85",="09/28/07(M)","No",="09/04/85",,,,,"Regular","YES"
"500206#","BRUNSWICK, TOWN OF","ESSEX COUNTY","10/12/79",="06/17/91",="06/17/91","No",="06/17/91",,,,,"Regular","YES"
"500025#","BURKE, TOWN OF","CALEDONIA COUNTY",="06/07/74",="06/04/80",="06/04/80","No",="06/04/80",,,,,"Regular","YES"
,"Includes the Village of West Burke (CID 500208).",,,,,"No",,,,,,,"YES"
"500032#","BURLINGTON, CITY OF","CHITTENDEN COUNTY",="07/19/74","11/15/78",="07/18/11","No","11/15/78",,,,,"Regular","YES"
"500108#","CABOT, TOWN OF","WASHINGTON COUNTY",="04/16/76",="09/18/85",="03/19/13(M)","No",="09/18/85",,,,,"Regular","YES"
,"As of 1/1/2011, the Village of Cabot merged into the Town of Cabot. See General Assembly of the State of Vermont H.794",,,,,"No",,,,,,,"YES"
"500109#","CALAIS, TOWN OF","WASHINGTON COUNTY",="06/28/74",="09/04/85",="03/19/13","No",="09/04/85",,,,,"Regular","YES"
"500061#","CAMBRIDGE, TOWN OF","LAMOILLE COUNTY",="06/28/74",="06/15/83",="06/15/83","No",="06/15/83",,,,,"Regular","YES"
"500228#","CAMBRIDGE, VILLAGE OF","LAMOILLE COUNTY",="08/09/74",="06/01/83",="06/01/83","No",="06/01/83",,,,,"Regular","YES"
"500046#","CANAAN, TOWN OF","ESSEX COUNTY",="05/31/74",="09/30/80",="09/30/80","No",="09/30/80",,,,,"Regular","YES"
"500091#","CASTLETON, TOWN OF","RUTLAND COUNTY",="08/30/74",="07/16/84",="08/28/08","No",="07/16/84",,,,,"Regular","YES"
"500145#","CAVENDISH, TOWN OF","WINDSOR COUNTY",="02/08/74","10/15/81",="09/28/07","No","10/15/81",,,,,"Regular","YES"
,"INCLUDES THE VILLAGE OF PROCTORSVILLE.",,,,,"No",,,,,,,"YES"
"500309#","CHARLOTTE, TOWN OF","CHITTENDEN COUNTY",="01/03/75",="09/03/80",="07/18/11","No",="09/03/80",,,,,"Regular","YES"
"500070#","CHELSEA, TOWN OF","ORANGE COUNTY",="06/28/74",="08/15/80",="08/15/80","No",="08/15/80",,,,,"Regular","YES"
"500146#","CHESTER, TOWN OF","WINDSOR COUNTY",="06/28/74",="03/04/80",="09/28/07","No",="03/04/80",,,,,"Regular","YES"
"500092#","CHITTENDEN, TOWN OF","RUTLAND COUNTY",="04/01/77",="09/18/85",="08/28/08(M)","No",="09/18/85",,,,,"Regular","YES"
"500093#","CLARENDON, TOWN OF","RUTLAND COUNTY",="05/31/74","11/19/80",="08/28/08","No","11/19/80",,,,,"Regular","YES"
"500033#","COLCHESTER, TOWN OF","CHITTENDEN COUNTY",="08/23/74",="03/01/82",="07/18/11","No",="03/01/82",="05/01/16",="05/01/16","8 ","10%","Regular","YES"
"500207#","CONCORD, TOWN OF","ESSEX COUNTY",="09/20/74",="09/27/85",="09/30/92","No",="09/27/85",,,,,"Regular","YES"
"500071#","CORINTH, TOWN OF","ORANGE COUNTY",="06/28/74",="06/30/76",="09/27/91","No",="06/30/76",,,,,"Regular","YES"
"500317","CORNWALL, TOWN OF","ADDISON COUNTY",="03/21/75",="09/27/85",="09/27/85(M)","No",="09/27/85",,,,,"Regular","YES"
"500246","COVENTRY, TOWN OF","ORLEANS COUNTY",="02/21/75",="09/27/85",="09/27/85","No",="09/27/85",,,,,"Regular","YES"
"500247","CRAFTSBURY, TOWN OF","ORLEANS COUNTY",="09/13/74",="09/27/85",="09/27/85(M)","No",="09/27/85",,,,,"Regular","YES"
"500312#","DANBY, TOWN OF","RUTLAND COUNTY",="01/17/75",="08/01/80",="08/28/08","No",="08/01/80",,,,,"Regular","YES"
"500185","DANVILLE, TOWN OF","CALEDONIA COUNTY",="01/17/75",,="01/17/75","No",="06/07/04(E)",,,,,"Emergency","YES"
"500248","DERBY, TOWN OF","ORLEANS COUNTY","12/13/75",="09/27/85",="09/27/85(M)","No",="09/27/85",,,,,"Regular","YES"
,"The Town of Derby includes the jurisdictions of the Village of Derby Center (CID 500249) and the Village of Derby Line (CID 505519).",,,,,"No",,,,,,,"YES"
"500014A","DORSET, TOWN OF","BENNINGTON COUNTY",="07/26/74",="08/01/86","12/02/15(M)","No",="08/01/86",,,,,"Regular","YES"
"500127#","DOVER, TOWN OF","WINDHAM COUNTY",="08/02/74",="07/01/91",="09/28/07","No",="07/01/91",,,,,"Regular","YES"
"500128#","DUMMERSTON, TOWN OF","WINDHAM COUNTY",="08/30/74",="06/17/91",="09/28/07","No",="06/17/91",,,,,"Regular","YES"
"500110#","DUXBURY, TOWN OF","WASHINGTON COUNTY",="06/28/74",="03/15/82",="03/19/13","No",="03/15/82",,,,,"Regular","YES"
"500111#","EAST MONTPELIER, TOWN OF","WASHINGTON COUNTY",="06/14/74",="05/02/83",="03/19/13","No",="05/02/83",,,,,"Regular","YES"
"500318","ELMORE, TOWN OF","LAMOILLE COUNTY",="04/11/75",,="04/11/75","No","11/14/01(E)",,,,,"Emergency","YES"
"500050#","ENOSBURG FALLS, VILLAGE OF","FRANKLIN COUNTY",="04/05/74",="01/02/81",="01/02/81","No",="01/02/81",,,,,"Regular","YES"
"500051#","ENOSBURG, TOWN OF","FRANKLIN COUNTY",="08/09/74",="01/02/81",="01/02/81","No",="06/19/96",,,,,"Regular","YES"
"500035#","ESSEX JCT., VILLAGE OF","CHITTENDEN COUNTY",="06/28/74",="01/02/81",="07/18/11","No",="04/12/12",,,,,"Regular","YES"
"500034#","ESSEX, TOWN OF","CHITTENDEN COUNTY",="09/20/74",="01/16/81",="07/18/11","No",="01/16/81",,,,,"Regular","YES"
"500094#","FAIR HAVEN, TOWN OF","RUTLAND COUNTY",="07/19/74","10/16/84",="08/28/08","No","10/16/84",,,,,"Regular","YES"
"500052#","FAIRFAX, TOWN OF","FRANKLIN COUNTY",="05/17/74",="01/20/82",="01/20/82","No",="01/20/82",,,,,"Regular","YES"
"500053","FAIRFIELD, TOWN OF","FRANKLIN COUNTY",="01/10/75",="09/27/85",="09/27/85(M)","No",="09/27/85",,,,,"Regular","YES"
"500072#","FAIRLEE, TOWN OF","ORANGE COUNTY","12/17/76",="06/03/91",="06/03/91","No",="06/03/91",,,,,"Regular","YES"
"500326#","FAYSTON, TOWN OF","WASHINGTON COUNTY",,="09/30/80",="03/19/13","No",="09/30/80",,,,,"Regular","YES"
"500210","FERDINAND, TOWN OF","ESSEX COUNTY","12/13/74",,"12/13/74","No",="08/05/14(E)",,,,,"Emergency","YES"
"500002#","FERRISBURG, TOWN OF","ADDISON COUNTY",="09/06/74",="09/18/86",="09/18/86","No",="09/18/86",,,,,"Regular","YES"
"500054#","FLETCHER, TOWN OF","FRANKLIN COUNTY","11/08/74","12/01/81","12/01/81","No","12/01/81",,,,,"Regular","YES"
"500310","FRANKLIN, TOWN OF","FRANKLIN COUNTY","11/15/74",="09/18/85",="09/18/85(M)","No",="09/18/85",,,,,"Regular","YES"
"500217#","GEORGIA, TOWN OF","FRANKLIN COUNTY",="02/07/75",="09/16/81",="09/16/81","No",="09/16/81",,,,,"Regular","YES"
"500251#","GLOVER, TOWN OF","ORLEANS COUNTY","12/20/74",="08/05/91",="08/05/91","No",="08/05/91",,,,,"Regular","YES"
"500004#","GOSHEN, TOWN OF","ADDISON COUNTY","12/20/77",="09/01/86",="09/01/86(L)","No",="09/01/86",,,,,"Regular","YES"
"500129#","GRAFTON, TOWN OF","WINDHAM COUNTY",="04/02/76",="08/04/87",="09/28/07","No",="08/04/87",,,,,"Regular","YES"
"500211","GRANBY, TOWN OF","ESSEX COUNTY","12/13/74",,"12/13/74","No","11/06/12(E)",,,,,"Emergency","YES"
"500223#","GRAND ISLE, TOWN OF","GRAND ISLE COUNTY","10/18/74",="06/03/88",="06/03/88","No",="06/03/88",,,,,"Regular","YES"
"500003#","GRANVILLE, TOWN OF","ADDISON COUNTY",="01/24/75",="08/19/91",="08/19/91","No",="08/19/91",,,,,"Regular","YES"
"500085","GREENSBORO, TOWN OF","ORLEANS COUNTY",="07/19/74",="09/27/85",="09/27/85(M)","No",="09/27/85",,,,,"Regular","YES"
"500026#","GROTON, TOWN OF","CALEDONIA COUNTY",="08/09/74",="09/27/91",="09/27/91","No",="09/27/91",,,,,"Regular","YES"
"500047#","GUILDHALL, TOWN OF","ESSEX COUNTY",="08/16/74",="06/17/91",="06/17/91","No",="06/17/91",,,,,"Regular","YES"
"500130#","GUILFORD, TOWN OF","WINDHAM COUNTY",="07/19/74",="06/03/86",="09/28/07(M)","No",="06/03/86",,,,,"Regular","YES"
"500281#","HALIFAX, TOWN OF","WINDHAM COUNTY",="01/31/75",="09/04/85",="09/28/07(M)","No",="09/04/85",,,,,"Regular","YES"
"500005#","HANCOCK, TOWN OF","ADDISON COUNTY",="09/20/74",="09/27/85",="08/19/91","No",="09/27/85",,,,,"Regular","YES"
"500027#","HARDWICK, TOWN AND VILLAGE OF","CALEDONIA COUNTY",="06/28/74",="06/15/84",="07/17/02","No",="06/15/84",,,,,"Regular","YES"
,"INCLUDES THE VILLAGE OF HARDWICK",,,,,"No",,,,,,,"YES"
"500148#","HARTFORD, TOWN OF","WINDSOR COUNTY","11/22/74",="07/02/79",="09/28/07","No",="07/02/79",,,,,"Regular","YES"
"500149#","HARTLAND, TOWN OF","WINDSOR COUNTY","12/24/76",="06/15/88",="09/28/07","No",="06/03/93",,,,,"Regular","YES"
"500055#","HIGHGATE, TOWN OF","FRANKLIN COUNTY",="05/31/74",="04/04/83",="04/04/83","No",="04/04/83",,,,,"Regular","YES"
"500322#","HINESBURG, TOWN OF","CHITTENDEN COUNTY",="01/31/75",="09/27/85",="08/04/14","No",="09/27/85",,,,,"Regular","YES"
"500313#","HUBBARDTON, TOWN OF","RUTLAND COUNTY","12/13/74","12/01/90",="08/28/08(M)","No","12/01/90",,,,,"Regular","YES"
"500036#","HUNTINGTON, TOWN OF","CHITTENDEN COUNTY",="07/26/74",="07/17/78",="08/04/14","No",="07/17/78",,,,,"Regular","YES"
"500230#","HYDE PARK, TOWN OF","LAMOILLE COUNTY","12/06/74","11/04/81","11/04/81","No","11/04/81",,,,,"Regular","YES"
"500231#","HYDE PARK, VILLAGE OF","LAMOILLE COUNTY",="08/30/74","12/15/81","12/15/81","No","12/15/81",,,,,"Regular","YES"
"500260#","IRA, TOWN OF","RUTLAND COUNTY","12/06/74",="09/18/85",="08/28/08(M)","No",="09/18/85",,,,,"Regular","YES"
"500224#","ISLE LA MOTTE, TOWN OF","GRAND ISLE COUNTY","11/01/74",="04/15/80",="04/15/80(M)","No",="04/15/80",,,,,"Regular","YES"
"500131#","JAMAICA, TOWN OF","WINDHAM COUNTY",="06/28/74",="05/05/81",="09/28/07","No",="05/05/81",,,,,"Regular","YES"
"500253#","JAY, TOWN OF","ORLEANS COUNTY",="09/13/74",="08/23/00",="08/23/00","No",="08/23/00",,,,,"Regular","YES"
"500062#","JEFFERSONVILLE, VILLAGE OF","LAMOILLE COUNTY",="08/09/74",="06/15/83",="06/15/83","No",="06/15/83",,,,,"Regular","YES"
"500037#","JERICHO, TOWN OF","CHITTENDEN COUNTY",="06/14/74",="06/01/81",="08/04/14","No",="06/01/81",,,,,"Regular","YES"
"500063#","JOHNSON, TOWN OF","LAMOILLE COUNTY",="06/21/74",="02/01/79",="04/17/87","No",="02/01/79",,,,,"Regular","YES"
"500232#","JOHNSON, VILLAGE OF","LAMOILLE COUNTY",="04/05/74",="02/01/79",="04/03/87","No",="02/01/79",,,,,"Regular","YES"
"500188","KIRBY, TOWN OF","CALEDONIA COUNTY","12/13/74",="03/01/18",="03/01/18(L)","No",="03/01/18",,,,,"Regular","YES"
"500178A","LANDGROVE, TOWN OF","BENNINGTON COUNTY",="01/03/75",="09/18/85","12/02/15(M)","No",="09/18/85",,,,,"Regular","YES"
"500006","LEICESTER, TOWN OF","ADDISON COUNTY",="06/28/74","11/01/85","11/01/85(M)","No","11/01/85",,,,,"Regular","YES"
"500212#","LEMINGTON, TOWN OF","ESSEX COUNTY","12/13/73",="06/03/91",="06/03/91","No",="06/03/91",,,,,"Regular","YES"
"500316","LEWIS, TOWN OF","ESSEX COUNTY",,," ","No",="08/05/14(E)",,,,,"Emergency","YES"
"500007#","LINCOLN, TOWN OF","ADDISON COUNTY",="08/02/74",="08/19/86",="08/19/86","No",="08/19/86",,,,,"Regular","YES"
"500132#","LONDONDERRY, TOWN OF","WINDHAM COUNTY",="06/28/74",="04/01/92",="09/28/07","No",="04/01/92",,,,,"Regular","YES"
"500254","LOWELL, TOWN OF","ORLEANS COUNTY",="09/20/74","12/04/85","12/04/85(M)","No","12/04/85",,,,,"Regular","YES"
"500150#","LUDLOW, TOWN OF","WINDSOR COUNTY",="03/11/77",="09/01/78",="09/28/07","No",="09/01/78",,,,,"Regular","YES"
"500294#","LUDLOW, VILLAGE OF","WINDSOR COUNTY","11/15/74",="09/01/78",="09/28/07","No",="09/01/78",,,,,"Regular","YES"
"500028#","LYNDON, TOWN OF","CALEDONIA COUNTY",,="06/18/80",="05/17/88","No",="06/18/80",,,,,"Regular","YES"
,"INCLUDES THE VILLAGE OF LYNDONVILLE",,,,,"No",,,,,,,"YES"
"500015A","MANCHESTER, TOWN OF","BENNINGTON COUNTY",="08/02/74",="04/03/78","12/02/15","No",="04/03/78",,,,,"Regular","YES"
"500179A","MANCHESTER, VILLAGE OF","BENNINGTON COUNTY","10/13/74",="08/19/86","12/02/15","No",="08/19/86",,,,,"Regular","YES"
"500283#","MARLBORO, TOWN OF","WINDHAM COUNTY","12/27/74",="09/18/85",="09/28/07(M)","No",="09/18/85",,,,,"Regular","YES"
"500323#","MARSHFIELD, TOWN OF","WASHINGTON COUNTY",="09/20/74",="07/16/84",="03/19/13","No",="07/16/84",,,,,"Regular","YES"
"500113#","MARSHFIELD, VILLAGE OF","WASHINGTON COUNTY",="09/20/74",="07/16/84",="03/19/13","No",="07/16/84",,,,,"Regular","YES"
"500095#","MENDON, TOWN OF","RUTLAND COUNTY",="08/16/74",="09/18/85",="08/28/08(M)","No",="09/18/85",,,,,"Regular","YES"
"500008#","MIDDLEBURY, TOWN OF","ADDISON COUNTY",,="01/03/85",="01/03/85","No",="01/03/85",,,,,"Regular","YES"
"500114#","MIDDLESEX, TOWN OF","WASHINGTON COUNTY",="06/28/74",="05/03/82",="03/19/13","No",="05/03/82",,,,,"Regular","YES"
"500261#","MIDDLETOWN SPRINGS, TOWN OF","RUTLAND COUNTY","12/06/74",="09/18/85",="08/28/08(M)","No",="09/18/85",,,,,"Regular","YES"
"500038#","MILTON, TOWN OF","CHITTENDEN COUNTY",="07/26/74",="01/06/82",="07/18/11","No",="01/06/82",,,,,"Regular","YES"
,"INCLUDES THE VILLAGE OF MILTON",,,,,"No",,,,,,,"YES"
"500167#","MONKTON, TOWN OF","ADDISON COUNTY",="01/24/75","11/01/85","11/01/85(M)","No","11/01/85",,,,,"Regular","YES"
"500056#","MONTGOMERY, TOWN OF","FRANKLIN COUNTY",="06/21/74","12/02/80",="07/05/01","No","12/02/80",,,,,"Regular","YES"
"505518#","MONTPELIER, CITY OF","WASHINGTON COUNTY",,="06/22/73",="03/19/13","No",="06/22/73","10/01/98",="05/01/20","8 ","10%","Regular","YES"
"500116#","MORETOWN, TOWN OF","WASHINGTON COUNTY",="05/31/74",="09/29/78",="03/19/13","No",="09/29/78",,,,,"Regular","YES"
"500064#","MORRISTOWN,TOWN OF","LAMOILLE COUNTY",="05/31/74",="01/03/79",="07/02/87","No",="01/03/79",,,,,"Regular","YES"
"500065#","MORRISVILLE, VILLAGE OF","LAMOILLE COUNTY",="02/01/74",="05/15/78",="07/02/87","No",="05/15/78",,,,,"Regular","YES"
"500096#","MT. HOLLY, TOWN OF","RUTLAND COUNTY",="06/28/74",="09/18/85",="08/28/08(M)","No",="09/18/85",,,,,"Regular","YES"
"500009#","NEW HAVEN, TOWN OF","ADDISON COUNTY","10/25/74",="04/03/78",="09/04/86","No",="04/03/78",,,,,"Regular","YES"
"500237#","NEWBURY, TOWN OF","ORANGE COUNTY","10/25/74",="05/17/90",="07/21/99","No",="05/17/90",,,,,"Regular","YES"
,"INCLUDE THE VILLAGES OF NEWBURY (CID 500238) &amp; WELLS RIVER",,,,,"No",,,,,,,"YES"
"500133#","NEWFANE, TOWN AND VILLAGE OF","WINDHAM COUNTY",="06/28/74",="06/05/89",="09/28/07","No",="06/05/89",,,,,"Regular","YES"
"500086#","NEWPORT, CITY OF","ORLEANS COUNTY","12/13/77",="06/18/80",="06/18/80","No",="08/19/81",,,,,"Regular","YES"
"500256#","NEWPORT, TOWN OF","ORLEANS COUNTY","11/01/74",="09/18/85",="09/18/85(M)","No",="09/18/85",,,,,"Regular","YES"
"500180A","NORTH BENNINGTON, VILLAGE OF","BENNINGTON COUNTY",="02/21/75",="09/01/12","12/02/15","No",="09/01/12",,,,,"Regular","YES"
"500225#","NORTH HERO, TOWN OF","GRAND ISLE COUNTY",="01/10/75",="08/15/80",="08/15/80","No",="08/15/80",,,,,"Regular","YES"
"500087#","NORTH TROY, VILLAGE OF","ORLEANS COUNTY",="08/02/74",="07/16/80",="07/16/80","No",="07/16/80",,,,,"Regular","YES"
"500118#","NORTHFIELD, TOWN OF","WASHINGTON COUNTY",="05/31/74",="05/15/78",="03/19/13","No",="05/15/78",,,,,"Regular","YES"
,"The Town of Northfield includes the Village of Northfield as of July 1, 2014.  All policies should now be written using the Town&apos;s CID.",,,,,"No",,,,,,,"YES"
"500214","NORTON, TOWN OF","ESSEX COUNTY",="03/28/75",,="03/28/75","No",="04/13/15(E)",,,,,"Emergency","YES"
"500295#","NORWICH, TOWN OF","WINDSOR COUNTY","10/18/74",="06/15/88",="09/28/07","No",="06/15/88",,,,,"Regular","YES"
"500239","ORANGE, TOWN OF","ORANGE COUNTY",="01/31/75",="09/18/85",="09/18/85(M)","No",="09/18/85",,,,,"Regular","YES"
"500088#","ORLEANS, VILLAGE OF","ORLEANS COUNTY",="08/09/74",="03/15/78",="08/19/85","No",="03/15/78",,,,,"Regular","YES"
"500168","ORWELL, TOWN OF","ADDISON COUNTY","11/15/74",="09/18/85",="09/18/85(M)","No",="09/18/85",,,,,"Regular","YES"
"500169#","PANTON, TOWN OF","ADDISON COUNTY",="01/17/75",="09/18/86",="09/18/86","No",="09/18/86",,,,,"Regular","YES"
"500097#","PAWLET, TOWN OF","RUTLAND COUNTY",="06/28/74",="09/01/78",="08/28/08","No",="09/01/78",,,,,"Regular","YES"
"505524","PEACHAM, TOWN OF","CALEDONIA COUNTY",,," ","No","11/23/11(E)",,,,,"Emergency","YES"
"500181A","PERU, TOWN OF","BENNINGTON COUNTY",="01/10/75","12/02/15","12/02/15(M)","No","12/02/15",,,,,"Regular","YES"
,"The Town of Peru is mapped on Bennington County FIRM panels effective 12/02/2015.  The FIRM panels will be reflected in CIS soon.",,,,,"No",,,,,,,"YES"
"500263#","PITTSFIELD, TOWN OF","RUTLAND COUNTY","12/13/74",="09/04/91",="08/28/08","No",="09/04/90",,,,,"Regular","YES"
"500098#","PITTSFORD, TOWN OF","RUTLAND COUNTY",="06/14/74",="07/04/88",="08/28/08","No",="07/04/88",,,,,"Regular","YES"
"500275#","PLAINFIELD, TOWN OF","WASHINGTON COUNTY",="08/09/74",="08/01/83",="03/19/13","No",="08/01/83",,,,,"Regular","YES"
,"INCLUDES THE VILLAGE OF PLAINFIELD",,,,,"No",,,,,,,"YES"
"500151#","PLYMOUTH, TOWN OF","WINDSOR COUNTY",="01/10/75",="06/19/89",="09/28/07","No",="06/19/89",,,,,"Regular","YES"
"500297#","POMFRET, TOWN OF","WINDSOR COUNTY","11/01/74",="09/18/85",="09/28/07","No",="09/18/85",,,,,"Regular","YES"
"500099#","POULTNEY, TOWN OF","RUTLAND COUNTY",="06/28/74",="07/02/80",="08/28/08","No",="07/02/80",,,,,"Regular","YES"
"500266#","POULTNEY, VILLAGE OF","RUTLAND COUNTY","12/06/74",="07/02/80",="08/28/08","No",="07/02/80",,,,,"Regular","YES"
"500016A","POWNAL, TOWN OF","BENNINGTON COUNTY",="08/16/74",="04/01/80","12/02/15","No",="04/01/80",,,,,"Regular","YES"
"500265#","PROCTOR, TOWN OF","RUTLAND COUNTY",="05/31/74","12/01/78",="08/28/08","No","12/01/78",,,,,"Regular","YES"
"500134#","PUTNEY, TOWN OF","WINDHAM COUNTY",="06/21/74",="09/18/85",="09/28/07","No",="09/18/85",,,,,"Regular","YES"
"500073#","RANDOLPH, TOWN OF","ORANGE COUNTY",="06/28/74",="07/16/91",="07/16/91","No",="07/16/91",,,,,"Regular","YES"
,"INCLUDES THE VILLAGE OF RANDOLPH",,,,,"No",,,,,,,"YES"
"500152#","READING, TOWN OF","WINDSOR COUNTY",="09/13/74",="05/04/89",="09/28/07","No",="05/04/89",,,,,"Regular","YES"
"500017A","READSBORO, TOWN OF","BENNINGTON COUNTY",="05/31/74",="09/27/85","12/02/15(M)","No",="09/27/85",,,,,"Regular","YES"
,"Includes the Village of Readsboro (CID 500182).",,,,,"No",,,,,,,"YES"
"500218#","RICHFORD, TOWN OF","FRANKLIN COUNTY",="08/02/74","10/15/80","10/15/80","No","10/15/80",,,,,"Regular","YES"
"500040#","RICHMOND, TOWN OF","CHITTENDEN COUNTY",="03/22/74",="07/02/82",="08/04/14","No",="07/05/82",,,,,"Regular","YES"
,"INCLUDES THE VILLAGE OF RICHMOND",,,,,"No",,,,,,,"YES"
"500010","RIPTON, TOWN OF","ADDISON COUNTY",="01/17/75",="09/18/85",="09/18/85(M)","No",="09/18/85",,,,,"Regular","YES"
"500299#","ROCHESTER, TOWN OF","WINDSOR COUNTY","12/20/74",="08/05/91",="09/28/07","No",="08/05/91",,,,,"Regular","YES"
"500135#","ROCKINGHAM, TOWN OF","WINDHAM COUNTY",="06/21/74",="05/15/80",="09/28/07","No",="05/15/80",,,,,"Regular","YES"
,"INCLUDES THE VILLAGE CORPORATION OF SAXTON'S RIVER",,,,,"No",,,,,,,"YES"
"500276#","ROXBURY, TOWN OF","WASHINGTON COUNTY","12/13/74",="01/17/86",="03/19/13","No",="01/17/86",,,,,"Regular","YES"
"500153#","ROYALTON, TOWN OF","WINDSOR COUNTY",="07/19/74",="01/16/81",="09/28/07","No",="01/16/81",,,,,"Regular","YES"
"500018A","RUPERT, TOWN OF","BENNINGTON COUNTY",="08/09/74",="09/18/85","12/02/15(M)","No",="09/18/85",,,,,"Regular","YES"
"500101#","RUTLAND, CITY OF","RUTLAND COUNTY",="03/15/74",="04/17/78",="08/28/08","No",="04/17/78",,,,,"Regular","YES"
"500267#","RUTLAND, TOWN OF","RUTLAND COUNTY",="02/07/75",="09/29/78",="08/28/08(M)","No",="09/29/78",,,,,"Regular","YES"
"500030#","RYEGATE, TOWN OF","CALEDONIA COUNTY",="08/02/75",="06/17/91",="06/17/91","No",="06/17/91",,,,,"Regular","YES"
"500170#","SALISBURY, TOWN OF","ADDISON COUNTY","12/20/74","11/01/85","11/01/85(M)","No","11/01/85",,,,,"Regular","YES"
"500183A","SANDGATE, TOWN OF","BENNINGTON COUNTY",="01/31/75","12/02/15","12/02/15(M)","No","12/02/15",,,,,"Regular","YES"
,"The Town of Sandgate is mapped on Bennington County FIRM panels effective 12/02/2015.  The FIRM panels will be linked in CIS soon.",,,,,"No",,,,,,,"YES"
"500019A","SHAFTSBURY, TOWN OF","BENNINGTON COUNTY",="06/28/74",="09/18/85","12/02/15","No",="09/18/85",,,,,"Regular","YES"
"500300#","SHARON, TOWN OF","WINDSOR COUNTY",="02/04/77",="09/28/07",="09/28/07(M)","No",="09/28/07",,,,,"Regular","YES"
"500193#","SHELBURNE, TOWN OF","CHITTENDEN COUNTY","12/13/74","12/16/80",="07/18/11","No","12/16/80",,,,,"Regular","YES"
"500059#","SHELDON, TOWN OF","FRANKLIN COUNTY",="04/12/74",="04/01/81",="04/01/81","No",="04/01/81",,,,,"Regular","YES"
"500171#","SHOREHAM, TOWN OF","ADDISON COUNTY",="02/07/75",="08/01/79",="07/25/80","No",="08/01/79",,,,,"Regular","YES"
"500102#","SHREWSBURY, TOWN OF","RUTLAND COUNTY",="06/28/74",="09/01/78",="08/28/08","No",="09/01/78",,,,,"Regular","YES"
"500195#","SOUTH BURLINGTON, CITY OF","CHITTENDEN COUNTY","11/01/74",="03/16/81",="07/18/11","No",="03/16/81",,,,,"Regular","YES"
"500226#","SOUTH HERO, TOWN OF","GRAND ISLE COUNTY","10/18/74",="06/15/78",="06/15/78","No",="06/15/78",,,,,"Regular","YES"
"500154#","SPRINGFIELD, TOWN OF","WINDSOR COUNTY",="02/22/74","12/04/79",="09/28/07","No","12/04/79",,,,,"Regular","YES"
"500219#","ST ALBANS, TOWN OF","FRANKLIN COUNTY",="01/10/75",="06/15/88",="06/15/88","No",="06/15/88",,,,,"Regular","YES"
"500058#","ST. ALBANS, CITY OF","FRANKLIN COUNTY",="05/17/74",="06/15/78",="06/15/78","No",="06/15/78",,,,,"Regular","YES"
"500320#","ST. GEORGE, TOWN OF","CHITTENDEN COUNTY",="04/11/75",="09/27/85",="08/04/14(M)","No",="09/27/85",,,,,"Regular","YES"
"500031#","ST. JOHNSBURY, TOWN OF","CALEDONIA COUNTY",="08/02/74",="07/03/86",="07/03/86","No",="07/03/86",,,,,"Regular","YES"
"500020A","STAMFORD, TOWN OF","BENNINGTON COUNTY",="05/31/74",="07/03/78","12/02/15","No",="07/03/78",,,,,"Regular","YES"
"500197","STANNARD, TOWN OF","CALEDONIA COUNTY",,,"(NSFHA)","No",="02/08/85",,,,,"Regular","YES"
"500172","STARKSBORO, TOWN OF","ADDISON COUNTY",="01/31/75","12/04/85","12/04/85(M)","No","12/04/85",,,,,"Regular","YES"
"500155#","STOCKBRIDGE, TOWN OF","WINDSOR COUNTY","11/01/74",="09/04/86",="09/28/07","No",="09/04/86",,,,,"Regular","YES"
"500066#","STOWE, TOWN OF","LAMOILLE COUNTY",="07/21/74",="07/02/80",="08/04/05","No",="07/02/80",,,,,"Regular","YES"
"500240#","STRAFFORD, TOWN OF","ORANGE COUNTY",="03/28/75",="09/27/85",="02/03/93","No",="09/27/85",,,,,"Regular","YES"
"500321#","STRATTON, TOWN OF","WINDHAM COUNTY",="01/31/75",="09/28/07",="09/28/07","No",="08/21/08",,,,,"Regular","YES"
"500269#","SUDBURY, TOWN OF","RUTLAND COUNTY",="01/24/75",="08/28/08",="08/28/08(M)","No",="09/28/10",,,,,"Regular","YES"
"500021A","SUNDERLAND, TOWN OF","BENNINGTON COUNTY",="02/01/74","11/01/85","12/02/15","No","11/01/85",,,,,"Regular","YES"
"500198","SUTTON, TOWN OF","CALEDONIA COUNTY","12/13/74",="08/01/17",="08/01/17(L)","No",="08/01/17",,,,,"Regular","YES"
"500220#","SWANTON, TOWN OF","FRANKLIN COUNTY",="02/28/75",="04/18/83",="04/18/83","No",="04/18/83",,,,,"Regular","YES"
"500060#","SWANTON, VILLAGE OF","FRANKLIN COUNTY",="03/22/74",="03/16/83",="03/16/83","No",="03/16/83",,,,,"Regular","YES"
"500075#","THETFORD, TOWN OF","ORANGE COUNTY",="08/16/74",="06/03/91","12/20/99","No",="06/03/91",,,,,"Regular","YES"
"500270#","TINMOUTH, TOWN OF","RUTLAND COUNTY","12/06/74",="08/28/08",="08/28/08(M)","No",="01/23/23",,,,,"Regular","YES"
"500241#","TOPSHAM, TOWN OF","ORANGE COUNTY","10/29/76",="09/18/85",="09/27/91","No",="09/18/85",,,,,"Regular","YES"
"500136#","TOWNSHEND, TOWN OF","WINDHAM COUNTY",="08/02/74",="09/18/85",="09/28/07(M)","No",="09/18/85",,,,,"Regular","YES"
,"INCLUDES THE VILLAGE OF TOWNSHEND.",,,,,"No",,,,,,,"YES"
"500089#","TROY, TOWN OF","ORLEANS COUNTY",="07/26/74","12/02/80","12/02/80","No","12/02/80",,,,,"Regular","YES"
"500076","TUNBRIDGE, TOWN OF","ORANGE COUNTY",="05/31/74",="09/18/85",="09/18/85(M)","No",="09/18/85",,,,,"Regular","YES"
"500042#","UNDERHILL, TOWN OF","CHITTENDEN COUNTY",="05/31/74",="06/15/88",="07/18/11","No",="06/15/88",,,,,"Regular","YES"
"500011#","VERGENNES, CITY OF","ADDISON COUNTY",="06/28/74",="09/18/86",="09/18/86","No",="09/18/86",,,,,"Regular","YES"
"500137#","VERNON, TOWN OF","WINDHAM COUNTY",="06/28/74",="09/27/91",="09/28/07","No",="09/27/91",,,,,"Regular","YES"
"500242","VERSHIRE, TOWN OF","ORANGE COUNTY",="01/17/75",="04/01/12",="04/01/12(L)","No",="04/01/12",,,,,"Regular","YES"
"500120#","WAITSFIELD, TOWN OF","WASHINGTON COUNTY",="06/28/74",="06/01/78",="03/19/13","No",="06/01/78",,,,,"Regular","YES"
"500103#","WALLINGFORD, TOWN OF","RUTLAND COUNTY",="05/31/74",="01/16/81",="08/28/08","No",="01/16/81",,,,,"Regular","YES"
"500138#","WARDSBORO, TOWN OF","WINDHAM COUNTY","12/27/74",="07/16/80",="09/28/07","No",="07/16/80",,,,,"Regular","YES"
"500166","WARNERS GRANT, TOWN OF","ESSEX COUNTY",,," ","No",="08/05/14(E)",,,,,"Emergency","YES"
"500121#","WARREN, TOWN OF","WASHINGTON COUNTY",="06/28/74",="09/01/77",="03/19/13","No",="09/01/77",,,,,"Regular","YES"
"500124","WARRENS GORE, TOWN OF ","ESSEX COUNTY",,," ","No",="08/05/14(E)",,,,,"Emergency","YES"
"500077","WASHINGTON, TOWN OF","ORANGE COUNTY",="06/28/74",,="02/20/76","No",="08/28/98(E)",,,,,"Emergency","YES"
"500123#","WATERBURY, TOWN OF","WASHINGTON COUNTY",="06/28/74",="04/15/82",="03/19/13","No",="04/15/82","10/01/16",="04/01/21","8 ","10%","Regular","YES"
"500200","WATERFORD, TOWN OF","CALEDONIA COUNTY",="07/26/74","11/15/85","11/15/85(M)","No","11/15/85",,,,,"Regular","YES"
"500156#","WEATHERSFIELD, TOWN OF","WINDSOR COUNTY",="06/14/74",="09/18/85",="09/28/07","No",="09/18/85",,,,,"Regular","YES"
"500271#","WELLS, TOWN OF","RUTLAND COUNTY",="01/10/75",="06/15/88",="08/28/08","No",="06/15/88",,,,,"Regular","YES"
"500079#","WEST FAIRLEE, TOWN OF","ORANGE COUNTY",="02/28/75","11/15/85","12/02/92","No","11/15/85",,,,,"Regular","YES"
"500272#","WEST HAVEN, TOWN OF","RUTLAND COUNTY",="01/03/75",="08/28/08",="08/28/08(M)","No",="05/22/09",,,,,"Regular","YES"
"500104#","WEST RUTLAND, TOWN OF","RUTLAND COUNTY",="07/26/74",="09/01/89",="08/28/08","No",="09/01/89",,,,,"Regular","YES"
"500301#","WEST WINDSOR, TOWN OF","WINDSOR COUNTY",="02/28/75",="06/17/91",="09/28/07","No",="06/17/91",,,,,"Regular","YES"
"500257","WESTFIELD, TOWN OF","ORLEANS COUNTY","12/24/76",="04/01/98",="04/01/98(L)","No",="04/01/98",,,,,"Regular","YES"
"500203#","WESTFORD, TOWN OF","CHITTENDEN COUNTY",="01/03/75",="07/18/11",="07/18/11","No",="01/01/10",,,,,"Regular","YES"
"500139#","WESTMINSTER, TOWN OF","WINDHAM COUNTY",="08/16/74",="01/03/85",="09/28/07","No",="01/03/85",,,,,"Regular","YES"
,"INCLUDES THE VILLAGE OF WESTMINISTER",,,,,"No",,,,,,,"YES"
"500157#","WESTON, TOWN OF","WINDSOR COUNTY","12/20/74",="04/01/92",="09/28/07","No",="04/01/92",,,,,"Regular","YES"
"500174#","WEYBRIDGE, TOWN OF","ADDISON COUNTY",="01/17/75",="09/29/86",="09/29/86","No",="09/29/86",,,,,"Regular","YES"
"500141#","WHITINGHAM, TOWN OF","WINDHAM COUNTY",="08/09/74",="09/18/85",="09/28/07(M)","No",="09/18/85",,,,,"Regular","YES"
,"INCLUDES THE VILLAGE OF JACKSONVILLE",,,,,"No",,,,,,,"YES"
"500080#","WILLIAMSTOWN, TOWN OF","ORANGE COUNTY",="06/28/74",="07/17/78",="07/17/78","No",="07/17/78",,,,,"Regular","YES"
"500043#","WILLISTON, TOWN OF","CHITTENDEN COUNTY",="03/15/74",="03/02/81",="08/04/14","No",="03/02/81",,,,,"Regular","YES"
"500142#","WILMINGTON, TOWN OF","WINDHAM COUNTY",="05/31/74",="05/01/78",="09/28/07","No",="05/01/78",,,,,"Regular","YES"
"500290#","WINDHAM, TOWN OF","WINDHAM COUNTY",="09/06/77",="09/28/07",="09/28/07(M)","No","10/14/09",,,,,"Regular","YES"
"500159#","WINDSOR, TOWN OF","WINDSOR COUNTY",="08/16/74",="09/28/79",="09/28/07","No",="09/28/79",,,,,"Regular","YES"
"500022A","WINHALL, TOWN OF","BENNINGTON COUNTY",="09/20/74",="06/19/89","12/02/15","No",="06/19/89",,,,,"Regular","YES"
"500044#","WINOOSKI, CITY OF","CHITTENDEN COUNTY",="02/01/74",="08/01/78",="07/18/11","No",="08/01/78",,,,,"Regular","YES"
"500068#","WOLCOTT, TOWN OF","LAMOILLE COUNTY",="06/28/74",="08/02/82",="06/06/00","No",="08/02/82",,,,,"Regular","YES"
"500314#","WOODBURY, TOWN OF","WASHINGTON COUNTY",="01/17/75","11/01/85",="03/19/13","No","11/01/85",,,,,"Regular","YES"
"500023A","WOODFORD, TOWN OF","BENNINGTON COUNTY","11/15/74",="09/18/85","12/02/15(M)","No",="09/18/85",,,,,"Regular","YES"
"500160#","WOODSTOCK, TOWN OF","WINDSOR COUNTY",="08/09/74","12/15/78",="09/28/07","No","12/15/78",,,,,"Regular","YES"
"500161#","WOODSTOCK, VILLAGE OF","WINDSOR COUNTY",="09/13/74",="02/15/79",="09/28/07","No",="02/15/79",,,,,"Regular","YES"
"500278#","WORCESTER, TOWN OF","WASHINGTON COUNTY",="01/31/75",="04/03/78",="03/19/13","No",="04/03/78",,,,,"Regular","YES"
"500243#","ALBANY, TOWN OF","ORLEANS COUNTY",="01/10/75",="01/03/86",="01/03/86","No",="01/03/86(S)",,,,,"Regular","NO"
"500279#","ATHENS, TOWN OF","WINDHAM COUNTY","12/06/74",="09/28/07",="09/28/07","No","12/06/75",,,,,,"NO"
"500245","BROWNINGTON, TOWN OF","ORLEANS COUNTY","12/13/74",,"11/05/76","No","12/13/75",,,,,,"NO"
"500083","CHARLESTON, TOWN OF","ORLEANS COUNTY",="08/09/74",,"11/19/76","No",="08/09/75",,,,,,"NO"
"500209","EAST HAVEN, TOWN OF","ESSEX COUNTY","12/13/74",="09/27/85",="09/27/85","No","11/01/85(S)",,,,,"Regular","NO"
"500229","EDEN, TOWN OF","LAMOILLE COUNTY","12/06/74",,"12/06/74","No","12/06/75",,,,,,"NO"
"500252","IRASBURG, TOWN OF","ORLEANS COUNTY","12/20/74",,"10/22/76","No","12/20/75",,,,,,"NO"
"500048","LUNENBURG, TOWN OF","ESSEX COUNTY",="06/28/74",,="02/18/77","No",="06/28/75",,,,,,"NO"
"500213","MAIDSTONE, TOWN OF","ESSEX COUNTY","12/13/74",,"12/13/74","No","12/13/75",,,,,,"NO"
"500255","MORGAN, TOWN OF","ORLEANS COUNTY",="01/31/75",,="01/31/75","No",="01/31/76",,,,,,"NO"
"500262#","MT. TABOR, TOWN OF","RUTLAND COUNTY",="01/10/75",="02/04/81",="08/28/08","No",="01/10/76",,,,,,"NO"
"500190","NEWARK, TOWN OF","CALEDONIA COUNTY",="01/10/75",,="04/22/77","No",="01/10/76",,,,,,"NO"
"500184A","SEARSBURG, TOWN OF","BENNINGTON COUNTY","11/15/74","12/02/15","12/02/15","No","11/15/75",,,,,,"NO"
"500194","SHEFFIELD, TOWN OF","CALEDONIA COUNTY",="02/07/75",="09/27/85",="09/27/85","No","11/01/85(S)",,,,,"Regular","NO"
"500215","VICTORY, TOWN OF","ESSEX COUNTY","12/13/74",,"12/13/74","No","12/13/75",,,,,,"NO"
"500173#","WALTHAM, TOWN OF","ADDISON COUNTY",="02/07/75",="07/25/78",="08/05/86","No",="06/18/90(S)",,,,,"Regular","NO"
"500233","WATERVILLE, TOWN OF","LAMOILLE COUNTY","12/20/74",,="09/17/76","No","12/20/75",,,,,,"NO"
"500311","WESTMORE, TOWN OF","ORLEANS COUNTY",="01/03/75",,"10/01/76","No",="01/03/76",,,,,,"NO"
"500204","WHEELOCK, TOWN OF","CALEDONIA COUNTY","11/15/74",,"11/15/74","No","11/15/75",,,,,,"NO"
"500175#","WHITING, TOWN OF","ADDISON COUNTY",="09/20/74",="09/18/85",="09/18/85","No",="06/18/90(S)",,,,,"Regular","NO"